X1__sq,X2__sq,X3__sq,X4__sq,X5__sq,X6__sq,X7__sq,X8__sq,Y1__sq,PC1,PC2,PC3,PC4,Y2
0.9603999999999999,3.1851963141025657,0.3153782894736842,2.1583113544330774,0.9986979166666667,1.7976562500000002,0.0,3.2883955792682933,0.44846964552393864,-1.645234334252309,1.6935777533310203,1.7744338913755633,1.384912082986532,21.33
0.9603999999999999,3.1851963141025657,0.3153782894736842,2.1583113544330774,0.9986979166666667,0.19973958333333336,0.0,3.2883955792682933,0.44846964552393864,-1.6448115906667564,1.6960256219817098,1.7960850748641646,0.49133596488303805,21.33
0.9603999999999999,3.1851963141025657,0.3153782894736842,2.1583113544330774,0.9986979166666667,0.19973958333333336,0.0,3.2883955792682933,0.44846964552393864,-1.6443888470812038,1.6984734906323995,1.8177362583527656,-0.40224015322045603,21.33
0.9603999999999999,3.1851963141025657,0.3153782894736842,2.1583113544330774,0.9986979166666667,1.7976562500000002,0.0,3.2883955792682933,0.44846964552393864,-1.6439661034956512,1.700921359283089,1.839387441841367,-1.2958162713239503,21.33
0.81,1.5090599504662014,0.0,1.4349577738704176,0.9986979166666667,1.7976562500000002,0.0,3.2883955792682933,0.021143455728725946,-1.5954262762704294,0.8359871465280238,1.8162242044024797,1.3847226025257058,28.28
0.81,1.5090599504662014,0.0,1.4349577738704176,0.9986979166666667,0.19973958333333336,0.0,3.2883955792682933,0.007049644184094588,-1.6247302039126987,0.825718385770824,1.8350257694396568,0.4911604255886839,25.38
0.81,1.5090599504662014,0.0,1.4349577738704176,0.9986979166666667,0.19973958333333336,0.0,3.2883955792682933,0.02505625515766711,-1.5883477773902648,0.8435492738665407,1.8601240720227226,-0.4024325568290909,25.16
0.81,1.5090599504662014,0.0,1.4349577738704176,0.9986979166666667,1.7976562500000002,0.0,3.2883955792682933,0.0677929964629842,-1.538540402571395,0.8671231558884008,1.8865092990677217,-1.2960318352575306,29.6
0.7395999999999999,0.9030721882284389,0.3153782894736842,0.4296188991901106,0.9986979166666667,1.7976562500000002,0.0,3.2883955792682933,0.07740078567919144,-1.0329079544850681,1.1969550474674102,1.750235606313341,1.3850354744169802,27.3
0.7395999999999999,0.9030721882284389,0.3153782894736842,0.4296188991901106,0.9986979166666667,0.19973958333333336,0.0,3.2883955792682933,0.054574686131389424,-1.0540610206616443,1.1901731044510835,1.7698185183452633,0.49146947490205484,21.97
0.7395999999999999,0.9030721882284389,0.3153782894736842,0.4296188991901106,0.9986979166666667,0.19973958333333336,0.0,3.2883955792682933,0.08647535978087162,-1.0243910682874282,1.2051324955837284,1.7942733586973625,-0.40212035951038766,23.49
0.7395999999999999,0.9030721882284389,0.3153782894736842,0.4296188991901106,0.9986979166666667,1.7976562500000002,0.0,3.2883955792682933,0.15693176093099034,-0.9745836934685583,1.2287063776055884,1.8206585857423616,-1.2957196379388274,27.87
0.6723999999999999,0.4518047057109564,0.0,0.4296188991901106,0.9986979166666667,1.7976562500000002,0.0,3.2883955792682933,0.2714615553632983,-0.8792339830061777,0.6366523580436944,1.8296146743389234,1.384660429996587,23.77
0.6723999999999999,0.4518047057109564,0.0,0.4296188991901106,0.9986979166666667,0.19973958333333336,0.0,3.2883955792682933,0.2355564276401578,-0.8960718872303282,0.6317163773607708,1.8496112406621816,0.49109240676394766,21.46
0.6723999999999999,0.4518047057109564,0.0,0.4296188991901106,0.9986979166666667,0.19973958333333336,0.0,3.2883955792682933,0.2818870141396024,-0.8735938714434882,0.6435991646044104,1.8733766571953878,-0.4024940547856386,21.16
0.6723999999999999,0.4518047057109564,0.0,0.4296188991901106,0.9986979166666667,1.7976562500000002,0.0,3.2883955792682933,0.3932082222787223,-0.8266632712595691,0.6659424050706683,1.89948611471283,-1.296091984068936,24.93
0.6241000000000001,0.15525750291375323,0.3153782894736842,0.4296188991901106,0.9986979166666667,1.7976562500000002,0.0,3.2883955792682933,0.37911896568847187,-1.3934349601540807,-0.20866572736911723,1.8449909309632644,1.384598497616743,37.73
0.6241000000000001,0.15525750291375323,0.3153782894736842,0.4296188991901106,0.9986979166666667,0.19973958333333336,0.0,3.2883955792682933,0.5662452424366756,-1.45917803317239,-0.23452261449727768,1.8602994153180505,0.49105340985152557,31.27
0.6241000000000001,0.15525750291375323,0.3153782894736842,0.4296188991901106,0.9986979166666667,0.19973958333333336,0.0,3.2883955792682933,0.5266899249792694,-1.4458098037295601,-0.22653685884637845,1.8831915616806592,-0.4025287794051096,30.93
0.6241000000000001,0.15525750291375323,0.3153782894736842,0.4296188991901106,0.9986979166666667,1.7976562500000002,0.0,3.2883955792682933,0.40770875840721854,-1.4031943654980665,-0.20603958071352374,1.9088873649067652,-1.296124684970693,39.44
0.5776,0.013430579836829935,5.046052631578947,1.4349577738704176,0.9986979166666667,1.7976562500000002,0.0,3.2883955792682933,0.05957445145130102,-1.6399587859559255,-1.6858485306525868,2.070586654266186,1.3835313749592293,29.79
0.5776,0.013430579836829935,5.046052631578947,1.4349577738704176,0.9986979166666667,0.19973958333333336,0.0,3.2883955792682933,0.02586619909769915,-1.5992611974810658,-1.666171680223467,2.0960986111405875,0.4899363688237409,29.68
0.5776,0.013430579836829935,5.046052631578947,1.4349577738704176,0.9986979166666667,0.19973958333333336,0.0,3.2883955792682933,0.05957445145130102,-1.6391132987848203,-1.6809527933512076,2.1138890212433883,-0.4036208612477587,29.79
0.5776,0.013430579836829935,5.046052631578947,1.4349577738704176,0.9986979166666667,1.7976562500000002,0.0,3.2883955792682933,0.02586619909769915,-1.5984157103099605,-1.6612759429220878,2.13940097811779,-1.2972158673832472,29.4
0.5476,0.02632393648018634,2.8384046052631575,0.9445485667092929,0.9986979166666667,1.7976562500000002,0.0,3.2883955792682933,2.589537106254548,2.1740629170887327,1.8088476703365348,1.605673395485489,1.3857221730690736,10.9
0.5476,0.02632393648018634,2.8384046052631575,0.9445485667092929,0.9986979166666667,0.19973958333333336,0.0,3.2883955792682933,2.5959203069843975,2.1754445855526017,1.8117057528390919,1.6274165021499425,0.49214560525053225,11.19
0.5476,0.02632393648018634,2.8384046052631575,0.9445485667092929,0.9986979166666667,0.19973958333333336,0.0,3.2883955792682933,2.608710281253831,2.1777851788947884,1.8149740491935162,1.6492515319902483,-0.40143141228305684,10.94
0.5476,0.02632393648018634,2.8384046052631575,0.9445485667092929,0.9986979166666667,1.7976562500000002,0.0,3.2883955792682933,2.5991148539505393,2.1767695351628658,1.8168065970664047,1.670764830715071,-1.2950068558139796,11.17
0.5041,0.19393757284382246,1.2615131578947367,0.9445485667092929,0.9986979166666667,1.7976562500000002,0.0,3.2883955792682933,2.494732007696107,2.1954214844807836,1.1926340211916617,1.6723887458233886,1.3854090748352084,11.27
0.5041,0.19393757284382246,1.2615131578947367,0.9445485667092929,0.9986979166666667,0.19973958333333336,0.0,3.2883955792682933,2.48534873568041,2.194405840748861,1.1944665690645502,1.6939020445482111,0.4918336313042858,11.72
0.5041,0.19393757284382246,1.2615131578947367,0.9445485667092929,0.9986979166666667,0.19973958333333336,0.0,3.2883955792682933,2.495984446424085,2.196458756627552,1.1976118012634143,1.7157094974357614,-0.401743251314789,11.29
0.5041,0.19393757284382246,1.2615131578947367,0.9445485667092929,0.9986979166666667,1.7976562500000002,0.0,3.2883955792682933,2.48534873568041,2.195251327919966,1.199362306365929,1.7372044115254135,-1.2953186049027023,11.67
0.4760999999999999,0.5162714889277383,0.3153782894736842,0.9445485667092929,0.9986979166666667,1.7976562500000002,0.0,3.2883955792682933,2.3467212083208975,2.207686494649709,0.5732218922905907,1.738252506570637,1.3851001344042697,11.74
0.4760999999999999,0.5162714889277383,0.3153782894736842,0.9445485667092929,0.9986979166666667,0.19973958333333336,0.0,3.2883955792682933,2.3649750437406056,2.210986012870212,0.5769004024968823,1.7601794595867954,0.49152266715563325,12.05
0.4760999999999999,0.5162714889277383,0.3153782894736842,0.9445485667092929,0.9986979166666667,0.19973958333333336,0.0,3.2883955792682933,2.3710753707536636,2.2123676813340816,0.5797584849994393,1.7819225662512488,-0.4020539006629083,11.73
0.4760999999999999,0.5162714889277383,0.3153782894736842,0.9445485667092929,0.9986979166666667,1.7976562500000002,0.0,3.2883955792682933,2.358882574330792,2.2108725751630005,0.581385925946394,1.8033899033881453,-1.2956291193363074,11.93
0.43560000000000004,0.9933256847319338,0.0,0.9445485667092929,0.9986979166666667,1.7976562500000002,0.0,3.2883955792682933,2.2475892054344158,2.2276066747242846,-0.04360707763208372,1.804829972144758,1.3847877107429758,12.4
0.43560000000000004,0.9933256847319338,0.0,0.9445485667092929,0.9986979166666667,0.19973958333333336,0.0,3.2883955792682933,2.2714247660530633,2.2318651178231046,-0.0395183535739247,1.8268488483367686,0.4912097937792918,12.23
0.43560000000000004,0.9933256847319338,0.0,0.9445485667092929,0.9986979166666667,0.19973958333333336,0.0,3.2883955792682933,2.2714247660530633,2.232287861408657,-0.03707048492323523,1.84850003182537,-0.4023663243242023,12.4
0.43560000000000004,0.9933256847319338,0.0,0.9445485667092929,0.9986979166666667,1.7976562500000002,0.0,3.2883955792682933,2.2714247660530633,2.23271060499421,-0.034622616272545766,1.870151215313971,-1.2959424424276964,12.14
0.4096,1.6251001602564088,0.3153782894736842,0.9445485667092929,0.9986979166666667,1.7976562500000002,0.0,3.2883955792682933,1.289308192864705,2.086923166801674,-0.7284483159060038,1.8560319863435506,1.384550499862111,16.78
0.4096,1.6251001602564088,0.3153782894736842,0.9445485667092929,0.9986979166666667,0.19973958333333336,0.0,3.2883955792682933,1.3600223111237295,2.102209246001138,-0.7196421325513698,1.8791079790578638,0.49096741117538095,16.8
0.4096,1.6251001602564088,0.3153782894736842,0.9445485667092929,0.9986979166666667,0.19973958333333336,0.0,3.2883955792682933,1.3073762727020946,2.0916043534860465,-0.7219117231971551,1.8997020460241625,-0.40260353520506703,16.75
0.4096,1.6251001602564088,0.3153782894736842,0.9445485667092929,0.9986979166666667,1.7976562500000002,0.0,3.2883955792682933,1.3554031423222068,2.102095808293926,-0.7151566091018581,1.9223184228592138,-1.2961843753165596,16.67
0.3844,2.411594915501164,1.2615131578947367,0.9445485667092929,0.9986979166666667,1.7976562500000002,0.0,3.2883955792682933,1.845428873091162,2.230081422860848,-1.291866254027176,1.9344432605946502,1.3841801733271901,12.07
0.3844,2.411594915501164,1.2615131578947367,0.9445485667092929,0.9986979166666667,0.19973958333333336,0.0,3.2883955792682933,1.8751667874883158,2.235778253277143,-1.2871622091912158,1.9566000215504393,0.4906015817909351,12.22
0.3844,2.411594915501164,1.2615131578947367,0.9445485667092929,0.9986979166666667,0.19973958333333336,0.0,3.2883955792682933,1.8860395065661588,2.2381188466193294,-1.2838939128367912,1.9784350513907454,-0.402975435742654,12.08
0.3844,2.411594915501164,1.2615131578947367,0.9445485667092929,0.9986979166666667,1.7976562500000002,0.0,3.2883955792682933,1.8724535187208833,2.23614427800909,-1.2824715788157703,1.9998564269397154,-1.2965504295585295,12.04
0.9603999999999999,3.1851963141025657,0.3153782894736842,2.1583113544330774,0.9986979166666667,1.7976562500000002,0.010000000000000002,1.365699102303523,0.05073694829906436,-2.0890141945271177,1.447068166801167,1.0909958818772503,1.3692519705947825,26.47
0.9603999999999999,3.1851963141025657,0.3153782894736842,2.1583113544330774,0.9986979166666667,0.19973958333333336,0.010000000000000002,1.365699102303523,0.05299385299495024,-2.090988763137357,1.4484905008221878,1.1124172574262203,0.4756769767789073,26.37
0.9603999999999999,3.1851963141025657,0.3153782894736842,2.1583113544330774,0.9986979166666667,0.19973958333333336,0.010000000000000002,1.365699102303523,0.05299385299495024,-2.0905660195518045,1.4509383694728775,1.1340684409148216,-0.4178991413245868,26.44
0.9603999999999999,3.1851963141025657,0.3153782894736842,2.1583113544330774,0.9986979166666667,1.7976562500000002,0.010000000000000002,1.365699102303523,0.05118440043661948,-2.0882254262096183,1.4542066658273018,1.1559034707551274,-1.311476158858176,26.29
0.81,1.5090599504662014,0.0,1.4349577738704176,0.9986979166666667,1.7976562500000002,0.010000000000000002,1.365699102303523,0.4439163056352212,-1.998931291655931,0.6067065417766009,1.136646968289967,1.3690436021019619,32.92
0.81,1.5090599504662014,0.0,1.4349577738704176,0.9986979166666667,0.19973958333333336,0.010000000000000002,1.365699102303523,0.5617794887344328,-2.0387833929596857,0.5919254286488599,1.1544373783927677,0.47548637203046235,29.87
0.81,1.5090599504662014,0.0,1.4349577738704176,0.9986979166666667,0.19973958333333336,0.010000000000000002,1.365699102303523,0.45856206316305065,-2.003359891315568,0.6093461028927092,1.179443757799981,-0.418106160672265,29.58
0.81,1.5090599504662014,0.0,1.4349577738704176,0.9986979166666667,1.7976562500000002,0.010000000000000002,1.365699102303523,0.3284559683999635,-1.9525935916183816,0.6333301987664367,1.2059209080208326,-1.3117058888157522,34.33
0.7395999999999999,0.9030721882284389,0.3153782894736842,0.4296188991901106,0.9986979166666667,1.7976562500000002,0.010000000000000002,1.365699102303523,0.1550224293342344,-1.3688087659492325,0.9965945192726385,1.0771389540984215,1.3693247690823884,30.89
0.7395999999999999,0.9030721882284389,0.3153782894736842,0.4296188991901106,0.9986979166666667,0.19973958333333336,0.010000000000000002,1.365699102303523,0.20808712147059663,-1.3985921560306602,0.9861206515895052,1.0958945575476726,0.47576281700289047,25.6
0.7395999999999999,0.9030721882284389,0.3153782894736842,0.4296188991901106,0.9986979166666667,0.19973958333333336,0.010000000000000002,1.365699102303523,0.16212575024234258,-1.372278440730553,0.9996442942406142,1.1200276667842881,-0.4178254434068858,27.03
0.7395999999999999,0.9030721882284389,0.3153782894736842,0.4296188991901106,0.9986979166666667,1.7976562500000002,0.010000000000000002,1.365699102303523,0.08621963009309935,-1.3191148288375742,1.0246539247440103,1.1467346249447707,-1.3114262958379916,31.73
0.6723999999999999,0.4518047057109564,0.0,0.4296188991901106,0.9986979166666667,1.7976562500000002,0.010000000000000002,1.365699102303523,0.014686364369305958,-1.2007509212955896,0.4424450376269334,1.1578968697617897,1.3689429789362828,27.31
0.6723999999999999,0.4518047057109564,0.0,0.4296188991901106,0.9986979166666667,0.19973958333333336,0.010000000000000002,1.365699102303523,0.029152257982561335,-1.2243012996679579,0.4346375599809381,1.1772499738540814,0.47537810370897604,24.91
0.6723999999999999,0.4518047057109564,0.0,0.4296188991901106,0.9986979166666667,0.19973958333333336,0.010000000000000002,1.365699102303523,0.014927554421700162,-1.2003848965636426,0.4471356680023787,1.2011532751510658,-0.41820903241318147,24.61
0.6723999999999999,0.4518047057109564,0.0,0.4296188991901106,0.9986979166666667,1.7976562500000002,0.010000000000000002,1.365699102303523,0.0007309770902642159,-1.1539337588188816,0.46927380154270304,1.227216771080582,-1.311806736838955,28.51
0.6241000000000001,0.15525750291375323,0.3153782894736842,0.4296188991901106,0.9986979166666667,1.7976562500000002,0.010000000000000002,1.365699102303523,1.7251056769950188,-1.7418017950363642,-0.4143590356381652,1.1706992774622638,1.3688936385777686,41.68
0.6241000000000001,0.15525750291375323,0.3153782894736842,0.4296188991901106,0.9986979166666667,0.19973958333333336,0.010000000000000002,1.365699102303523,2.1551361023833087,-1.8161751919595248,-0.44390784743313205,1.1851804532343786,0.4753525982479786,35.28
0.6241000000000001,0.15525750291375323,0.3153782894736842,0.4296188991901106,0.9986979166666667,0.19973958333333336,0.010000000000000002,1.365699102303523,2.0915952591869007,-1.805204274712487,-0.4369476264119013,1.2078427916573562,-0.4182284667210379,34.43
0.6241000000000001,0.15525750291375323,0.3153782894736842,0.4296188991901106,0.9986979166666667,1.7976562500000002,0.010000000000000002,1.365699102303523,1.825452491432754,-1.758753136967726,-0.41480949287157703,1.2339062875868718,-1.3118261711468113,43.33
0.5776,0.013430579836829935,5.046052631578947,1.4349577738704176,0.9986979166666667,1.7976562500000002,0.010000000000000002,1.365699102303523,1.114623097209738,-2.043463801341427,-1.9151291354040099,1.391009418153673,1.3678523745354854,33.87
0.5776,0.013430579836829935,5.046052631578947,1.4349577738704176,0.9986979166666667,0.19973958333333336,0.010000000000000002,1.365699102303523,0.9457719266587737,-2.002766212866567,-1.89545228497489,1.4165213750280747,0.474257368399997,34.07
0.5776,0.013430579836829935,5.046052631578947,1.4349577738704176,0.9986979166666667,0.19973958333333336,0.010000000000000002,1.365699102303523,1.1104417503777315,-2.041659389292005,-1.9098231842507634,1.4344037083067278,-0.4193003113865501,34.14
0.5776,0.013430579836829935,5.046052631578947,1.4349577738704176,0.9986979166666667,1.7976562500000002,0.010000000000000002,1.365699102303523,0.9632001382297894,-2.006235887647888,-1.8924025100069142,1.4594100877139413,-1.3128928440892775,33.67
0.5476,0.02632393648018634,2.8384046052631575,0.9445485667092929,0.9986979166666667,1.7976562500000002,0.010000000000000002,1.365699102303523,1.4019484224834184,1.9575482529750146,1.6595587666992533,0.9440211786641918,1.3699554782110699,13.43
0.5476,0.02632393648018634,2.8384046052631575,0.9445485667092929,0.9986979166666667,0.19973958333333336,0.010000000000000002,1.365699102303523,1.3855681941900913,1.9546147594864582,1.6605708868684068,0.9653506310373096,0.4763809341102421,13.71
0.5476,0.02632393648018634,2.8384046052631575,0.9445485667092929,0.9986979166666667,0.19973958333333336,0.010000000000000002,1.365699102303523,1.4019484224834184,1.9583937401461198,1.6644545040006324,0.9873235456413941,-0.4171967579959182,13.48
0.5476,0.02632393648018634,2.8384046052631575,0.9445485667092929,0.9986979166666667,1.7976562500000002,0.010000000000000002,1.365699102303523,1.3949165382385547,1.9573780964141971,1.6662870518735207,1.0088368443662168,-1.310772201526841,13.7
0.5041,0.19393757284382246,1.2615131578947367,0.9445485667092929,0.9986979166666667,1.7976562500000002,0.010000000000000002,1.365699102303523,1.3210098374142,1.9765095081712734,1.0423195829247118,1.0105067210624603,1.3696435042648234,13.8
0.5041,0.19393757284382246,1.2615131578947367,0.9445485667092929,0.9986979166666667,0.19973958333333336,0.010000000000000002,1.365699102303523,1.30058600975699,1.9726170898044002,1.042921489241998,1.0317442502597258,0.47606940987904317,14.28
0.5041,0.19393757284382246,1.2615131578947367,0.9445485667092929,0.9986979166666667,0.19973958333333336,0.010000000000000002,1.365699102303523,1.32328897360239,1.9778344577815372,1.0474204271520244,1.053855049627589,-0.41750895679968836,13.87
0.5041,0.19393757284382246,1.2615131578947367,0.9445485667092929,0.9986979166666667,1.7976562500000002,0.010000000000000002,1.365699102303523,1.3119129366695519,1.9758598891712975,1.0488427611730453,1.075276425176559,-1.3110839506155638,14.27
0.4760999999999999,0.5162714889277383,0.3153782894736842,0.9445485667092929,0.9986979166666667,1.7976562500000002,0.010000000000000002,1.365699102303523,1.2314551985516773,1.9926102178534664,0.4245483094311102,1.0767381745131186,1.3693327649736946,14.28
0.4760999999999999,0.5162714889277383,0.3153782894736842,0.9445485667092929,0.9986979166666667,0.19973958333333336,0.010000000000000002,1.365699102303523,1.227059971442615,1.992074036560702,0.4265859642299323,1.0982974348258672,0.4757570965852482,14.61
0.4760999999999999,0.5162714889277383,0.3153782894736842,0.9445485667092929,0.9986979166666667,0.19973958333333336,0.010000000000000002,1.365699102303523,1.2358582832639833,1.9944146299028884,0.4298542605843566,1.1201324646661732,-0.41781992094834086,14.3
0.4760999999999999,0.5162714889277383,0.3153782894736842,0.9445485667092929,0.9986979166666667,1.7976562500000002,0.010000000000000002,1.365699102303523,1.2204818637851054,1.9914811364143319,0.4308663807535102,1.141461917039291,-1.311394465049169,14.45
0.43560000000000004,0.9933256847319338,0.0,0.9445485667092929,0.9986979166666667,1.7976562500000002,0.010000000000000002,1.365699102303523,1.1092704242147438,2.00102329938824,-0.19720322671397286,1.1422125619770107,1.3690257378929704,13.9
0.43560000000000004,0.9933256847319338,0.0,0.9445485667092929,0.9986979166666667,0.19973958333333336,0.010000000000000002,1.365699102303523,1.1071837993060372,2.000966580534634,-0.19496046498921712,1.1638177838776855,0.47544984464700035,13.72
0.43560000000000004,0.9933256847319338,0.0,0.9445485667092929,0.9986979166666667,0.19973958333333336,0.010000000000000002,1.365699102303523,1.1050991387981421,2.0009098616810284,-0.19271770326446133,1.1854230057783608,-0.41812604859897,13.88
0.43560000000000004,0.9933256847319338,0.0,0.9445485667092929,0.9986979166666667,1.7976562500000002,0.010000000000000002,1.365699102303523,1.1071837993060372,2.0018120677057394,-0.1900647276878382,1.2071201508548879,-1.311702391559988,13.65
0.4096,1.6251001602564088,0.3153782894736842,0.9445485667092929,0.9986979166666667,1.7976562500000002,0.010000000000000002,1.365699102303523,0.4672455327366901,1.8574630168306787,-0.8832751065434953,1.193138806648246,1.3687898761572481,19.37
0.4096,1.6251001602564088,0.3153782894736842,0.9445485667092929,0.9986979166666667,0.19973958333333336,0.010000000000000002,1.365699102303523,0.4961312808538798,1.867954471638558,-0.8765199924481982,1.2157551834832974,0.47520903604575565,19.43
0.4096,1.6251001602564088,0.3153782894736842,0.9445485667092929,0.9986979166666667,0.19973958333333336,0.010000000000000002,1.365699102303523,0.46589162933050743,1.8578290415626255,-0.8785844761680499,1.2363952120375223,-0.41836213519221604,19.34
0.4096,1.6251001602564088,0.3153782894736842,0.9445485667092929,0.9986979166666667,1.7976562500000002,0.010000000000000002,1.365699102303523,0.4947361250306649,1.868320496370505,-0.8718293620727529,1.2590115888725737,-1.3119429753037086,19.32
0.3844,2.411594915501164,1.2615131578947367,0.9445485667092929,0.9986979166666667,1.7976562500000002,0.010000000000000002,1.365699102303523,0.8581490856925948,2.010210521673021,-1.4425909061459934,1.2724693126578694,1.3684150524718526,14.34
0.3844,2.411594915501164,1.2615131578947367,0.9445485667092929,0.9986979166666667,0.19973958333333336,0.010000000000000002,1.365699102303523,0.8563139040877037,2.0101538028194152,-1.4403481444212376,1.2940745345585445,0.47483915922588243,14.5
0.3844,2.411594915501164,1.2615131578947367,0.9445485667092929,0.9986979166666667,0.19973958333333336,0.010000000000000002,1.365699102303523,0.8636664169121351,2.0124943961616015,-1.4370798480668132,1.3159095643988505,-0.41873785830770666,14.33
0.3844,2.411594915501164,1.2615131578947367,0.9445485667092929,0.9986979166666667,1.7976562500000002,0.010000000000000002,1.365699102303523,0.8471674620754135,2.0086019777947284,-1.436477941749527,1.3371470935961158,-1.3123119526934872,14.27
0.9603999999999999,3.1851963141025657,0.3153782894736842,2.1583113544330774,0.9986979166666667,1.7976562500000002,0.010000000000000002,0.2744389397018971,0.038615350662776715,-2.0854432015745012,1.3925757557272267,0.45341079258510364,1.3534522106142821,25.95
0.9603999999999999,3.1851963141025657,0.3153782894736842,2.1583113544330774,0.9986979166666667,0.19973958333333336,0.010000000000000002,0.2744389397018971,0.03939828409165667,-2.0859793828672655,1.3946134105260486,0.4749700528978524,0.4598765422258357,25.63
0.9603999999999999,3.1851963141025657,0.3153782894736842,2.1583113544330774,0.9986979166666667,0.19973958333333336,0.010000000000000002,0.2744389397018971,0.03263475694852894,-2.0769263153768613,1.4007532038435448,0.49744854496912505,-0.4337036233130858,26.13
0.9603999999999999,3.1851963141025657,0.3153782894736842,2.1583113544330774,0.9986979166666667,1.7976562500000002,0.010000000000000002,0.2744389397018971,0.037073056614749474,-2.0822571210612097,1.40073978938303,0.5185481894026119,-1.327277043126295,25.89
0.81,1.5090599504662014,0.0,1.4349577738704176,0.9986979166666667,1.7976562500000002,0.010000000000000002,0.2744389397018971,0.4243278762554274,-2.0020727728515326,0.5493426337395888,0.49841841676685356,1.3532469901267938,32.54
0.81,1.5090599504662014,0.0,1.4349577738704176,0.9986979166666667,0.19973958333333336,0.010000000000000002,0.2744389397018971,0.5339069417230701,-2.0400070243986534,0.5353819483155826,0.5163926732213592,0.45968886062519937,29.44
0.81,1.5090599504662014,0.0,1.4349577738704176,0.9986979166666667,0.19973958333333336,0.010000000000000002,0.2744389397018971,0.41789661983604887,-1.998829973484635,0.5552639056706363,0.5419505916836869,-0.4339063703678129,29.36
0.81,1.5090599504662014,0.0,1.4349577738704176,0.9986979166666667,1.7976562500000002,0.010000000000000002,0.2744389397018971,0.3072270249315898,-1.9538172230573496,0.5767867184331594,0.5678762028494241,-1.3275034002210153,34.2
0.7395999999999999,0.9030721882284389,0.3153782894736842,0.4296188991901106,0.9986979166666667,1.7976562500000002,0.010000000000000002,0.2744389397018971,0.17102367099702415,-1.3887314325153788,0.9320518688279472,0.4373017469978914,1.3535360271205514,30.91
0.7395999999999999,0.9030721882284389,0.3153782894736842,0.4296188991901106,0.9986979166666667,0.19973958333333336,0.010000000000000002,0.2744389397018971,0.21815189630704504,-1.4141996606443807,0.9234239634782171,0.4564710047384781,0.4599720513233398,25.63
0.7395999999999999,0.9030721882284389,0.3153782894736842,0.4296188991901106,0.9986979166666667,0.19973958333333336,0.010000000000000002,0.2744389397018971,0.15894907471951705,-1.3806940087568973,0.9400242100183317,0.4812935377939867,-0.4336195819492926,27.36
0.7395999999999999,0.9030721882284389,0.3153782894736842,0.4296188991901106,0.9986979166666667,1.7976562500000002,0.010000000000000002,0.2744389397018971,0.0915373106639582,-1.333763408572978,0.9623674504845896,0.5074029953114287,-1.32721751123259,31.9
0.6723999999999999,0.4518047057109564,0.0,0.4296188991901106,0.9986979166666667,1.7976562500000002,0.010000000000000002,0.2744389397018971,0.020446322109333257,-1.2216325127400527,0.37749217333037455,0.5179677394854073,1.3531546866894932,27.38
0.6723999999999999,0.4518047057109564,0.0,0.4296188991901106,0.9986979166666667,0.19973958333333336,0.010000000000000002,0.2744389397018971,0.036313695995602184,-1.2442239662341041,0.3700949095362467,0.5374127667535512,0.45958936174713905,25.02
0.6723999999999999,0.4518047057109564,0.0,0.4296188991901106,0.9986979166666667,0.19973958333333336,0.010000000000000002,0.2744389397018971,0.01824178557663154,-1.2169513260556801,0.3840287660392231,0.5616377991660192,-0.43399934837768467,24.8
0.6723999999999999,0.4518047057109564,0.0,0.4296188991901106,0.9986979166666667,1.7976562500000002,0.010000000000000002,0.2744389397018971,0.002289512742809771,-1.1743358878241865,0.4045260441720779,0.5873336023921255,-1.3275952539432683,28.79
0.6241000000000001,0.15525750291375323,0.3153782894736842,0.4296188991901106,0.9986979166666667,1.7976562500000002,0.010000000000000002,0.2744389397018971,1.74861567347706,-1.7564503747717677,-0.4766455098975859,0.5313676478289218,1.3531024231831703,41.07
0.6241000000000001,0.15525750291375323,0.3153782894736842,0.4296188991901106,0.9986979166666667,0.19973958333333336,0.010000000000000002,0.2744389397018971,2.196066213421773,-1.8332210838907206,-0.5072198563222213,0.5456190156614057,0.45956250714099917,34.62
0.6241000000000001,0.15525750291375323,0.3153782894736842,0.4296188991901106,0.9986979166666667,0.19973958333333336,0.010000000000000002,0.2744389397018971,2.1117096691613595,-1.8188939295695739,-0.4988238868194548,0.5686030851998665,-0.43402013183068355,33.87
0.6241000000000001,0.15525750291375323,0.3153782894736842,0.4296188991901106,0.9986979166666667,1.7976562500000002,0.010000000000000002,0.2744389397018971,1.8496343129921777,-1.77340171670313,-0.4770959671309979,0.5945746579535299,-1.3276173865414096,42.86
0.5776,0.013430579836829935,5.046052631578947,1.4349577738704176,0.9986979166666667,1.7976562500000002,0.010000000000000002,0.2744389397018971,1.1568687337082255,-2.063386467907573,-1.9796717858487012,0.7511722110531431,1.3520636325736484,33.91
0.5776,0.013430579836829935,5.046052631578947,1.4349577738704176,0.9986979166666667,0.19973958333333336,0.010000000000000002,0.2744389397018971,1.0005155599398943,-2.0265245789459807,-1.9616357908270508,0.776316475224135,0.45847042529834997,34.07
0.5776,0.013430579836829935,5.046052631578947,1.4349577738704176,0.9986979166666667,0.19973958333333336,0.010000000000000002,0.2744389397018971,1.1483567455825747,-2.060623130979834,-1.9739556208435873,0.7946584243820503,-0.4350895030634346,34.17
0.5776,0.013430579836829935,5.046052631578947,1.4349577738704176,0.9986979166666667,1.7976562500000002,0.010000000000000002,0.2744389397018971,1.0024991735116944,-2.026158554214034,-1.9569451604516053,0.8195728806134112,-1.3286815860511145,33.78
0.5476,0.02632393648018634,2.8384046052631575,0.9445485667092929,0.9986979166666667,1.7976562500000002,0.010000000000000002,0.2744389397018971,1.3879023336009908,1.9443380605570861,1.5978876132176336,0.30482743379462846,1.3541635882439005,13.39
0.5476,0.02632393648018634,2.8384046052631575,0.9445485667092929,0.9986979166666667,0.19973958333333336,0.010000000000000002,0.2744389397018971,1.3785775623622596,1.9428429543860049,1.5995150541645884,0.32629477093152487,0.46058836957050153,13.72
0.5476,0.02632393648018634,2.8384046052631575,0.9445485667092929,0.9986979166666667,0.19973958333333336,0.010000000000000002,0.2744389397018971,1.4113517697545914,1.9499781721197755,1.6048344197783497,0.3485894166510927,-0.432990896538325,13.57
0.5476,0.02632393648018634,2.8384046052631575,0.9445485667092929,0.9986979166666667,1.7976562500000002,0.010000000000000002,0.2744389397018971,1.380905808570726,1.9441679039962687,1.6046158983919012,0.3696430994966534,-1.3265640914940104,13.79
0.5041,0.19393757284382246,1.2615131578947367,0.9445485667092929,0.9986979166666667,1.7976562500000002,0.010000000000000002,0.2744389397018971,1.3370050431485605,1.9695323274624046,0.9833148194802301,0.3719104768359376,1.3538486911498453,13.67
0.5041,0.19393757284382246,1.2615131578947367,0.9445485667092929,0.9986979166666667,0.19973958333333336,0.010000000000000002,0.2744389397018971,1.3187326656268217,1.9661193715346899,0.98412183272345,0.3931939676211292,0.4602743719065414,14.11
0.5041,0.19393757284382246,1.2615131578947367,0.9445485667092929,0.9986979166666667,0.19973958333333336,0.010000000000000002,0.2744389397018971,1.3577117445225626,1.9746929765859356,0.9900565191150124,0.41562649810447566,-0.4333055687748563,13.8
0.5041,0.19393757284382246,1.2615131578947367,0.9445485667092929,0.9986979166666667,1.7976562500000002,0.010000000000000002,0.2744389397018971,1.3278531391812027,1.9688827084624287,0.9898379977285637,0.4366801809500363,-1.326878763730542,14.21
0.4760999999999999,0.5162714889277383,0.3153782894736842,0.9445485667092929,0.9986979166666667,1.7976562500000002,0.010000000000000002,0.2744389397018971,1.15780497173884,1.965975077139102,0.3571341620233471,0.43625750518162165,1.35354717101719,13.2
0.4760999999999999,0.5162714889277383,0.3153782894736842,0.9445485667092929,0.9986979166666667,0.19973958333333336,0.010000000000000002,0.2744389397018971,1.1556731656114791,1.9659183582854962,0.3593769237481028,0.45786272708229664,0.4599712777712199,13.54
0.4760999999999999,0.5162714889277383,0.3153782894736842,0.9445485667092929,0.9986979166666667,0.19973958333333336,0.010000000000000002,0.2744389397018971,1.1856972118683329,1.9730535760192667,0.36469628936186405,0.48015737280186455,-0.4336079883376066,13.32
0.4760999999999999,0.5162714889277383,0.3153782894736842,0.9445485667092929,0.9986979166666667,1.7976562500000002,0.010000000000000002,0.2744389397018971,1.1492895336342634,1.9653254581391262,0.3636573402716807,0.5010272092957204,-1.3271802838631972,13.51
0.43560000000000004,0.9933256847319338,0.0,0.9445485667092929,0.9986979166666667,1.7976562500000002,0.010000000000000002,0.2744389397018971,1.15780497173884,2.0017175177059054,-0.25292627934351536,0.504351703157307,1.3532273270576125,14.86
0.43560000000000004,0.9933256847319338,0.0,0.9445485667092929,0.9986979166666667,0.19973958333333336,0.010000000000000002,0.2744389397018971,1.1642121765257876,2.0035786486089333,-0.24986308991502484,0.5261407714096868,0.4596505343815474,14.75
0.43560000000000004,0.9933256847319338,0.0,0.9445485667092929,0.9986979166666667,0.19973958333333336,0.010000000000000002,0.2744389397018971,1.1835398685304288,2.0083165541469117,-0.24556925893093212,0.5482056091896237,-0.43392760743966036,15.0
0.43560000000000004,0.9933256847319338,0.0,0.9445485667092929,0.9986979166666667,1.7976562500000002,0.010000000000000002,0.2744389397018971,1.162074477195994,2.00394467334088,-0.24517245953957958,0.569397176798963,-1.3275014769679172,14.74
0.4096,1.6251001602564088,0.3153782894736842,0.9445485667092929,0.9986979166666667,1.7976562500000002,0.010000000000000002,0.2744389397018971,0.4672455327366901,1.8471295990477008,-0.9437156184695127,0.55422083130624,1.3529966370449362,19.23
0.4096,1.6251001602564088,0.3153782894736842,0.9445485667092929,0.9986979166666667,0.19973958333333336,0.010000000000000002,0.2744389397018971,0.49892748570274265,1.858579978733897,-0.9365502905223483,0.5769291313171436,0.45941534721839633,19.34
0.4096,1.6251001602564088,0.3153782894736842,0.9445485667092929,0.9986979166666667,0.19973958333333336,0.010000000000000002,0.2744389397018971,0.4767778598026782,1.851331323292915,-0.9373841326865977,0.5978449293989256,-0.43415717316471786,19.32
0.4096,1.6251001602564088,0.3153782894736842,0.9445485667092929,0.9986979166666667,1.7976562500000002,0.010000000000000002,0.2744389397018971,0.4975284010779057,1.8589460034658438,-0.9318596601469028,0.6201855367064197,-1.3277366641310682,19.3
0.3844,2.411594915501164,1.2615131578947367,0.9445485667092929,0.9986979166666667,1.7976562500000002,0.010000000000000002,0.2744389397018971,0.8729012569609226,2.0037128034033103,-1.5013905626645414,0.6339190300192729,1.3526200144993505,14.37
0.3844,2.411594915501164,1.2615131578947367,0.9445485667092929,0.9986979166666667,0.19973958333333336,0.010000000000000002,0.2744389397018971,0.8508201456778964,1.9983819977189619,-1.5014039771250562,0.6550186744527597,0.45904659468614184,14.57
0.3844,2.411594915501164,1.2615131578947367,0.9445485667092929,0.9986979166666667,0.19973958333333336,0.010000000000000002,0.2744389397018971,0.8563139040877037,2.0002431286219897,-1.4983407876965653,0.6768077427051394,-0.43453019798992354,14.27
0.3844,2.411594915501164,1.2615131578947367,0.9445485667092929,0.9986979166666667,1.7976562500000002,0.010000000000000002,0.2744389397018971,0.843522636076175,1.9973096351334336,-1.4973286675274118,0.6981371950782573,-1.3281047420907515,14.24
0.9603999999999999,3.1851963141025657,0.3153782894736842,2.1583113544330774,0.9986979166666667,1.7976562500000002,0.010000000000000002,0.014615091463414635,0.03822683054955339,-2.095297156918321,1.3323403507271425,-0.18546122116897637,1.3376587466444467,25.68
0.9603999999999999,3.1851963141025657,0.3153782894736842,2.1583113544330774,0.9986979166666667,0.19973958333333336,0.010000000000000002,0.014615091463414635,0.043018722361763746,-2.1006279626026694,1.332326936266628,-0.1643615767354895,0.44408532683123747,26.02
0.9603999999999999,3.1851963141025657,0.3153782894736842,2.1583113544330774,0.9986979166666667,0.19973958333333336,0.010000000000000002,0.014615091463414635,0.03192254194884697,-2.0863008082815226,1.3407229057693946,-0.1413775071970287,-0.4494973121404452,25.84
0.9603999999999999,3.1851963141025657,0.3153782894736842,2.1583113544330774,0.9986979166666667,1.7976562500000002,0.010000000000000002,0.014615091463414635,0.040987723759149365,-2.097385163235772,1.3382482081976754,-0.1208294018186562,-1.3430680336633694,26.14
0.81,1.5090599504662014,0.0,1.4349577738704176,0.9986979166666667,1.7976562500000002,0.010000000000000002,0.014615091463414635,0.3261879479579257,-1.9735697330626785,0.5055157828142005,-0.13677666995313087,1.337435537555059,34.14
0.81,1.5090599504662014,0.0,1.4349577738704176,0.9986979166666667,0.19973958333333336,0.010000000000000002,0.014615091463414635,0.4412789778407051,-2.018216458758017,0.4886836004271226,-0.11944587572959194,0.44388055605879667,32.85
0.81,1.5090599504662014,0.0,1.4349577738704176,0.9986979166666667,0.19973958333333336,0.010000000000000002,0.014615091463414635,0.5252524148329428,-2.047040923961128,0.4786199465958566,-0.10059834910448859,-0.44968184573574904,30.08
0.81,1.5090599504662014,0.0,1.4349577738704176,0.9986979166666667,1.7976562500000002,0.010000000000000002,0.014615091463414635,0.4465614910329815,-2.0192888213435456,0.49275891002476674,-0.07632735510409436,-1.3432707807180964,29.67
0.7395999999999999,0.9030721882284389,0.3153782894736842,0.4296188991901106,0.9986979166666667,1.7976562500000002,0.010000000000000002,0.014615091463414635,0.09456033167615568,-1.3477623693084058,0.8935577979768351,-0.19669833843601192,1.3377187282531993,31.73
0.7395999999999999,0.9030721882284389,0.3153782894736842,0.4296188991901106,0.9986979166666667,0.19973958333333336,0.010000000000000002,0.014615091463414635,0.1702049471061795,-1.3981626442736457,0.8742643324785528,-0.17991908326758732,0.444166445047222,31.01
0.7395999999999999,0.9030721882284389,0.3153782894736842,0.4296188991901106,0.9986979166666667,0.19973958333333336,0.010000000000000002,0.014615091463414635,0.2062826996199679,-1.4178773231327466,0.868097710240027,-0.1601982864718863,-0.4494002290402749,25.9
0.7395999999999999,0.9030721882284389,0.3153782894736842,0.4296188991901106,0.9986979166666667,1.7976562500000002,0.010000000000000002,0.014615091463414635,0.16938818761614619,-1.396837694663382,0.8793651767058653,-0.13657075470245877,-1.3429860160172897,27.4
0.6723999999999999,0.4518047057109564,0.0,0.4296188991901106,0.9986979166666667,1.7976562500000002,0.010000000000000002,0.014615091463414635,0.0038098147098820302,-1.1926500105120401,0.3338704293309201,-0.11718138564665087,1.3373430092602347,28.68
0.6723999999999999,0.4518047057109564,0.0,0.4296188991901106,0.9986979166666667,0.19973958333333336,0.010000000000000002,0.014615091463414635,0.023076702370668466,-1.2358583488899038,0.3176535677216433,-0.09971270665933335,0.44378735319140117,27.54
0.6723999999999999,0.4518047057109564,0.0,0.4296188991901106,0.9986979166666667,0.19973958333333336,0.010000000000000002,0.014615091463414635,0.03408275975762564,-1.251257865796579,0.3133329078165208,-0.07957825557229659,-0.44978134461380936,25.35
0.6723999999999999,0.4518047057109564,0.0,0.4296188991901106,0.9986979166666667,1.7976562500000002,0.010000000000000002,0.014615091463414635,0.02398885500571257,-1.2364512490362738,0.3219339842452212,-0.05654822444590959,-1.3433642084430157,24.93
0.6241000000000001,0.15525750291375323,0.3153782894736842,0.4296188991901106,0.9986979166666667,1.7976562500000002,0.010000000000000002,0.014615091463414635,1.782855466600436,-1.773016804263805,-0.5397524118607415,-0.10814782815612489,1.3373121072186673,43.12
0.6241000000000001,0.15525750291375323,0.3153782894736842,0.4296188991901106,0.9986979166666667,0.19973958333333336,0.010000000000000002,0.014615091463414635,1.7043414815994653,-1.7582101875034999,-0.5311513354320411,-0.08511779702973789,0.44372924338946096,41.22
0.6241000000000001,0.15525750291375323,0.3153782894736842,0.4296188991901106,0.9986979166666667,0.19973958333333336,0.010000000000000002,0.014615091463414635,2.1117096691613595,-1.8292273473525518,-0.5592643987454723,-0.07031489014213964,-0.44981337094299545,35.1
0.6241000000000001,0.15525750291375323,0.3153782894736842,0.4296188991901106,0.9986979166666667,1.7976562500000002,0.010000000000000002,0.014615091463414635,2.034655904621719,-1.8158591179097219,-0.5512786430945731,-0.04742274377953124,-1.3433955601996304,34.29
0.5776,0.013430579836829935,5.046052631578947,1.4349577738704176,0.9986979166666667,1.7976562500000002,0.010000000000000002,0.014615091463414635,1.024448573255029,-2.0430342895844125,-2.0269854545149624,0.11519577733841331,1.3362560025798171,33.85
0.5776,0.013430579836829935,5.046052631578947,1.4349577738704176,0.9986979166666667,0.19973958333333336,0.010000000000000002,0.014615091463414635,1.1825932805630428,-2.0790506913748996,-2.0401257122352336,0.13335388014462374,0.4426969736481275,34.11
0.5776,0.013430579836829935,5.046052631578947,1.4349577738704176,0.9986979166666667,0.19973958333333336,0.010000000000000002,0.014615091463414635,0.9866852681600017,-2.033079016069297,-2.0181926856208428,0.1593714144862134,-0.4509005059201222,34.48
0.5776,0.013430579836829935,5.046052631578947,1.4349577738704176,0.9986979166666667,1.7976562500000002,0.010000000000000002,0.014615091463414635,1.1739870011984608,-2.0762873544471607,-2.03440954723012,0.17684009347353088,-1.3444561619889555,34.5
0.5476,0.02632393648018634,2.8384046052631575,0.9445485667092929,0.9986979166666667,1.7976562500000002,0.010000000000000002,0.014615091463414635,1.3949165382385547,1.9354430300915835,1.538062422069417,-0.3339526567835991,1.3383696745590175,13.6
0.5476,0.02632393648018634,2.8384046052631575,0.9445485667092929,0.9986979166666667,0.19973958333333336,0.010000000000000002,0.014615091463414635,1.406646167317383,1.9382630858729282,1.541535825349775,-0.31207166535536696,0.4447924321679047,13.36
0.5476,0.02632393648018634,2.8384046052631575,0.9445485667092929,0.9986979166666667,0.19973958333333336,0.010000000000000002,0.014615091463414635,1.4042963126999954,1.9382063670193224,1.543778587074531,-0.29046644345469197,-0.44878346107806566,13.65
0.5476,0.02632393648018634,2.8384046052631575,0.9445485667092929,0.9986979166666667,1.7976562500000002,0.010000000000000002,0.014615091463414635,1.3972585352526978,1.9371907232873995,1.5456111349474193,-0.26895314472986936,-1.3423589046089883,13.49
0.5041,0.19393757284382246,1.2615131578947367,0.9445485667092929,0.9986979166666667,1.7976562500000002,0.010000000000000002,0.014615091463414635,1.3073762727020946,1.9529658979703672,0.9202079175170744,-0.2676049991491091,1.3380583751853423,14.14
0.5041,0.19393757284382246,1.2615131578947367,0.9445485667092929,0.9986979166666667,0.19973958333333336,0.010000000000000002,0.014615091463414635,1.3278531391812027,1.9577038035083456,0.9245017485011672,-0.2455401613691722,0.4444802333641345,13.77
0.5041,0.19393757284382246,1.2615131578947367,0.9445485667092929,0.9986979166666667,0.19973958333333336,0.010000000000000002,0.014615091463414635,1.3278531391812027,1.9581265470938982,0.9269496171518566,-0.22388897788057102,-0.4490958847393596,14.3
0.5041,0.19393757284382246,1.2615131578947367,0.9445485667092929,0.9986979166666667,1.7976562500000002,0.010000000000000002,0.014615091463414635,1.32328897360239,1.957590365801134,0.9289872719506788,-0.20232971756782223,-1.342671553127806,13.87
0.4760999999999999,0.5162714889277383,0.3153782894736842,0.9445485667092929,0.9986979166666667,1.7976562500000002,0.010000000000000002,0.014615091463414635,1.2073786872919836,1.9666692954567677,0.3014111093938045,-0.201603353638082,1.3377487601818323,14.44
0.4760999999999999,0.5162714889277383,0.3153782894736842,0.9445485667092929,0.9986979166666667,0.19973958333333336,0.010000000000000002,0.014615091463414635,1.2204818637851054,1.9699688136772708,0.3050896196000962,-0.17967640062192367,0.4441712929331957,14.27
0.4760999999999999,0.5162714889277383,0.3153782894736842,0.9445485667092929,0.9986979166666667,0.19973958333333336,0.010000000000000002,0.014615091463414635,1.2336557587074244,1.973268331897774,0.30876812980638785,-0.15774944760576534,-0.4494061743154409,14.67
0.4760999999999999,0.5162714889277383,0.3153782894736842,0.9445485667092929,0.9986979166666667,1.7976562500000002,0.010000000000000002,0.014615091463414635,1.2248653044893008,1.971773225726693,0.3103955707533425,-0.13628211046886893,-1.34298139298884,14.4
0.43560000000000004,0.9933256847319338,0.0,0.9445485667092929,0.9986979166666667,1.7976562500000002,0.010000000000000002,0.014615091463414635,1.1281384464295976,1.9846716257747097,-0.31623828823260475,-0.13520973441566583,1.3374372359506332,13.46
0.43560000000000004,0.9933256847319338,0.0,0.9445485667092929,0.9986979166666667,0.19973958333333336,0.010000000000000002,0.014615091463414635,1.126034141913592,1.9846149069211039,-0.31399552650784895,-0.11360451251499086,0.4438613427046629,13.7
0.43560000000000004,0.9933256847319338,0.0,0.9445485667092929,0.9986979166666667,0.19973958333333336,0.010000000000000002,0.014615091463414635,1.140805525942665,1.9883938875807654,-0.31011190937562355,-0.09163159791090632,-0.4497163494014974,13.59
0.43560000000000004,0.9933256847319338,0.0,0.9445485667092929,0.9986979166666667,1.7976562500000002,0.010000000000000002,0.014615091463414635,1.123931801798397,1.9849809316530507,-0.3093048961324037,-0.07034810712571468,-1.3432906686448014,13.83
0.4096,1.6251001602564088,0.3153782894736842,0.9445485667092929,0.9986979166666667,1.7976562500000002,0.010000000000000002,0.014615091463414635,0.5017315481548497,1.8487827422436833,-0.9990284572471879,-0.08354810433761133,1.337197776494531,19.14
0.4096,1.6251001602564088,0.3153782894736842,0.9445485667092929,0.9986979166666667,0.19973958333333336,0.010000000000000002,0.014615091463414635,0.4740445157797692,1.8396162370460676,-1.0006827271151724,-0.06281615260753404,0.44362615554151186,19.18
0.4096,1.6251001602564088,0.3153782894736842,0.9445485667092929,0.9986979166666667,0.19973958333333336,0.010000000000000002,0.014615091463414635,0.5073632458687966,1.8515460791714222,-0.9933122922420741,-0.04006189100870419,-0.4499553591425521,19.37
0.4096,1.6251001602564088,0.3153782894736842,0.9445485667092929,0.9986979166666667,1.7976562500000002,0.010000000000000002,0.014615091463414635,0.4740445157797692,1.8404617242171728,-0.9957869898137933,-0.019513785630331685,-1.343526080665476,19.29
0.3844,2.411594915501164,1.2615131578947367,0.9445485667092929,0.9986979166666667,1.7976562500000002,0.010000000000000002,0.014615091463414635,0.9103317173588376,2.002968634403501,-1.557728936071885,-0.004079713564209391,1.3368222782365642,14.09
0.3844,2.411594915501164,1.2615131578947367,0.9445485667092929,0.9986979166666667,0.19973958333333336,0.010000000000000002,0.014615091463414635,0.919812107509007,2.0057886901848456,-1.554255532791527,0.017801277864022746,0.44324503584545144,14.23
0.3844,2.411594915501164,1.2615131578947367,0.9445485667092929,0.9986979166666667,0.19973958333333336,0.010000000000000002,0.014615091463414635,0.9046670560784682,2.002375734257131,-1.553448519548307,0.039084768649214376,-0.4503292833978528,14.14
0.3844,2.411594915501164,1.2615131578947367,0.9445485667092929,0.9986979166666667,1.7976562500000002,0.010000000000000002,0.014615091463414635,0.9009004372289441,2.0018395529643667,-1.5514108647494849,0.06064402896196315,-1.3439049517862993,13.89
0.9603999999999999,3.1851963141025657,0.3153782894736842,2.1583113544330774,0.9986979166666667,1.7976562500000002,0.010000000000000002,0.5862275575880759,0.0422004297182848,-2.110425199092883,1.2698487695417884,-0.8248388123902445,1.3218677561073722,25.91
0.9603999999999999,3.1851963141025657,0.3153782894736842,2.1583113544330774,0.9986979166666667,0.19973958333333336,0.010000000000000002,0.5862275575880759,0.036313695995602184,-2.102810518919954,1.2753732420814832,-0.8024982050827504,0.428288265141022,25.72
0.9603999999999999,3.1851963141025657,0.3153782894736842,2.1583113544330774,0.9986979166666667,0.19973958333333336,0.010000000000000002,0.5862275575880759,0.029491668075508282,-2.0932779889903914,1.281718142324913,-0.7799737514235515,-0.46529212525542324,26.18
0.9603999999999999,3.1851963141025657,0.3153782894736842,2.1583113544330774,0.9986979166666667,1.7976562500000002,0.010000000000000002,0.5862275575880759,0.03979269740731328,-2.1062801937012745,1.278423017049459,-0.7596094923968838,-1.3588619473482524,25.87
0.81,1.5090599504662014,0.0,1.4349577738704176,0.9986979166666667,1.7976562500000002,0.010000000000000002,0.5862275575880759,0.4478870303330781,-2.03136993232234,0.42476968522074715,-0.7802448424998303,1.3216645593375977,29.34
0.81,1.5090599504662014,0.0,1.4349577738704176,0.9986979166666667,0.19973958333333336,0.010000000000000002,0.5862275575880759,0.3239277851191321,-1.982521482381787,0.4479333533907399,-0.7539515386306835,0.4280657306242055,33.91
0.81,1.5090599504662014,0.0,1.4349577738704176,0.9986979166666667,0.19973958333333336,0.010000000000000002,0.5862275575880759,0.42174948048524286,-2.0209351963680664,0.43376756104080005,-0.736023243764104,-0.46549217401986537,32.83
0.81,1.5090599504662014,0.0,1.4349577738704176,0.9986979166666667,1.7976562500000002,0.010000000000000002,0.5862275575880759,0.549957245830804,-2.0651024596242467,0.4171404855796558,-0.718646487952639,-1.3590473803736514,29.92
0.7395999999999999,0.9030721882284389,0.3153782894736842,0.4296188991901106,0.9986979166666667,1.7976562500000002,0.010000000000000002,0.5862275575880759,0.16776056183851248,-1.407480418324701,0.8119912726796469,-0.8403503573344161,1.321948649465833,27.17
0.7395999999999999,0.9030721882284389,0.3153782894736842,0.4296188991901106,0.9986979166666667,0.19973958333333336,0.010000000000000002,0.5862275575880759,0.09213798606477568,-1.3557551937491976,0.8363855824052417,-0.8137812839377121,0.42834847160729844,31.76
0.7395999999999999,0.9030721882284389,0.3153782894736842,0.4296188991901106,0.9986979166666667,0.19973958333333336,0.010000000000000002,0.5862275575880759,0.15894907471951705,-1.4013608443228531,0.8191431861662966,-0.7965424128900256,-0.46520606017391636,31.06
0.7395999999999999,0.9030721882284389,0.3153782894736842,0.4296188991901106,0.9986979166666667,1.7976562500000002,0.010000000000000002,0.5862275575880759,0.21907866224249775,-1.43450047147839,0.8072335700016272,-0.778108540556258,-1.3587664382507483,25.81
0.6723999999999999,0.4518047057109564,0.0,0.4296188991901106,0.9986979166666667,1.7976562500000002,0.010000000000000002,0.5862275575880759,0.021888000468631173,-1.2446966605018006,0.25558561484867104,-0.7600980191382359,1.3215693327524884,24.61
0.6723999999999999,0.4518047057109564,0.0,0.4296188991901106,0.9986979166666667,0.19973958333333336,0.010000000000000002,0.5862275575880759,0.0023853371351859444,-1.196327673000406,0.27854417609273013,-0.7338506768570154,0.42797072889662,28.61
0.6723999999999999,0.4518047057109564,0.0,0.4296188991901106,0.9986979166666667,0.19973958333333336,0.010000000000000002,0.5862275575880759,0.016162970695837272,-1.2337824621083684,0.26478859759465767,-0.7158304588145835,-0.4655876254624983,27.57
0.6723999999999999,0.4518047057109564,0.0,0.4296188991901106,0.9986979166666667,1.7976562500000002,0.010000000000000002,0.5862275575880759,0.03669239410477023,-1.264524777068113,0.253904516059657,-0.697166778541185,-1.3591491278269492,25.16
0.6241000000000001,0.15525750291375323,0.3153782894736842,0.4296188991901106,0.9986979166666667,1.7976562500000002,0.010000000000000002,0.5862275575880759,2.0801445274479105,-1.8351321654758923,-0.6223444717875981,-0.7520296549941601,1.3215431527189196,34.25
0.6241000000000001,0.15525750291375323,0.3153782894736842,0.4296188991901106,0.9986979166666667,0.19973958333333336,0.010000000000000002,0.5862275575880759,1.8120869001503512,-1.7882015652919732,-0.6000012313213402,-0.7259201974767181,0.4279452234356226,43.3
0.6241000000000001,0.15525750291375323,0.3153782894736842,0.4296188991901106,0.9986979166666667,0.19973958333333336,0.010000000000000002,0.5862275575880759,1.6965873209395173,-1.7666824743834502,-0.5885286579295681,-0.7022467041193644,-0.46564078839891626,41.86
0.6241000000000001,0.15525750291375323,0.3153782894736842,0.4296188991901106,0.9986979166666667,1.7976562500000002,0.010000000000000002,0.5862275575880759,2.1493203740765066,-1.8453710332590365,-0.6199234320579384,-0.6881791826385852,-1.3591798050109924,35.29
0.5776,0.013430579836829935,5.046052631578947,1.4349577738704176,0.9986979166666667,1.7976562500000002,0.010000000000000002,0.5862275575880759,1.1398761878699,-2.0802176039602616,-2.098911954293267,-0.5262960469274597,1.3204753554888349,34.11
0.5776,0.013430579836829935,5.046052631578947,1.4349577738704176,0.9986979166666667,0.19973958333333336,0.010000000000000002,0.5862275575880759,0.9965542259987278,-2.0462324896336197,-2.0821066008272187,-0.5014275522840249,0.42688349735867875,33.62
0.5776,0.013430579836829935,5.046052631578947,1.4349577738704176,0.9986979166666667,0.19973958333333336,0.010000000000000002,0.5862275575880759,1.1419933806968532,-2.079851579228315,-2.094221323917821,-0.4830396415381836,-0.46667665586062956,33.89
0.5776,0.013430579836829935,5.046052631578947,1.4349577738704176,0.9986979166666667,1.7976562500000002,0.010000000000000002,0.5862275575880759,0.9827514358301899,-2.0420307653884056,-2.0757751150443036,-0.4578034541913392,-1.3602703128509754,34.05
0.5476,0.02632393648018634,2.8384046052631575,0.9445485667092929,0.9986979166666667,1.7976562500000002,0.010000000000000002,0.5862275575880759,1.468431892054144,1.9399729479225165,1.4839802248473444,-0.9714458228998933,1.3225694648634696,13.2
0.5476,0.02632393648018634,2.8384046052631575,0.9445485667092929,0.9986979166666667,0.19973958333333336,0.010000000000000002,0.5862275575880759,1.45166664120185,1.9370394544339602,1.484992345016498,-0.9501163705267754,0.42899492076264173,13.36
0.5476,0.02632393648018634,2.8384046052631575,0.9445485667092929,0.9986979166666667,0.19973958333333336,0.010000000000000002,0.5862275575880759,1.4708347854934298,1.9412978975327801,1.4890810690746572,-0.9280974943347647,-0.4645829962010423,13.21
0.5476,0.02632393648018634,2.8384046052631575,0.9445485667092929,0.9986979166666667,1.7976562500000002,0.010000000000000002,0.5862275575880759,1.4540557838354584,1.9383644040442238,1.4900931892438107,-0.9067680419616468,-1.35815754030187,13.53
0.5041,0.19393757284382246,1.2615131578947367,0.9445485667092929,0.9986979166666667,1.7976562500000002,0.010000000000000002,0.5862275575880759,1.3324251623632595,1.947906567018132,0.8620235817763275,-0.9060173970239271,1.3222626626402691,13.67
0.5041,0.19393757284382246,1.2615131578947367,0.9445485667092929,0.9986979166666667,0.19973958333333336,0.010000000000000002,0.5862275575880759,1.3278531391812027,1.9473703857253677,0.8640612365751497,-0.8844581367111783,0.42868699425182266,14.12
0.5041,0.19393757284382246,1.2615131578947367,0.9445485667092929,0.9986979166666667,0.19973958333333336,0.010000000000000002,0.5862275575880759,1.3623348421257069,1.9549850658982966,0.8695857091148446,-0.8621175294036842,-0.46489249671452754,13.79
0.5041,0.19393757284382246,1.2615131578947367,0.9445485667092929,0.9986979166666667,1.7976562500000002,0.010000000000000002,0.5862275575880759,1.3187326656268217,1.9462980231398392,0.8681365461727938,-0.8413396160856808,-1.3584643425250704,14.2
0.4760999999999999,0.5162714889277383,0.3153782894736842,0.9445485667092929,0.9986979166666667,1.7976562500000002,0.010000000000000002,0.5862275575880759,1.216106280684154,1.9582537274304235,0.24179102517152176,-0.8403374826283834,1.3219546216394253,14.29
0.4760999999999999,0.5162714889277383,0.3153782894736842,0.9445485667092929,0.9986979166666667,0.19973958333333336,0.010000000000000002,0.5862275575880759,1.2073786872919836,1.9567586212593424,0.24341846611847642,-0.818870145491487,0.4283794029660263,14.49
0.4760999999999999,0.5162714889277383,0.3153782894736842,0.9445485667092929,0.9986979166666667,0.19973958333333336,0.010000000000000002,0.5862275575880759,1.2402692255795331,1.9643733014322713,0.24894293865817135,-0.7965295381839929,-0.465200088000324,14.42
0.4760999999999999,0.5162714889277383,0.3153782894736842,0.9445485667092929,0.9986979166666667,1.7976562500000002,0.010000000000000002,0.5862275575880759,1.211738555186447,1.9585630333087647,0.24872441727172284,-0.7754758553384322,-1.3587732829560093,14.73
0.43560000000000004,0.9933256847319338,0.0,0.9445485667092929,0.9986979166666667,1.7976562500000002,0.010000000000000002,0.5862275575880759,1.1599387422670113,1.981530144579108,-0.37360219626961677,-0.7734382859387792,1.3216406239754652,14.86
0.43560000000000004,0.9933256847319338,0.0,0.9445485667092929,0.9986979166666667,0.19973958333333336,0.010000000000000002,0.5862275575880759,1.1642121765257876,1.9829118130429775,-0.37074411376705996,-0.7516951792743255,0.42806405615692367,14.67
0.43560000000000004,0.9933256847319338,0.0,0.9445485667092929,0.9986979166666667,0.19973958333333336,0.010000000000000002,0.5862275575880759,1.1835398685304288,1.9876497185809558,-0.3664502827829672,-0.7296303414943887,-0.4655140856642841,15.0
0.43560000000000004,0.9933256847319338,0.0,0.9445485667092929,0.9986979166666667,1.7976562500000002,0.010000000000000002,0.5862275575880759,1.162074477195994,1.9832778377749243,-0.3660534833916147,-0.7084387738850494,-1.3590879551925408,14.83
0.4096,1.6251001602564088,0.3153782894736842,0.9445485667092929,0.9986979166666667,1.7976562500000002,0.010000000000000002,0.5862275575880759,0.46860140054368365,1.8269422259209034,-1.0643915353956142,-0.7235691577898462,1.321409933962789,19.24
0.4096,1.6251001602564088,0.3153782894736842,0.9445485667092929,0.9986979166666667,0.19973958333333336,0.010000000000000002,0.5862275575880759,0.4975284010779057,1.8374336807287828,-1.057636421300317,-0.700952780954795,0.42782909385129636,19.25
0.4096,1.6251001602564088,0.3153782894736842,0.9445485667092929,0.9986979166666667,0.19973958333333336,0.010000000000000002,0.5862275575880759,0.4795190614288315,1.831623412605276,-1.0578549426867654,-0.6798990981092343,-0.4657441011043891,19.42
0.4096,1.6251001602564088,0.3153782894736842,0.9445485667092929,0.9986979166666667,1.7976562500000002,0.010000000000000002,0.5862275575880759,0.5017315481548497,1.8397175552173632,-1.0521253632211367,-0.657512529213814,-1.3593238169282629,19.48
0.3844,2.411594915501164,1.2615131578947367,0.9445485667092929,0.9986979166666667,1.7976562500000002,0.010000000000000002,0.5862275575880759,0.878465733799928,1.9844843551548297,-1.6216562657387752,-0.6437790359009609,1.3210328617021558,14.37
0.3844,2.411594915501164,1.2615131578947367,0.9445485667092929,0.9986979166666667,0.19973958333333336,0.010000000000000002,0.5862275575880759,0.843522636076175,1.9757973123963726,-1.623105428680826,-0.6230011225829574,0.42746101589161306,14.34
0.3844,2.411594915501164,1.2615131578947367,0.9445485667092929,0.9986979166666667,0.19973958333333336,0.010000000000000002,0.5862275575880759,0.8508201456778964,1.9781379057385586,-1.6198371323264016,-0.6011660927426514,-0.46611600164197603,14.28
0.3844,2.411594915501164,1.2615131578947367,0.9445485667092929,0.9986979166666667,1.7976562500000002,0.010000000000000002,0.5862275575880759,0.8508201456778964,1.9785606493241112,-1.6173892636757121,-0.5795149092540502,-1.35969211974547,14.47
0.9603999999999999,3.1851963141025657,0.3153782894736842,2.1583113544330774,0.9986979166666667,1.7976562500000002,0.010000000000000002,1.9892763380758813,0.040987723759149365,-2.1193202295583857,1.2100235783935718,-1.463618902968472,1.3060738424224891,25.64
0.9603999999999999,3.1851963141025657,0.3153782894736842,2.1583113544330774,0.9986979166666667,0.19973958333333336,0.010000000000000002,1.9892763380758813,0.04018907512378083,-2.1179385610945163,1.2128816608961286,-1.4418757963040185,0.41249727460394753,25.98
0.9603999999999999,3.1851963141025657,0.3153782894736842,2.1583113544330774,0.9986979166666667,0.19973958333333336,0.010000000000000002,1.9892763380758813,0.029152257982561335,-2.103131944334211,1.2214827373248291,-1.4188457651776314,-0.48108558922525885,25.88
0.9603999999999999,3.1851963141025657,0.3153782894736842,2.1583113544330774,0.9986979166666667,1.7976562500000002,0.010000000000000002,1.9892763380758813,0.03745568352553977,-2.113736836849302,1.2192131466790437,-1.3982516982113329,-1.3746565356057068,26.18
0.81,1.5090599504662014,0.0,1.4349577738704176,0.9986979166666667,1.7976562500000002,0.010000000000000002,1.9892763380758813,0.5558526520761297,-2.078621957920516,0.3485359399978351,-1.4227018601121533,1.305888634254614,29.82
0.81,1.5090599504662014,0.0,1.4349577738704176,0.9986979166666667,0.19973958333333336,0.010000000000000002,1.9892763380758813,0.45054400213570467,-2.042239531398082,0.36636682809355176,-1.3976035575290877,0.41229565183683914,29.52
0.81,1.5090599504662014,0.0,1.4349577738704176,0.9986979166666667,0.19973958333333336,0.010000000000000002,1.9892763380758813,0.3216754798835829,-1.9914732317008954,0.3903509239672792,-1.371126407308236,-0.481304076306648,34.45
0.81,1.5090599504662014,0.0,1.4349577738704176,0.9986979166666667,1.7976562500000002,0.010000000000000002,1.9892763380758813,0.44259665953755734,-2.038517269592026,0.37249320695053284,-1.354025421024328,-1.3748579335152915,33.01
0.7395999999999999,0.9030721882284389,0.3153782894736842,0.4296188991901106,0.9986979166666667,1.7976562500000002,0.010000000000000002,1.9892763380758813,0.21907866224249775,-1.4461021200180257,0.7394494521235413,-1.4819800663640676,1.306168676947422,25.82
0.7395999999999999,0.9030721882284389,0.3153782894736842,0.4296188991901106,0.9986979166666667,0.19973958333333336,0.010000000000000002,1.9892763380758813,0.16857339252692366,-1.4178705549612847,0.7537935224783852,-1.4576631107757472,0.4125795171075508,27.33
0.7395999999999999,0.9030721882284389,0.3153782894736842,0.4296188991901106,0.9986979166666667,0.19973958333333336,0.010000000000000002,1.9892763380758813,0.0915373106639582,-1.3651864055074643,0.7785980460558475,-1.431002114203191,-0.48102111046603135,32.04
0.7395999999999999,0.9030721882284389,0.3153782894736842,0.4296188991901106,0.9986979166666667,1.7976562500000002,0.010000000000000002,1.9892763380758813,0.16857339252692366,-1.4170250677901794,0.7586892597797641,-1.4143607437985448,-1.3745727190994372,31.28
0.6723999999999999,0.4518047057109564,0.0,0.4296188991901106,0.9986979166666667,1.7976562500000002,0.010000000000000002,1.9892763380758813,0.041794229997761986,-1.2823594373168083,0.18345400814443286,-1.401635804992035,1.30578891051903,25.11
0.6723999999999999,0.4518047057109564,0.0,0.4296188991901106,0.9986979166666667,0.19973958333333336,0.010000000000000002,1.9892763380758813,0.02460677876646387,-1.2589224966516517,0.1957470092399398,-1.3777784652829768,0.41220199925439616,24.77
0.6723999999999999,0.4518047057109564,0.0,0.4296188991901106,0.9986979166666667,0.19973958333333336,0.010000000000000002,1.9892763380758813,0.003336154703068861,-1.210553509150257,0.2187055704839988,-1.351531123001756,-0.48139660460147227,28.88
0.6723999999999999,0.4518047057109564,0.0,0.4296188991901106,0.9986979166666667,1.7976562500000002,0.010000000000000002,1.9892763380758813,0.023682839726553443,-1.256638622163071,0.20125806731911988,-1.3343382135419957,-1.3749509115251632,27.69
0.6241000000000001,0.15525750291375323,0.3153782894736842,0.4296188991901106,0.9986979166666667,1.7976562500000002,0.010000000000000002,1.9892763380758813,2.1290272036282416,-1.8536164447245633,-0.6862718014544885,-1.3917289773309114,1.3057537361845115,34.99
0.6241000000000001,0.15525750291375323,0.3153782894736842,0.4296188991901106,0.9986979166666667,0.19973958333333336,0.010000000000000002,1.9892763380758813,2.037484210542273,-1.8378509030859413,-0.6772605111739207,-1.3686070230286722,0.4121704226402576,34.18
0.6241000000000001,0.15525750291375323,0.3153782894736842,0.4296188991901106,0.9986979166666667,0.19973958333333336,0.010000000000000002,1.9892763380758813,2.0544952984826303,-1.8403049341353392,-0.6760432840788335,-1.3472316090676282,-0.48140434631809403,43.14
0.6241000000000001,0.15525750291375323,0.3153782894736842,0.4296188991901106,0.9986979166666667,1.7976562500000002,0.010000000000000002,1.9892763380758813,1.7043414815994653,-1.7780315358983505,-0.6471366219826971,-1.319651380736548,-1.3750094710421508,41.26
0.5776,0.013430579836829935,5.046052631578947,1.4349577738704176,0.9986979166666667,1.7976562500000002,0.010000000000000002,1.9892763380758813,0.9827514358301899,-2.0536324139280415,-2.1435592329223896,-1.161674979999149,1.3046648023471947,34.25
0.5776,0.013430579836829935,5.046052631578947,1.4349577738704176,0.9986979166666667,0.19973958333333336,0.010000000000000002,1.9892763380758813,1.16755291788354,-2.0963612898667465,-2.1595709876057327,-1.1441603394239053,0.41110892142083755,34.35
0.5776,0.013430579836829935,5.046052631578947,1.4349577738704176,0.9986979166666667,0.19973958333333336,0.010000000000000002,1.9892763380758813,1.012446707382863,-2.0599788633443126,-2.141740099510016,-1.1190620368408395,-0.48248406099693725,33.64
0.5776,0.013430579836829935,5.046052631578947,1.4349577738704176,0.9986979166666667,1.7976562500000002,0.010000000000000002,1.9892763380758813,1.180438764120681,-2.098392577330592,-2.155905891859956,-1.10113374197426,-1.3760419656410081,33.88
0.5476,0.02632393648018634,2.8384046052631575,0.9445485667092929,0.9986979166666667,1.7976562500000002,0.010000000000000002,1.9892763380758813,1.3762512805546048,1.9109404950123603,1.4155405428099126,-1.6121563001710209,1.3067849951945836,13.65
0.5476,0.02632393648018634,2.8384046052631575,0.9445485667092929,0.9986979166666667,0.19973958333333336,0.010000000000000002,1.9892763380758813,1.3996024966676532,1.916157862989497,1.420039480719939,-1.590045500803158,0.4132066285158522,13.44
0.5476,0.02632393648018634,2.8384046052631575,0.9445485667092929,0.9986979166666667,0.19973958333333336,0.010000000000000002,1.9892763380758813,1.406646167317383,1.918018993892525,1.4231026701484297,-1.568256432550778,-0.48037016416021316,13.72
0.5476,0.02632393648018634,2.8384046052631575,0.9445485667092929,0.9986979166666667,1.7976562500000002,0.010000000000000002,1.9892763380758813,1.3949165382385547,1.9160444252822855,1.4245250041694506,-1.546835057001808,-1.3739451579760884,13.5
0.5041,0.19393757284382246,1.2615131578947367,0.9445485667092929,0.9986979166666667,1.7976562500000002,0.010000000000000002,1.9892763380758813,1.305110887319582,1.931819599965253,0.7991217867391057,-1.5454869114210477,1.3064721218182422,14.18
0.5041,0.19393757284382246,1.2615131578947367,0.9445485667092929,0.9986979166666667,0.19973958333333336,0.010000000000000002,1.9892763380758813,1.32328897360239,1.936078043064073,0.8032105107972648,-1.5234680352290368,0.41289420485455824,13.75
0.5041,0.19393757284382246,1.2615131578947367,0.9445485667092929,0.9986979166666667,0.19973958333333336,0.010000000000000002,1.9892763380758813,1.3301381685718259,1.9379391739671008,0.8062737002257553,-1.5016789669766573,-0.480682587821507,14.26
0.5041,0.19393757284382246,1.2615131578947367,0.9445485667092929,0.9986979166666667,1.7976562500000002,0.010000000000000002,1.9892763380758813,0.7293432738669895,1.7935642609268108,0.7467792772444687,-1.4939081830417664,-1.3741907989528306,13.89
0.4760999999999999,0.5162714889277383,0.3153782894736842,0.9445485667092929,0.9986979166666667,1.7976562500000002,0.010000000000000002,1.9892763380758813,1.2095576390388099,1.9464819223299703,0.18073519246770314,-1.4793933427341681,1.3061620570996848,14.55
0.4760999999999999,0.5162714889277383,0.3153782894736842,0.9445485667092929,0.9986979166666667,0.19973958333333336,0.010000000000000002,1.9892763380758813,1.2248653044893008,1.9502609029896318,0.1846188095999285,-1.4574204281300838,0.4125843649935244,14.28
0.4760999999999999,0.5162714889277383,0.3153782894736842,0.9445485667092929,0.9986979166666667,0.19973958333333336,0.010000000000000002,1.9892763380758813,1.2314551985516773,1.95212203389266,0.18768199902841912,-1.4356313598777037,-0.48099242768254086,14.46
0.4760999999999999,0.5162714889277383,0.3153782894736842,0.9445485667092929,0.9986979166666667,1.7976562500000002,0.010000000000000002,1.9892763380758813,1.2204818637851054,1.9501474652824202,0.18910433304944008,-1.4142099843287337,-1.3745674214984163,14.39
0.43560000000000004,0.9933256847319338,0.0,0.9445485667092929,0.9986979166666667,1.7976562500000002,0.010000000000000002,1.9892763380758813,1.1727826178530731,1.9740735014310806,-0.43281206664003213,-1.4120804917532281,1.3058460357180108,14.54
0.43560000000000004,0.9933256847319338,0.0,0.9445485667092929,0.9986979166666667,0.19973958333333336,0.010000000000000002,1.9892763380758813,1.1813844895933354,1.976414094773267,-0.4295437702856079,-1.390245461912922,0.41226901818442185,14.81
0.43560000000000004,0.9933256847319338,0.0,0.9445485667092929,0.9986979166666667,0.19973958333333336,0.010000000000000002,1.9892763380758813,1.2073786872919836,1.9825903876287205,-0.4246346185237141,-1.3680427393692067,-0.48130979820935715,14.65
0.43560000000000004,0.9933256847319338,0.0,0.9445485667092929,0.9986979166666667,1.7976562500000002,0.010000000000000002,1.9892763380758813,1.1813844895933354,1.9772595819443721,-0.424648032984229,-1.3469430949357197,-1.3748832180225663,14.87
0.4096,1.6251001602564088,0.3153782894736842,0.9445485667092929,0.9986979166666667,1.7976562500000002,0.010000000000000002,1.9892763380758813,0.5017315481548497,1.8281159066777275,-1.119909481099223,-1.3613840550216239,1.3056112982699073,19.24
0.4096,1.6251001602564088,0.3153782894736842,0.9445485667092929,0.9986979166666667,0.19973958333333336,0.010000000000000002,1.9892763380758813,0.4726807903695314,1.8184699390409533,-1.121768857893141,-1.3406980648794726,0.41203990217441183,19.18
0.4096,1.6251001602564088,0.3153782894736842,0.9445485667092929,0.9986979166666667,0.19973958333333336,0.010000000000000002,1.9892763380758813,0.5073632458687966,1.8308792436054664,-1.114193316094109,-1.3178978416927167,-0.4815418373671758,19.26
0.4096,1.6251001602564088,0.3153782894736842,0.9445485667092929,0.9986979166666667,1.7976562500000002,0.010000000000000002,1.9892763380758813,0.4740445157797692,1.819794888651217,-1.1166680136658282,-1.297349736314344,-1.3751125588900999,19.29
0.3844,2.411594915501164,1.2615131578947367,0.9445485667092929,0.9986979166666667,1.7976562500000002,0.010000000000000002,1.9892763380758813,0.9274317788437418,1.9866169607899709,-1.6767639975905169,-1.281502009956886,1.3052337762942265,14.24
0.3844,2.411594915501164,1.2615131578947367,0.9445485667092929,0.9986979166666667,0.19973958333333336,0.010000000000000002,1.9892763380758813,0.8990200744053987,1.9798477677881472,-1.6773927328288327,-1.2605402502871779,0.41166103105358887,13.97
0.3844,2.411594915501164,1.2615131578947367,0.9445485667092929,0.9986979166666667,0.19973958333333336,0.010000000000000002,1.9892763380758813,0.8877791498811579,1.9773937367387493,-1.6761755057337453,-1.2391648363261336,-0.48191373790476283,13.99
0.3844,2.411594915501164,1.2615131578947367,0.9445485667092929,0.9986979166666667,1.7976562500000002,0.010000000000000002,1.9892763380758813,0.9217140787414745,1.9864468042291534,-1.6700357124162493,-1.2166863442548612,-1.3754939034436842,14.15
0.9603999999999999,3.1851963141025657,0.3153782894736842,2.1583113544330774,0.9986979166666667,1.7976562500000002,0.0625,1.365699102303523,0.335307175345542,-2.260920075204341,1.3725587135142747,1.0700625145991685,1.3692273652956923,29.79
0.9603999999999999,3.1851963141025657,0.3153782894736842,2.1583113544330774,0.9986979166666667,0.19973958333333336,0.0625,1.365699102303523,0.335307175345542,-2.2604973316187884,1.3750065821649642,1.0917136980877695,0.47565124719219826,29.79
0.9603999999999999,3.1851963141025657,0.3153782894736842,2.1583113544330774,0.9986979166666667,0.19973958333333336,0.0625,1.365699102303523,0.3610333029291358,-2.270622761694721,1.3729420984451126,1.1123537266419945,-0.41791992404577344,29.28
0.9603999999999999,3.1851963141025657,0.3153782894736842,2.1583113544330774,0.9986979166666667,1.7976562500000002,0.0625,1.365699102303523,0.3658129295137822,-2.272117867865802,1.3745695393920672,1.1338210637788908,-1.3114951427191726,29.49
0.81,1.5090599504662014,0.0,1.4349577738704176,0.9986979166666667,1.7976562500000002,0.0625,1.365699102303523,1.0567992834568827,-2.1746728718464214,0.530556233082239,1.1153459083084756,1.3690207956630616,36.12
0.81,1.5090599504662014,0.0,1.4349577738704176,0.9986979166666667,0.19973958333333336,0.0625,1.365699102303523,1.2260961335806058,-2.2126071233935423,0.5165955476582329,1.1333201647629811,0.475462666161467,33.17
0.81,1.5090599504662014,0.0,1.4349577738704176,0.9986979166666667,0.19973958333333336,0.0625,1.365699102303523,1.0896528802663679,-2.1814987837018514,0.5321702595686787,1.1579128898788589,-0.41812784282354665,32.71
0.81,1.5090599504662014,0.0,1.4349577738704176,0.9986979166666667,1.7976562500000002,0.0625,1.365699102303523,0.9227818257329474,-2.140801195226991,0.5518471099977987,1.1834248467532602,-1.3117228489590353,37.58
0.7395999999999999,0.9030721882284389,0.3153782894736842,0.4296188991901106,0.9986979166666667,1.7976562500000002,0.0625,1.365699102303523,0.513823052091525,-1.525851311012545,0.9284433806896908,1.0576303960460518,1.3692931932000623,33.98
0.7395999999999999,0.9030721882284389,0.3153782894736842,0.4296188991901106,0.9986979166666667,0.19973958333333336,0.0625,1.365699102303523,0.5888392050573842,-1.5498811518240716,0.9204307961177617,1.0769375385504172,0.4757285428302792,28.61
0.7395999999999999,0.9030721882284389,0.3153782894736842,0.4296188991901106,0.9986979166666667,0.19973958333333336,0.0625,1.365699102303523,0.5223832877427221,-1.5278825984763902,0.9321084764354676,1.100656993495697,-0.4178576938617834,30.12
0.7395999999999999,0.9030721882284389,0.3153782894736842,0.4296188991901106,0.9986979166666667,1.7976562500000002,0.0625,1.365699102303523,0.3963976909618299,-1.482390385609946,0.9538363961239245,1.1266285662493605,-1.3114549485725093,34.73
0.6723999999999999,0.4518047057109564,0.0,0.4296188991901106,0.9986979166666667,1.7976562500000002,0.0625,1.365699102303523,0.20180602200758946,-1.3601907785546938,0.37326836441431727,1.1381585037697892,1.3689125273415752,30.17
0.6723999999999999,0.4518047057109564,0.0,0.4296188991901106,0.9986979166666667,0.19973958333333336,0.0625,1.365699102303523,0.24191036493667556,-1.3803849198529532,0.3668966352498579,1.157833338977564,0.4753460781116022,27.84
0.6723999999999999,0.4518047057109564,0.0,0.4296188991901106,0.9986979166666667,0.19973958333333336,0.0625,1.365699102303523,0.213547532641948,-1.365578303092648,0.3754977116785582,1.180863370103951,-0.4182367857176042,27.25
0.6723999999999999,0.4518047057109564,0.0,0.4296188991901106,0.9986979166666667,1.7976562500000002,0.0625,1.365699102303523,0.1480782248918217,-1.3277574892527388,0.393943920552076,1.2060995574507953,-1.3118304427079504,31.39
0.6241000000000001,0.15525750291375323,0.3153782894736842,0.4296188991901106,0.9986979166666667,1.7976562500000002,0.0625,1.365699102303523,2.6297568930291115,-1.8916524035123001,-0.4794335703321074,1.1518801432287868,1.368858689832586,43.8
0.6241000000000001,0.15525750291375323,0.3153782894736842,0.4296188991901106,0.9986979166666667,0.19973958333333336,0.0625,1.365699102303523,3.0850699241997517,-1.9564365516522926,-0.5048802436084004,1.1672805507594255,0.4753131523523212,37.81
0.6241000000000001,0.15525750291375323,0.3153782894736842,0.4296188991901106,0.9986979166666667,0.19973958333333336,0.0625,1.365699102303523,3.0261688038830385,-1.9478629466010466,-0.4989455572168382,1.189713081242772,-0.41826678832907654,36.85
0.6241000000000001,0.15525750291375323,0.3153782894736842,0.4296188991901106,0.9986979166666667,1.7976562500000002,0.0625,1.365699102303523,2.7500310205415577,-1.9081242830045038,-0.47967892063958567,1.2151331149413211,-1.3118613447495175,45.52
0.5776,0.013430579836829935,5.046052631578947,1.4349577738704176,0.9986979166666667,1.7976562500000002,0.0625,1.365699102303523,2.1088302888197186,-2.2359865669024623,-1.998458186506051,1.368099702594765,1.367837438109916,36.85
0.5776,0.013430579836829935,5.046052631578947,1.4349577738704176,0.9986979166666667,0.19973958333333336,0.0625,1.365699102303523,1.8766896216908096,-2.195768440866761,-1.9789864430028647,1.3935656978812403,0.4742426568319514,37.58
0.5776,0.013430579836829935,5.046052631578947,1.4349577738704176,0.9986979166666667,0.19973958333333336,0.0625,1.365699102303523,2.0944628531236757,-2.232743767535565,-1.9925369145750034,1.4116318775115984,-0.4193159223846907,37.45
0.5776,0.013430579836829935,5.046052631578947,1.4349577738704176,0.9986979166666667,1.7976562500000002,0.0625,1.365699102303523,1.9590341882733369,-2.2093068268704084,-1.9802439134794965,1.4354892172206568,-1.3129028336493245,36.62
0.5476,0.02632393648018634,2.8384046052631575,0.9445485667092929,0.9986979166666667,1.7976562500000002,0.0625,1.365699102303523,0.9582247683124496,1.8575617381715541,1.6158153523024155,0.9299820495750393,1.369897144283418,15.19
0.5476,0.02632393648018634,2.8384046052631575,0.9445485667092929,0.9986979166666667,0.19973958333333336,0.0625,1.365699102303523,0.9446909567943418,1.8546282446829978,1.616827472471569,0.9513115019481571,0.4763226001825903,15.5
0.5476,0.02632393648018634,2.8384046052631575,0.9445485667092929,0.9986979166666667,0.19973958333333336,0.0625,1.365699102303523,0.9621092512106371,1.8593661502209762,1.621121303455662,0.9733763397280939,-0.4172555416386175,15.28
0.5476,0.02632393648018634,2.8384046052631575,0.9445485667092929,0.9986979166666667,1.7976562500000002,0.0625,1.365699102303523,0.9543481430175066,1.8578710440498951,1.6227487444026167,0.9948436768649903,-1.3108307603120166,15.5
0.5041,0.19393757284382246,1.2615131578947367,0.9445485667092929,0.9986979166666667,1.7976562500000002,0.0625,1.365699102303523,0.9312534009159755,1.88659170459014,1.0028834139724814,0.9974327853197578,1.369580448329173,15.42
0.5041,0.19393757284382246,1.2615131578947367,0.9445485667092929,0.9986979166666667,0.19973958333333336,0.0625,1.365699102303523,0.9160140582465062,1.8831787486624252,1.0036904272157012,1.0187162761049495,0.47600612908586903,15.85
0.5041,0.19393757284382246,1.2615131578947367,0.9445485667092929,0.9986979166666667,0.19973958333333336,0.0625,1.365699102303523,0.9312534009159755,1.8874371917612451,1.0077791512738603,1.0407351522969601,-0.417571787877815,15.44
0.5041,0.19393757284382246,1.2615131578947367,0.9445485667092929,0.9986979166666667,1.7976562500000002,0.0625,1.365699102303523,0.919812107509007,1.884983160711847,1.0089963783689475,1.0621105662580044,-1.3111465568361667,15.81
0.4760999999999999,0.5162714889277383,0.3153782894736842,0.9445485667092929,0.9986979166666667,1.7976562500000002,0.0625,1.365699102303523,0.8915182671193275,1.9118022006163427,0.38900917207162017,1.0645375089410136,1.3692654367450932,15.21
0.4760999999999999,0.5162714889277383,0.3153782894736842,0.9445485667092929,0.9986979166666667,0.19973958333333336,0.0625,1.365699102303523,0.8636664169121351,1.905033007614519,0.3883804368333042,1.0854992686107219,0.4756926915044553,15.63
0.4760999999999999,0.5162714889277383,0.3153782894736842,0.9445485667092929,0.9986979166666667,0.19973958333333336,0.0625,1.365699102303523,0.9009004372289441,1.9150449999832397,0.3949304440026676,1.108069683857847,-0.41788792374951367,15.48
0.4760999999999999,0.5162714889277383,0.3153782894736842,0.9445485667092929,0.9986979166666667,1.7976562500000002,0.0625,1.365699102303523,0.9027827644533006,1.915947206007951,0.3975834195792908,1.1297668289343743,-1.3114642667105316,15.78
0.43560000000000004,0.9933256847319338,0.0,0.9445485667092929,0.9986979166666667,1.7976562500000002,0.0625,1.365699102303523,0.8200227961602009,1.9288456060559676,-0.2290504394066565,1.1308392049875773,1.3689543622289417,16.39
0.43560000000000004,0.9933256847319338,0.0,0.9445485667092929,0.9986979166666667,0.19973958333333336,0.0625,1.365699102303523,0.8182288669723419,1.9287888872023617,-0.22680767768190072,1.1524444268882525,0.4753784689829714,16.27
0.43560000000000004,0.9933256847319338,0.0,0.9445485667092929,0.9986979166666667,0.19973958333333336,0.0625,1.365699102303523,0.8200227961602009,1.9296910932270728,-0.22415470210527758,1.1741415719647796,-0.4181978739780464,16.39
0.43560000000000004,0.9933256847319338,0.0,0.9445485667092929,0.9986979166666667,1.7976562500000002,0.0625,1.365699102303523,0.8182288669723419,1.929634374373467,-0.22191194038052178,1.195746793865455,-1.3117737672240168,16.19
0.4096,1.6251001602564088,0.3153782894736842,0.9445485667092929,0.9986979166666667,1.7976562500000002,0.0625,1.365699102303523,0.22697793687361142,1.7565175771489014,-0.9274287347922004,1.1790077543832411,1.368731991944644,21.13
0.4096,1.6251001602564088,0.3153782894736842,0.9445485667092929,0.9986979166666667,0.19973958333333336,0.0625,1.365699102303523,0.24136381952101948,1.7641322573218303,-0.9219042622525057,1.2013483616907352,0.4751525009782938,21.19
0.4096,1.6251001602564088,0.3153782894736842,0.9445485667092929,0.9986979166666667,0.19973958333333336,0.0625,1.365699102303523,0.2250932140010783,1.7564041394416898,-0.9229432113426888,1.222218198184591,-0.4184197945472966,21.09
0.4096,1.6251001602564088,0.3153782894736842,0.9445485667092929,0.9986979166666667,1.7976562500000002,0.0625,1.365699102303523,0.2394201646241547,1.7640188196146187,-0.9174187388029938,1.2445588054920853,-1.3119992855136469,21.08
0.3844,2.411594915501164,1.2615131578947367,0.9445485667092929,0.9986979166666667,1.7976562500000002,0.0625,1.365699102303523,0.5116076453627725,1.90734723223461,-1.4875649620984335,1.2581544140411598,1.3683580676893432,15.77
0.3844,2.411594915501164,1.2615131578947367,0.9445485667092929,0.9986979166666667,0.19973958333333336,0.0625,1.365699102303523,0.5073632458687966,1.9063315885026872,-1.485732414225545,1.2796677127659821,0.4747826241584206,15.95
0.3844,2.411594915501164,1.2615131578947367,0.9445485667092929,0.9986979166666667,0.19973958333333336,0.0625,1.365699102303523,0.5130263739957199,1.9086721818448735,-1.4824641178711204,1.3015027426062882,-0.4187943933751685,15.77
0.3844,2.411594915501164,1.2615131578947367,0.9445485667092929,0.9986979166666667,1.7976562500000002,0.0625,1.365699102303523,0.5017315481548497,1.9052592259171588,-1.4816571046279006,1.3227862333914797,-1.3123687126184727,15.76
0.9603999999999999,3.1851963141025657,0.3153782894736842,2.1583113544330774,0.9986979166666667,1.7976562500000002,0.0625,0.2744389397018971,0.3976466186302957,-2.296185539823557,1.3014526414397052,0.42875453668500013,1.353445818774615,29.62
0.9603999999999999,3.1851963141025657,0.3153782894736842,2.1583113544330774,0.9986979166666667,0.19973958333333336,0.0625,0.2744389397018971,0.3852457399821368,-2.29096817184642,1.3059515793497316,0.4508653360528632,0.45986745209588364,29.69
0.9603999999999999,3.1851963141025657,0.3153782894736842,2.1583113544330774,0.9986979166666667,0.19973958333333336,0.0625,0.2744389397018971,0.3387592982292807,-2.271846393133689,1.3163986181118355,0.474309021470586,-0.4337174354510364,30.18
0.9603999999999999,3.1851963141025657,0.3153782894736842,2.1583113544330774,0.9986979166666667,1.7976562500000002,0.0625,0.2744389397018971,0.3889453773680685,-2.29156107199279,1.3102319958733095,0.494029818266287,-1.3272841095385335,30.02
0.81,1.5090599504662014,0.0,1.4349577738704176,0.9986979166666667,1.7976562500000002,0.0625,0.2744389397018971,1.012446707382863,-2.1744581159679144,0.47462807352676273,0.4774390879008457,1.3532226096852273,35.56
0.81,1.5090599504662014,0.0,1.4349577738704176,0.9986979166666667,0.19973958333333336,0.0625,0.2744389397018971,1.180438764120681,-2.2128718299541936,0.46046228117682286,0.49536738276742504,0.45966470504115653,32.64
0.81,1.5090599504662014,0.0,1.4349577738704176,0.9986979166666667,0.19973958333333336,0.0625,0.2744389397018971,0.9866852681600017,-2.1673796170877493,0.4821902008652798,0.5213389555210884,-0.4339325496695694,32.77
0.81,1.5090599504662014,0.0,1.4349577738704176,0.9986979166666667,1.7976562500000002,0.0625,0.2744389397018971,0.8591793678773497,-2.1348328900785827,0.49838023355352684,0.5460695654007447,-1.3275237332271543,37.72
0.7395999999999999,0.9030721882284389,0.3153782894736842,0.4296188991901106,0.9986979166666667,1.7976562500000002,0.0625,0.2744389397018971,0.4857996774650767,-1.5265954800123545,0.8721050072823473,0.4196316524625695,1.3534954569372755,33.37
0.7395999999999999,0.9030721882284389,0.3153782894736842,0.4296188991901106,0.9986979166666667,0.19973958333333336,0.0625,0.2744389397018971,0.5617794887344328,-1.551584245702198,0.8636822088585508,0.4388468717910824,0.45993125628254,27.89
0.7395999999999999,0.9030721882284389,0.3153782894736842,0.4296188991901106,0.9986979166666667,0.19973958333333336,0.0625,0.2744389397018971,0.47617713222246455,-1.52239375576714,0.8784364930652621,0.46325575055525525,-0.4336583532723787,29.9
0.7395999999999999,0.9030721882284389,0.3153782894736842,0.4296188991901106,0.9986979166666667,1.7976562500000002,0.0625,0.2744389397018971,0.36461507626640377,-1.4802577799748051,0.8987286642721831,0.4889055921934353,-1.3272540339804386,34.52
0.6723999999999999,0.4518047057109564,0.0,0.4296188991901106,0.9986979166666667,1.7976562500000002,0.0625,0.2744389397018971,0.1157439496651903,-1.3177833280302456,0.3353896143410063,0.5042963030996643,1.3530945539016517,28.27
0.6723999999999999,0.4518047057109564,0.0,0.4296188991901106,0.9986979166666667,0.19973958333333336,0.0625,0.2744389397018971,0.13249386744834116,-1.3288676829844952,0.3329149167692871,0.5248444084780369,0.45952383237872746,26.96
0.6723999999999999,0.4518047057109564,0.0,0.4296188991901106,0.9986979166666667,0.19973958333333336,0.0625,0.2744389397018971,0.09274062586640401,-1.2996771930494373,0.34766920097599835,0.5492532872422097,-0.4340657771761912,26.72
0.6723999999999999,0.4518047057109564,0.0,0.4296188991901106,0.9986979166666667,1.7976562500000002,0.0625,0.2744389397018971,0.06808279776201151,-1.2781581021409143,0.35914177436777045,0.5729267805995634,-1.3276517890107302,29.88
0.6241000000000001,0.15525750291375323,0.3153782894736842,0.4296188991901106,0.9986979166666667,1.7976562500000002,0.0625,0.2744389397018971,2.5977120062703993,-1.8971911969036939,-0.537823012998788,0.5134217837660426,1.3530632021450366,43.86
0.6241000000000001,0.15525750291375323,0.3153782894736842,0.4296188991901106,0.9986979166666667,0.19973958333333336,0.0625,0.2744389397018971,3.1410248745472455,-1.974441368461805,-0.5686024663493571,0.5276271900106003,0.4595235109603893,37.41
0.6241000000000001,0.15525750291375323,0.3153782894736842,0.4296188991901106,0.9986979166666667,0.19973958333333336,0.0625,0.2744389397018971,3.0642164682729702,-1.9634704512147674,-0.5616422453281263,0.5502895284335778,-0.4340575540086272,36.77
0.6241000000000001,0.15525750291375323,0.3153782894736842,0.4296188991901106,0.9986979166666667,1.7976562500000002,0.0625,0.2744389397018971,2.7303444186965433,-1.9155809261525312,-0.538888791010001,0.5764909091268722,-1.327655933006972,45.97
0.5776,0.013430579836829935,5.046052631578947,1.4349577738704176,0.9986979166666667,1.7976562500000002,0.0625,0.2744389397018971,2.105952872878889,-2.245840522246282,-2.0586935915061346,0.729227688840685,1.3520439741400803,36.87
0.5776,0.013430579836829935,5.046052631578947,1.4349577738704176,0.9986979166666667,0.19973958333333336,0.0625,0.2744389397018971,1.9176409098908298,-2.2132937952371154,-2.0425035588178875,0.7539582987203413,0.4584527905824957,37.35
0.5776,0.013430579836829935,5.046052631578947,1.4349577738704176,0.9986979166666667,0.19973958333333336,0.0625,0.2744389397018971,2.0801445274479105,-2.2406798731227506,-2.051951891871352,0.7729437101092231,-0.43511028578462124,37.28
0.5776,0.013430579836829935,5.046052631578947,1.4349577738704176,0.9986979166666667,1.7976562500000002,0.0625,0.2744389397018971,1.9645866868714597,-2.2205991695317033,-2.0410946392573814,0.7964793187027983,-1.328695623046589,36.81
0.5476,0.02632393648018634,2.8384046052631575,0.9445485667092929,0.9986979166666667,1.7976562500000002,0.0625,0.2744389397018971,0.973809845524665,1.8510640199018435,1.5570156957838677,0.2914317669364426,1.3541021063109162,14.73
0.5476,0.02632393648018634,2.8384046052631575,0.9445485667092929,0.9986979166666667,0.19973958333333336,0.0625,0.2744389397018971,0.9543481430175066,1.846692139095812,1.5574124951752202,0.31262333454578184,0.4605282367826598,15.1
0.5476,0.02632393648018634,2.8384046052631575,0.9445485667092929,0.9986979166666667,0.19973958333333336,0.0625,0.2744389397018971,1.0113282727117114,1.8610192934169587,1.565808464677987,0.3356074040842426,-0.4330544021890229,15.18
0.5476,0.02632393648018634,2.8384046052631575,0.9445485667092929,0.9986979166666667,1.7976562500000002,0.0625,0.2744389397018971,0.9836143618086585,1.8547295628542935,1.5653848363656047,0.35661512534187706,-1.3266273722871846,15.44
0.5041,0.19393757284382246,1.2615131578947367,0.9445485667092929,0.9986979166666667,1.7976562500000002,0.0625,0.2744389397018971,0.9777257588358292,1.887765385346964,0.9473654682688726,0.3596178880879803,1.3537818126362913,14.91
0.5041,0.19393757284382246,1.2615131578947367,0.9445485667092929,0.9986979166666667,0.19973958333333336,0.0625,0.2744389397018971,0.9855811582678908,1.8901059786891503,0.9506337646232969,0.3814529179282863,0.46020479510270246,15.4
0.5041,0.19393757284382246,1.2615131578947367,0.9445485667092929,0.9986979166666667,0.19973958333333336,0.0625,0.2744389397018971,1.0033707244374752,1.8948438842271287,0.9549275956073896,0.4035177557082232,-0.43337334671850536,14.94
0.5041,0.19393757284382246,1.2615131578947367,0.9445485667092929,0.9986979166666667,1.7976562500000002,0.0625,0.2744389397018971,0.9466184652373526,1.8813622170770872,0.9514273634060019,0.4238360531469647,-1.326942943953811,15.32
0.4760999999999999,0.5162714889277383,0.3153782894736842,0.9445485667092929,0.9986979166666667,1.7976562500000002,0.0625,0.2744389397018971,0.878465733799928,1.8981125457592556,0.32713291166406677,0.42529780248352406,1.3534737716354475,15.52
0.4760999999999999,0.5162714889277383,0.3153782894736842,0.9445485667092929,0.9986979166666667,0.19973958333333336,0.0625,0.2744389397018971,0.8747541181731137,1.8975763644664916,0.3291705664628889,0.44685706279627285,0.459898103247001,15.85
0.4760999999999999,0.5162714889277383,0.3153782894736842,0.9445485667092929,0.9986979166666667,0.19973958333333336,0.0625,0.2744389397018971,0.9009004372289441,1.9047115822002618,0.33448993207665006,0.46915170851584076,-0.4336811628618255,15.66
0.4760999999999999,0.5162714889277383,0.3153782894736842,0.9445485667092929,0.9986979166666667,1.7976562500000002,0.0625,0.2744389397018971,0.8599862316982974,1.8945861521243295,0.33242544835679827,0.4897917370700657,-1.3272523340997975,15.99
0.43560000000000004,0.9933256847319338,0.0,0.9445485667092929,0.9986979166666667,1.7976562500000002,0.0625,0.2744389397018971,0.8417031696777718,1.9242657375428907,-0.2870296682214697,0.4924727687006855,1.3531584248263449,15.89
0.43560000000000004,0.9933256847319338,0.0,0.9445485667092929,0.9986979166666667,0.19973958333333336,0.0625,0.2744389397018971,0.8636664169121351,1.9304420303983445,-0.28212051645957587,0.514675491244401,0.459579608432566,15.85
0.43560000000000004,0.9933256847319338,0.0,0.9445485667092929,0.9986979166666667,0.19973958333333336,0.0625,0.2744389397018971,0.8933907723396287,1.9385361730104318,-0.27639093699394723,0.5370620601398213,-0.43400010739130795,16.22
0.43560000000000004,0.9933256847319338,0.0,0.9445485667092929,0.9986979166666667,1.7976562500000002,0.0625,0.2744389397018971,0.8508201456778964,1.9279312804953406,-0.2786605276397328,0.5576561271061201,-1.3275710537717562,15.87
0.4096,1.6251001602564088,0.3153782894736842,0.9445485667092929,0.9986979166666667,1.7976562500000002,0.0625,0.2744389397018971,0.26224659873396994,1.7634448071756266,-0.9804853973846048,0.541744396206578,1.3529306579614773,20.47
0.4096,1.6251001602564088,0.3153782894736842,0.9445485667092929,0.9986979166666667,0.19973958333333336,0.0625,0.2744389397018971,0.29358190708721355,1.7782514239359317,-0.9718843209559045,0.5647744273329649,0.45934779413227106,20.56
0.4096,1.6251001602564088,0.3153782894736842,0.9445485667092929,0.9986979166666667,0.19973958333333336,0.0625,0.2744389397018971,0.27456856678767355,1.7700438436166328,-0.9731283769720214,0.5855983022388946,-0.4342242765357956,20.48
0.4096,1.6251001602564088,0.3153782894736842,0.9445485667092929,0.9986979166666667,1.7976562500000002,0.0625,0.2744389397018971,0.26530057133644663,1.7661514252497597,-0.9725264706547352,0.60683583143616,-1.3277983709215762,20.43
0.3844,2.411594915501164,1.2615131578947367,0.9445485667092929,0.9986979166666667,1.7976562500000002,0.0625,0.2744389397018971,0.6234635050845128,1.9329734973885135,-1.5326224545794236,0.6226835577936181,1.3525479642627505,15.32
0.3844,2.411594915501164,1.2615131578947367,0.9445485667092929,0.9986979166666667,0.19973958333333336,0.0625,0.2744389397018971,0.5743868305118975,1.9180534429209968,-1.5367380075586123,0.642863970468581,0.45897904160001657,15.64
0.3844,2.411594915501164,1.2615131578947367,0.9445485667092929,0.9986979166666667,0.19973958333333336,0.0625,0.2744389397018971,0.5834354837310006,1.9213529611415,-1.5330594973523206,0.6647909234847393,-0.43459842564862006,15.14
0.3844,2.411594915501164,1.2615131578947367,0.9445485667092929,0.9986979166666667,1.7976562500000002,0.0625,0.2744389397018971,0.5834354837310006,1.9217757047270525,-1.5306116287016311,0.6864421069733405,-1.3281745437521142,15.3
0.9603999999999999,3.1851963141025657,0.3153782894736842,2.1583113544330774,0.9986979166666667,1.7976562500000002,0.0625,0.014615091463414635,0.3976466186302957,-2.3065189576065346,1.2410121295136876,-0.210163438657006,1.3376525796623033,29.43
0.9603999999999999,3.1851963141025657,0.3153782894736842,2.1583113544330774,0.9986979166666667,0.19973958333333336,0.0625,0.014615091463414635,0.3840164563217815,-2.3008221271902394,1.2457161743496477,-0.18800667770121668,0.44407398812604804,29.78
0.9603999999999999,3.1851963141025657,0.3153782894736842,2.1583113544330774,0.9986979166666667,0.19973958333333336,0.0625,0.014615091463414635,0.33760662620055704,-2.2817003484775085,1.2561632131117515,-0.16456299228349397,-0.4495108994208721,30.1
0.9603999999999999,3.1851963141025657,0.3153782894736842,2.1583113544330774,0.9986979166666667,1.7976562500000002,0.0625,0.014615091463414635,0.39266269436129925,-2.303332877093243,1.2491761631694909,-0.1450260418394977,-1.3430766740782738,30.19
0.81,1.5090599504662014,0.0,1.4349577738704176,0.9986979166666667,1.7976562500000002,0.0625,0.014615091463414635,0.8536764105468692,-2.1449961513007434,0.43121143645324195,-0.15766407564328638,1.337410707398445,36.35
0.81,1.5090599504662014,0.0,1.4349577738704176,0.9986979166666667,0.19973958333333336,0.0625,0.014615091463414635,1.0005155599398943,-2.181492015530389,0.41786607180703683,-0.13955193442500216,0.443851903324279,35.1
0.81,1.5090599504662014,0.0,1.4349577738704176,0.9986979166666667,0.19973958333333336,0.0625,0.014615091463414635,1.0567992834568827,-2.194494220241272,0.4145709465315828,-0.11918767539833443,-0.4497179187685503,32.83
0.81,1.5090599504662014,0.0,1.4349577738704176,0.9986979166666667,1.7976562500000002,0.0625,0.014615091463414635,0.9788254611036208,-2.175372441528541,0.4250179852936864,-0.09574398998061166,-1.3433028063154704,32.46
0.7395999999999999,0.9030721882284389,0.3153782894736842,0.4296188991901106,0.9986979166666667,1.7976562500000002,0.0625,0.014615091463414635,0.36461507626640377,-1.4918594285144409,0.8309445463940971,-0.21496593361437438,1.3376810812177318,33.52
0.7395999999999999,0.9030721882284389,0.3153782894736842,0.4296188991901106,0.9986979166666667,0.19973958333333336,0.0625,0.014615091463414635,0.49412418501894667,-1.53938292884473,0.812881722451417,-0.19791090891839264,0.44412744886661215,32.93
0.7395999999999999,0.9030721882284389,0.3153782894736842,0.4296188991901106,0.9986979166666667,0.19973958333333336,0.0625,0.014615091463414635,0.49831295820683114,-1.5403985725766527,0.8147142703243053,-0.17639761019357003,-0.44944799466431073,28.38
0.7395999999999999,0.9030721882284389,0.3153782894736842,0.4296188991901106,0.9986979166666667,1.7976562500000002,0.0625,0.014615091463414635,0.4492145340339861,-1.5227151811813973,0.8245459883086078,-0.15309180953962587,-1.3430322076386594,29.82
0.6723999999999999,0.4518047057109564,0.0,0.4296188991901106,0.9986979166666667,1.7976562500000002,0.0625,0.014615091463414635,0.05623602440325478,-1.278252652140748,0.29628022271209314,-0.12984166709801764,1.3372779296068706,28.77
0.6723999999999999,0.4518047057109564,0.0,0.4296188991901106,0.9986979166666667,0.19973958333333336,0.0625,0.014615091463414635,0.09887506592729642,-1.3152279788095522,0.28272975113995436,-0.11177548746765963,0.4437193503902284,27.76
0.6723999999999999,0.4518047057109564,0.0,0.4296188991901106,0.9986979166666667,0.19973958333333336,0.0625,0.014615091463414635,0.09213798606477568,-1.309531148393257,0.28743379597591445,-0.0896187265118703,-0.4498592411460268,26.95
0.6723999999999999,0.4518047057109564,0.0,0.4296188991901106,0.9986979166666667,1.7976562500000002,0.0625,0.014615091463414635,0.08049771420252871,-1.299519156024536,0.2939838031452779,-0.06704831126474525,-1.3434398563999956,26.41
0.6241000000000001,0.15525750291375323,0.3153782894736842,0.4296188991901106,0.9986979166666667,1.7976562500000002,0.0625,0.014615091463414635,2.7500310205415577,-1.9300593493271174,-0.6079035504436892,-0.1276563862084946,1.337280531336341,45.13
0.6241000000000001,0.15525750291375323,0.3153782894736842,0.4296188991901106,0.9986979166666667,0.19973958333333336,0.0625,0.014615091463414635,2.527904724486725,-1.896553697439634,-0.5913033039035747,-0.10283385315298604,0.4436888980637086,43.66
0.6241000000000001,0.15525750291375323,0.3153782894736842,0.4296188991901106,0.9986979166666667,0.19973958333333336,0.0625,0.014615091463414635,3.0089529870109675,-1.9661324699712106,-0.6188010464392049,-0.0878930615016092,-0.449854390841319,37.76
0.6241000000000001,0.15525750291375323,0.3153782894736842,0.4296188991901106,0.9986979166666667,1.7976562500000002,0.0625,0.014615091463414635,3.0158334205573616,-1.9666686512639746,-0.6167633916403826,-0.06633380118886041,-1.3434300592297654,36.87
0.5776,0.013430579836829935,5.046052631578947,1.4349577738704176,0.9986979166666667,1.7976562500000002,0.0625,0.014615091463414635,1.8388671927354354,-2.2101455458700516,-2.0994438385425176,0.09472202593959356,1.3362291487054894,36.07
0.5776,0.013430579836829935,5.046052631578947,1.4349577738704176,0.9986979166666667,0.19973958333333336,0.0625,0.014615091463414635,2.0036741899491544,-2.238490548634004,-2.1093023854478496,0.11361551415262308,0.4426665220534199,36.44
0.5776,0.013430579836829935,5.046052631578947,1.4349577738704176,0.9986979166666667,0.19973958333333336,0.0625,0.014615091463414635,1.7459955940424787,-2.192518873328402,-2.087369358833459,0.1396330484942127,-0.4509309575148298,37.28
0.5776,0.013430579836829935,5.046052631578947,1.4349577738704176,0.9986979166666667,1.7976562500000002,0.0625,0.014615091463414635,1.9840823105904362,-2.23428882438879,-2.102970899664935,0.1572396122453088,-1.3444872881562344,37.29
0.5476,0.02632393648018634,2.8384046052631575,0.9445485667092929,0.9986979166666667,1.7976562500000002,0.0625,0.014615091463414635,1.0843605757637975,1.8671010362725786,1.5078560647842032,-0.3449583210696229,1.3382965000347986,14.49
0.5476,0.02632393648018634,2.8384046052631575,0.9445485667092929,0.9986979166666667,0.19973958333333336,0.0625,0.014615091463414635,1.037407370892601,1.8564961437574876,1.5055864741384177,-0.32436425410332415,0.4447255536543507,13.79
0.5476,0.02632393648018634,2.8384046052631575,0.9445485667092929,0.9986979166666667,0.19973958333333336,0.0625,0.014615091463414635,1.0475261913063638,1.8593161995388323,1.509059877418776,-0.30248326267509207,-0.4488516887367622,14.72
0.5476,0.02632393648018634,2.8384046052631575,0.9445485667092929,0.9986979166666667,1.7976562500000002,0.0625,0.014615091463414635,1.1071837993060372,1.873643353859979,1.5174558469215425,-0.27949919313663124,-1.3424343277084445,14.76
0.5041,0.19393757284382246,1.2615131578947367,0.9445485667092929,0.9986979166666667,1.7976562500000002,0.0625,0.014615091463414635,0.9621092512106371,1.8735962680507188,0.8852841009353853,-0.27966777995743536,1.3379903723841695,14.92
0.5041,0.19393757284382246,1.2615131578947367,0.9445485667092929,0.9986979166666667,0.19973958333333336,0.0625,0.014615091463414635,0.9875499191279336,1.8802520233453308,0.8903983596232129,-0.25741909582579364,0.4444113311328668,14.74
0.5041,0.19393757284382246,1.2615131578947367,0.9445485667092929,0.9986979166666667,0.19973958333333336,0.0625,0.014615091463414635,1.023323527147398,1.889305090835735,0.8965381529407089,-0.234940603754521,-0.44916883440605465,15.57
0.5041,0.19393757284382246,1.2615131578947367,0.9445485667092929,0.9986979166666667,1.7976562500000002,0.0625,0.014615091463414635,1.005357164904818,1.8854126724688618,0.8971400592579951,-0.21370307455725557,-1.3427429287918349,14.94
0.4760999999999999,0.5162714889277383,0.3153782894736842,0.9445485667092929,0.9986979166666667,1.7976562500000002,0.0625,0.014615091463414635,0.9757668199798416,1.9122317123733572,0.2771528529606677,-0.2112761318742462,1.337669064789425,14.92
0.4760999999999999,0.5162714889277383,0.3153782894736842,0.9445485667092929,0.9986979166666667,0.19973958333333336,0.0625,0.014615091463414635,0.9524127769712512,1.9069009066890086,0.2771394385001528,-0.19017648744075932,0.4440956449762156,14.38
0.4760999999999999,0.5162714889277383,0.3153782894736842,0.9445485667092929,0.9986979166666667,0.19973958333333336,0.0625,0.014615091463414635,0.9816495297502376,1.9145155868619377,0.2826639110398478,-0.16783588013326523,-0.4494838459901346,15.44
0.4760999999999999,0.5162714889277383,0.3153782894736842,0.9445485667092929,0.9986979166666667,1.7976562500000002,0.0625,0.014615091463414635,1.019317251398925,1.9240481167915002,0.2890088112832775,-0.14531142647406636,-1.3430642363865797,15.17
0.43560000000000004,0.9933256847319338,0.0,0.9445485667092929,0.9986979166666667,1.7976562500000002,0.0625,0.014615091463414635,0.8563139040877037,1.9177680192731803,-0.34582932474001765,-0.14607751393791105,1.3373633868538433,15.53
0.43560000000000004,0.9933256847319338,0.0,0.9445485667092929,0.9986979166666667,0.19973958333333336,0.0625,0.014615091463414635,0.8489928216762495,1.9162729131020992,-0.344201883793063,-0.12461017680101466,0.44378816818044403,15.8
0.43560000000000004,0.9933256847319338,0.0,0.9445485667092929,0.9986979166666667,0.19973958333333336,0.0625,0.014615091463414635,0.8990200744053987,1.9296411425449291,-0.33621612814216373,-0.10171803043840624,-0.4497940210761911,16.14
0.43560000000000004,0.9933256847319338,0.0,0.9445485667092929,0.9986979166666667,1.7976562500000002,0.0625,0.014615091463414635,0.8803244882145519,1.9252692617388976,-0.3358193287508112,-0.08052646282906699,-1.3433678906044477,16.26
0.4096,1.6251001602564088,0.3153782894736842,0.9445485667092929,0.9986979166666667,1.7976562500000002,0.0625,0.014615091463414635,0.29465686557822657,1.7679747250065598,-1.034567594606678,-0.09574876990971616,1.3371304482659294,19.87
0.4096,1.6251001602564088,0.3153782894736842,0.9445485667092929,0.9986979166666667,0.19973958333333336,0.0625,0.014615091463414635,0.2839956787045958,1.763602844200528,-1.0341707952153254,-0.07455720230037693,0.44355657873767285,20.03
0.4096,1.6251001602564088,0.3153782894736842,0.9445485667092929,0.9986979166666667,0.19973958333333336,0.0625,0.014615091463414635,0.3132317132495356,1.7769710736433582,-1.0261850395644259,-0.051665055937768524,-0.4500256105189623,20.46
0.4096,1.6251001602564088,0.3153782894736842,0.9445485667092929,0.9986979166666667,1.7976562500000002,0.0625,0.014615091463414635,0.2914378833076212,1.7678045684457424,-1.0278393094324103,-0.030933104207691214,-1.3435972314719813,20.28
0.3844,2.411594915501164,1.2615131578947367,0.9445485667092929,0.9986979166666667,1.7976562500000002,0.0625,0.014615091463414635,0.6925778828492912,1.9432569644893476,-1.5842433686902924,-0.014258069267561693,1.3367450562769179,14.89
0.3844,2.411594915501164,1.2615131578947367,0.9445485667092929,0.9986979166666667,0.19973958333333336,0.0625,0.014615091463414635,0.6234635050845128,1.9230628231910882,-1.5906150978547517,0.005416765940213141,0.4431786070469449,14.96
0.3844,2.411594915501164,1.2615131578947367,0.9445485667092929,0.9986979166666667,0.19973958333333336,0.0625,0.014615091463414635,0.6859954151427939,1.9421846019038191,-1.580168059092648,0.028860451357935895,-0.4504062804999752,14.89
0.3844,2.411594915501164,1.2615131578947367,0.9445485667092929,0.9986979166666667,1.7976562500000002,0.0625,0.014615091463414635,0.6794443778492731,1.940689495732738,-1.5785406181456934,0.05032778849483226,-1.3439814991733743,14.35
0.9603999999999999,3.1851963141025657,0.3153782894736842,2.1583113544330774,0.9986979166666667,1.7976562500000002,0.0625,0.5862275575880759,0.40140518804055864,-2.3182907627069875,1.179956296809869,-0.8492192987627908,1.3218600151225628,29.61
0.9603999999999999,3.1851963141025657,0.3153782894736842,2.1583113544330774,0.9986979166666667,0.19973958333333336,0.0625,0.5862275575880759,0.3827891370622377,-2.3106760825340587,1.185480769349564,-0.8268786914552967,0.4282805241562124,29.59
0.9603999999999999,3.1851963141025657,0.3153782894736842,2.1583113544330774,0.9986979166666667,0.19973958333333336,0.0625,0.5862275575880759,0.335307175345542,-2.2910748413821693,1.1961329150376014,-0.8033890444496478,-0.4653045882482314,30.19
0.9603999999999999,3.1851963141025657,0.3153782894736842,2.1583113544330774,0.9986979166666667,1.7976562500000002,0.0625,0.5862275575880759,0.391421624296078,-2.3131868324370624,1.1889407581694071,-0.7838980555935777,-1.3588701380481096,30.12
0.81,1.5090599504662014,0.0,1.4349577738704176,0.9986979166666667,1.7976562500000002,0.0625,0.5862275575880759,1.0547626310631841,-2.205193662756197,0.34943980423012,-0.8013620561296168,1.3216408534686024,32.12
0.81,1.5090599504662014,0.0,1.4349577738704176,0.9986979166666667,0.19973958333333336,0.0625,0.5862275575880759,0.8647000048151299,-2.1577836001331194,0.3719881516223117,-0.7752066370242485,0.4280426993277814,37.12
0.81,1.5090599504662014,0.0,1.4349577738704176,0.9986979166666667,0.19973958333333336,0.0625,0.5862275575880759,0.9361583409254864,-2.1755804292355867,0.3666419570875207,-0.7553019938768427,-0.4655248741898105,36.16
0.81,1.5090599504662014,0.0,1.4349577738704176,0.9986979166666667,1.7976562500000002,0.0625,0.5862275575880759,1.1825932805630428,-2.2331726407882027,0.344271887700233,-0.739212162527311,-1.3590737845329317,33.16
0.7395999999999999,0.9030721882284389,0.3153782894736842,0.4296188991901106,0.9986979166666667,1.7976562500000002,0.0625,0.5862275575880759,0.503925490735365,-1.5534953272873695,0.7485575933931742,-0.8588017988644834,1.3219119018604606,29.45
0.7395999999999999,0.9030721882284389,0.3153782894736842,0.4296188991901106,0.9986979166666667,0.19973958333333336,0.0625,0.5862275575880759,0.3670127471619716,-1.502729027590183,0.7725416892669016,-0.8323246486436318,0.4283121737169735,34.19
0.7395999999999999,0.9030721882284389,0.3153782894736842,0.4296188991901106,0.9986979166666667,0.19973958333333336,0.0625,0.5862275575880759,0.45054400213570467,-1.533950804989086,0.7614525008059673,-0.8137069299581594,-0.4652491037899536,33.93
0.7395999999999999,0.9030721882284389,0.3153782894736842,0.4296188991901106,0.9986979166666667,1.7976562500000002,0.0625,0.5862275575880759,0.5632661089010358,-1.571885056536207,0.747491815381961,-0.7957326735036537,-1.3588072332915482,28.31
0.6723999999999999,0.4518047057109564,0.0,0.4296188991901106,0.9986979166666667,1.7976562500000002,0.0625,0.5862275575880759,0.11041208704128859,-1.3346144640829343,0.2161494458964408,-0.7731719548809385,1.3215062768168382,26.3
0.6723999999999999,0.4518047057109564,0.0,0.4296188991901106,0.9986979166666667,0.19973958333333336,0.0625,0.5862275575880759,0.06912110329632866,-1.3006293497562922,0.23295479936248903,-0.7483034602375037,0.42791441868668195,29.43
0.6723999999999999,0.4518047057109564,0.0,0.4296188991901106,0.9986979166666667,0.19973958333333336,0.0625,0.5862275575880759,0.09578329088671204,-1.3227413408111852,0.2257626424942948,-0.7288124713814336,-0.4656511311131962,28.76
0.6723999999999999,0.4518047057109564,0.0,0.4296188991901106,0.9986979166666667,1.7976562500000002,0.0625,0.5862275575880759,0.13394076835135776,-1.3496479562576627,0.21651941636676367,-0.7097810984046256,-1.359214432337837,27.34
0.6241000000000001,0.15525750291375323,0.3153782894736842,0.4296188991901106,0.9986979166666667,1.7976562500000002,0.0625,0.5862275575880759,3.074634356432711,-1.9864211612693037,-0.6880343272593414,-0.7709866739914154,1.3215088785463085,36.26
0.6241000000000001,0.15525750291375323,0.3153782894736842,0.4296188991901106,0.9986979166666667,0.19973958333333336,0.0625,0.5862275575880759,2.6846840305050597,-1.9303807747413746,-0.6617940552003433,-0.7440039463033757,0.4279066769700602,45.48
0.6241000000000001,0.15525750291375323,0.3153782894736842,0.4296188991901106,0.9986979166666667,0.19973958333333336,0.0625,0.5862275575880759,2.5216057535804004,-1.9055054467587422,-0.6488857333270354,-0.7200087218305385,-0.46568090886714486,44.16
0.6241000000000001,0.15525750291375323,0.3153782894736842,0.4296188991901106,0.9986979166666667,1.7976562500000002,0.0625,0.5862275575880759,3.116482705144668,-1.9909064797825466,-0.6831520044184773,-0.7065846625807263,-1.3592167774738888,37.26
0.5776,0.013430579836829935,5.046052631578947,1.4349577738704176,0.9986979166666667,1.7976562500000002,0.0625,0.5862275575880759,2.105952872878889,-2.266507357812238,-2.17957461535817,-0.5486082618433272,1.3204574959154567,37.2
0.5776,0.013430579836829935,5.046052631578947,1.4349577738704176,0.9986979166666667,0.19973958333333336,0.0625,0.5862275575880759,1.9645866868714597,-2.2421114922687644,-2.1668714004107956,-0.5246589989584164,0.42687013493577564,36.76
0.5776,0.013430579836829935,5.046052631578947,1.4349577738704176,0.9986979166666667,0.19973958333333336,0.0625,0.5862275575880759,2.0658753117924227,-2.258949396492915,-2.1718073810937186,-0.5046624326351582,-0.4666978882968637,37.05
0.5776,0.013430579836829935,5.046052631578947,1.4349577738704176,0.9986979166666667,1.7976562500000002,0.0625,0.5862275575880759,1.9121552009202822,-2.232156218753649,-2.158078631516676,-0.4804833618106163,-1.3602863735641635,37.51
0.5476,0.02632393648018634,2.8384046052631575,0.9445485667092929,0.9986979166666667,1.7976562500000002,0.0625,0.5862275575880759,0.9796866620926278,1.831835571653363,1.4367499927096337,-0.986266298983791,1.3225149535137215,14.92
0.5476,0.02632393648018634,2.8384046052631575,0.9445485667092929,0.9986979166666667,0.19973958333333336,0.0625,0.5862275575880759,0.9836143618086585,1.8332172401172324,1.4396080752121905,-0.9645231923193376,0.4289383856951799,15.24
0.5476,0.02632393648018634,2.8384046052631575,0.9445485667092929,0.9986979166666667,0.19973958333333336,0.0625,0.5862275575880759,1.0073455697729712,1.839393532972686,1.4445172269740845,-0.9423204697756221,-0.46464043069859917,15.03
0.5476,0.02632393648018634,2.8384046052631575,0.9445485667092929,0.9986979166666667,1.7976562500000002,0.0625,0.5862275575880759,0.9582247683124496,1.8278297155792782,1.4418374224764317,-0.9218183259851758,-1.3582109273639995,15.35
0.5041,0.19393757284382246,1.2615131578947367,0.9445485667092929,0.9986979166666667,1.7976562500000002,0.0625,0.5862275575880759,0.9718548354702994,1.865660162463533,0.8258691236390364,-0.9183559473598105,1.3221960089842388,14.67
0.5041,0.19393757284382246,1.2615131578947367,0.9445485667092929,0.9986979166666667,0.19973958333333336,0.0625,0.5862275575880759,0.9466184652373526,1.8598498943400261,0.8256506022525878,-0.8973022645142499,0.42862281402855357,15.09
0.5041,0.19393757284382246,1.2615131578947367,0.9445485667092929,0.9986979166666667,0.19973958333333336,0.0625,0.5862275575880759,1.009335939041936,1.875615435978648,0.8346618925331555,-0.8741803102120105,-0.4649604995157003,15.2
0.5041,0.19393757284382246,1.2615131578947367,0.9445485667092929,0.9986979166666667,1.7976562500000002,0.0625,0.5862275575880759,0.9875499191279336,1.8707640927334581,0.8348535849985743,-0.8530347041905975,-1.3585341441864331,15.64
0.4760999999999999,0.5162714889277383,0.3153782894736842,0.9445485667092929,0.9986979166666667,1.7976562500000002,0.0625,0.5862275575880759,0.8673544597292168,1.8745689355583495,0.20502124625642953,-0.8528139177280454,1.3218886425559664,15.37
0.4760999999999999,0.5162714889277383,0.3153782894736842,0.9445485667092929,0.9986979166666667,0.19973958333333336,0.0625,0.5862275575880759,0.8599862316982974,1.8730738293872684,0.20664868720338422,-0.8313465805911491,0.4283134238825672,15.73
0.4760999999999999,0.5162714889277383,0.3153782894736842,0.9445485667092929,0.9986979166666667,0.19973958333333336,0.0625,0.5862275575880759,0.9122238665872494,1.8869215212692567,0.21483954978021721,-0.8084084726406144,-0.4652689902315917,15.83
0.4760999999999999,0.5162714889277383,0.3153782894736842,0.9445485667092929,0.9986979166666667,1.7976562500000002,0.0625,0.5862275575880759,0.8766089437861152,1.8782344785107994,0.2133903868381665,-0.787630559322611,-1.3588408360421347,16.13
0.43560000000000004,0.9933256847319338,0.0,0.9445485667092929,0.9986979166666667,1.7976562500000002,0.0625,0.5862275575880759,0.8599862316982974,1.9083935263685192,-0.4058596228141678,-0.7849035661040649,1.3215696980264837,15.95
0.43560000000000004,0.9933256847319338,0.0,0.9445485667092929,0.9986979166666667,0.19973958333333336,0.0625,0.5862275575880759,0.8508201456778964,1.9064189577582795,-0.40443728879314683,-0.7634821905550946,0.4279947042106085,15.59
0.43560000000000004,0.9933256847319338,0.0,0.9445485667092929,0.9986979166666667,0.19973958333333336,0.0625,0.5862275575880759,0.8766089437861152,1.9135541754920502,-0.3991179231793856,-0.7411875448355267,-0.465584561898218,16.17
0.43560000000000004,0.9933256847319338,0.0,0.9445485667092929,0.9986979166666667,1.7976562500000002,0.0625,0.5862275575880759,0.8655094561202705,1.9111001444426523,-0.3979006960842983,-0.7198121308744827,-1.3591593308565697,16.14
0.4096,1.6251001602564088,0.3153782894736842,0.9445485667092929,0.9986979166666667,1.7976562500000002,0.0625,0.5862275575880759,0.2776932578193482,1.749969908197047,-1.0982898173476343,-0.7354021306585414,1.3213408068739976,19.65
0.4096,1.6251001602564088,0.3153782894736842,0.9445485667092929,0.9986979166666667,0.19973958333333336,0.0625,0.5862275575880759,0.3099125465375664,1.7647765249573522,-1.0896887409189342,-0.7123720995321544,0.4277579430447912,19.76
0.4096,1.6251001602564088,0.3153782894736842,0.9445485667092929,0.9986979166666667,0.19973958333333336,0.0625,0.5862275575880759,0.32442328834215134,1.7714322802519644,-1.0845744822311063,-0.6901234154005127,-0.4658210982065115,20.37
0.4096,1.6251001602564088,0.3153782894736842,0.9445485667092929,0.9986979166666667,1.7976562500000002,0.0625,0.5862275575880759,0.3176847704768491,1.7689782492025663,-1.083357255136019,-0.6687480014394687,-1.3593958671648632,19.9
0.3844,2.411594915501164,1.2615131578947367,0.9445485667092929,0.9986979166666667,1.7976562500000002,0.0625,0.5862275575880759,0.6250295637782894,1.9127861242617161,-1.653298371505525,-0.6551064313024679,1.3209612611806032,15.41
0.3844,2.411594915501164,1.2615131578947367,0.9445485667092929,0.9986979166666667,0.19973958333333336,0.0625,0.5862275575880759,0.5819224638591225,1.899783919550833,-1.656593496780979,-0.6347421722758002,0.4273914390877741,15.56
0.3844,2.411594915501164,1.2615131578947367,0.9445485667092929,0.9986979166666667,0.19973958333333336,0.0625,0.5862275575880759,0.5819224638591225,1.9002066631363856,-1.6541456281302893,-0.613090988787199,-0.46618467901572,15.07
0.3844,2.411594915501164,1.2615131578947367,0.9445485667092929,0.9986979166666667,1.7976562500000002,0.0625,0.5862275575880759,0.5758900283797204,1.8987115569653044,-1.6525181871833345,-0.5916236516503027,-1.359759897689119,15.38
0.9603999999999999,3.1851963141025657,0.3153782894736842,2.1583113544330774,0.9986979166666667,1.7976562500000002,0.0625,1.9892763380758813,0.4001503671696601,-2.3281447180508072,1.119720891809785,-1.4880913125168707,1.306066551152727,29.53
0.9603999999999999,3.1851963141025657,0.3153782894736842,2.1583113544330774,0.9986979166666667,0.19973958333333336,0.0625,1.9892763380758813,0.38647698804330266,-2.322447887634512,1.1244249366457453,-1.4659345515610815,0.4124879596164718,29.77
0.9603999999999999,3.1851963141025657,0.3153782894736842,2.1583113544330774,0.9986979166666667,0.19973958333333336,0.0625,1.9892763380758813,0.335307175345542,-2.3014082591651475,1.1356924031115838,-1.4423070197916539,-0.4810978273605433,30.0
0.9603999999999999,3.1851963141025657,0.3153782894736842,2.1583113544330774,0.9986979166666667,1.7976562500000002,0.0625,1.9892763380758813,0.39018251863166753,-2.323040787780882,1.1287053531693232,-1.4227700693476577,-1.3746636020179452,30.2
0.81,1.5090599504662014,0.0,1.4349577738704176,0.9986979166666667,1.7976562500000002,0.0625,1.9892763380758813,1.150481796012772,-2.2375823527404624,0.27956437371115245,-1.442394264516228,1.3058579578023826,32.25
0.81,1.5090599504662014,0.0,1.4349577738704176,0.9986979166666667,0.19973958333333336,0.0625,1.9892763380758813,0.9827514358301899,-2.197843689143919,0.298831010288405,-1.4169742308176787,0.41226340138194156,32.0
0.81,1.5090599504662014,0.0,1.4349577738704176,0.9986979166666667,0.19973958333333336,0.0625,1.9892763380758813,0.8354609054979871,-2.16002287530401,0.31727721916192275,-1.3917380434708344,-0.4813302556084045,37.19
0.81,1.5090599504662014,0.0,1.4349577738704176,0.9986979166666667,1.7976562500000002,0.0625,1.9892763380758813,1.012446707382863,-2.20419013856019,0.30065014370077847,-1.3743612876593692,-1.3748854619621904,35.62
0.7395999999999999,0.9030721882284389,0.3153782894736842,0.4296188991901106,0.9986979166666667,1.7976562500000002,0.0625,1.9892763380758813,0.5382607245790831,-1.5753358436101497,0.6831945152447478,-1.4988228523167182,1.3061240593287184,28.02
0.7395999999999999,0.9030721882284389,0.3153782894736842,0.4296188991901106,0.9986979166666667,0.19973958333333336,0.0625,1.9892763380758813,0.45187543463823493,-1.5451864287967751,0.6983590133033265,-1.474322050376693,0.4125340000587524,29.43
0.7395999999999999,0.9030721882284389,0.3153782894736842,0.4296188991901106,0.9986979166666667,0.19973958333333336,0.0625,1.9892763380758813,0.3539227950764976,-1.5073656149568657,0.7168052221768443,-1.4490858630298487,-0.48105965693159375,34.15
0.7395999999999999,0.9030721882284389,0.3153782894736842,0.4296188991901106,0.9986979166666667,1.7976562500000002,0.0625,1.9892763380758813,0.4927318560912743,-1.5587248148004225,0.6971015428266946,-1.4323985310372764,-1.3746114904225235,33.47
0.6723999999999999,0.4518047057109564,0.0,0.4296188991901106,0.9986979166666667,1.7976562500000002,0.0625,1.9892763380758813,0.113062303146751,-1.3468657316225456,0.15488850626668849,-1.4122737765746494,1.3057139371346211,26.53
0.6723999999999999,0.4518047057109564,0.0,0.4296188991901106,0.9986979166666667,0.19973958333333336,0.0625,1.9892763380758813,0.08049771420252871,-1.321031478761597,0.16820704199186384,-1.38818662892596,0.4121259015823686,26.08
0.6723999999999999,0.4518047057109564,0.0,0.4296188991901106,0.9986979166666667,0.19973958333333336,0.0625,1.9892763380758813,0.05163381697498567,-1.2932793761440144,0.18234600542077398,-1.3639156349255657,-0.4814630333999788,29.31
0.6723999999999999,0.4518047057109564,0.0,0.4296188991901106,0.9986979166666667,1.7976562500000002,0.0625,1.9892763380758813,0.09949931413784635,-1.335528789643561,0.16653935766336464,-1.3463550327623959,-1.3750191391838598,28.14
0.6241000000000001,0.15525750291375323,0.3153782894736842,0.4296188991901106,0.9986979166666667,1.7976562500000002,0.0625,1.9892763380758813,3.0365218668160145,-1.991480492221539,-0.7462186630000883,-1.4093990718662335,1.3057131660012353,37.54
0.6241000000000001,0.15525750291375323,0.3153782894736842,0.4296188991901106,0.9986979166666667,0.19973958333333336,0.0625,1.9892763380758813,3.0158334205573616,-1.9881809740010357,-0.7425401527937966,-1.387472118850075,0.41213569875259887,36.66
0.6241000000000001,0.15525750291375323,0.3153782894736842,0.4296188991901106,0.9986979166666667,0.19973958333333336,0.0625,1.9892763380758813,2.7401788798154008,-1.9484423104044928,-0.7232735162165441,-1.362052085151526,-0.4814588576678422,45.28
0.6241000000000001,0.15525750291375323,0.3153782894736842,0.4296188991901106,0.9986979166666667,1.7976562500000002,0.0625,1.9892763380758813,2.62333220047088,-1.9307589190092371,-0.7134417982322416,-1.338746284497582,-1.3750430706421908,43.73
0.5776,0.013430579836829935,5.046052631578947,1.4349577738704176,0.9986979166666667,1.7976562500000002,0.0625,1.9892763380758813,1.7591156352234993,-2.2164285082612545,-2.2141716546165418,-1.181735077106633,1.3046359247551533,36.93
0.5776,0.013430579836829935,5.046052631578947,1.4349577738704176,0.9986979166666667,0.19973958333333336,0.0625,1.9892763380758813,2.017727321515426,-2.261554696395752,-2.2312089439295533,-1.1644502444710203,0.4110811681164148,37.01
0.5776,0.013430579836829935,5.046052631578947,1.4349577738704176,0.9986979166666667,0.19973958333333336,0.0625,1.9892763380758813,1.8577302793932513,-2.233323131339011,-2.216864873574709,-1.1401332888826998,-0.4825079917234563,35.73
0.5776,0.013430579836829935,5.046052631578947,1.4349577738704176,0.9986979166666667,1.7976562500000002,0.0625,1.9892763380758813,2.034655904621719,-2.2635859838595973,-2.2275438481837764,-1.121423647021375,-1.3760697189454307,36.15
0.5476,0.02632393648018634,2.8384046052631575,0.9445485667092929,0.9986979166666667,1.7976562500000002,0.0625,1.9892763380758813,1.019317251398925,1.8310914026535534,1.38041161930229,-1.6242650425672733,1.3067172172509347,14.48
0.5476,0.02632393648018634,2.8384046052631575,0.9445485667092929,0.9986979166666667,0.19973958333333336,0.0625,1.9892763380758813,1.1113590135242608,1.8530899560012348,1.3920892996199958,-1.6005455876219936,0.41313098055887215,14.58
0.5476,0.02632393648018634,2.8384046052631575,0.9445485667092929,0.9986979166666667,0.19973958333333336,0.0625,1.9892763380758813,1.117636567857679,1.8549510869042627,1.3951524890484865,-1.5787565193696138,-0.48044581211719317,14.81
0.5476,0.02632393648018634,2.8384046052631575,0.9445485667092929,0.9986979166666667,1.7976562500000002,0.0625,1.9892763380758813,1.0394272061737315,1.8371542578017954,1.3898062945136955,-1.558851876222208,-1.374013385634785,14.03
0.5041,0.19393757284382246,1.2615131578947367,0.9445485667092929,0.9986979166666667,1.7976562500000002,0.0625,1.9892763380758813,0.9895206443887876,1.8596419066329808,0.7672745740464221,-1.556860268410481,1.3064007461542133,15.27
0.5041,0.19393757284382246,1.2615131578947367,0.9445485667092929,0.9986979166666667,0.19973958333333336,0.0625,1.9892763380758813,1.005357164904818,1.8639003497318007,0.7713632981045812,-1.5348413922184703,0.4128228291905294,14.71
0.5041,0.19393757284382246,1.2615131578947367,0.9445485667092929,0.9986979166666667,0.19973958333333336,0.0625,1.9892763380758813,0.9934679881129288,1.8614463186824028,0.7725805251996685,-1.5134659782574262,-0.48075193976782227,15.23
0.5041,0.19393757284382246,1.2615131578947367,0.9445485667092929,0.9986979166666667,1.7976562500000002,0.0625,1.9892763380758813,0.9895206443887876,1.8609101373896386,0.7746181799984905,-1.4919067179446774,-1.3743276081562688,14.97
0.4760999999999999,0.5162714889277383,0.3153782894736842,0.9445485667092929,0.9986979166666667,1.7976562500000002,0.0625,1.9892763380758813,0.9504793753258072,1.885331865098342,0.1536054390714946,-1.489709583201299,1.3060855097126098,15.14
0.4760999999999999,0.5162714889277383,0.3153782894736842,0.9445485667092929,0.9986979166666667,0.19973958333333336,0.0625,1.9892763380758813,1.019317251398925,1.9025357940544392,0.16323205012986347,-1.466449744135281,0.4125015215957846,14.97
0.4760999999999999,0.5162714889277383,0.3153782894736842,0.9445485667092929,0.9986979166666667,0.19973958333333336,0.0625,1.9892763380758813,1.0073455697729712,1.9000817630050413,0.16444927722495076,-1.445074330174237,-0.481073247362567,15.22
0.4760999999999999,0.5162714889277383,0.3153782894736842,0.9445485667092929,0.9986979166666667,1.7976562500000002,0.0625,1.9892763380758813,0.9504793753258072,1.8866000958549998,0.16094904502356305,-1.4247560327354956,-1.3746428445978724,14.6
0.43560000000000004,0.9933256847319338,0.0,0.9445485667092929,0.9986979166666667,1.7976562500000002,0.0625,1.9892763380758813,0.8636664169121351,1.8990190334638581,-0.46588992088831793,-1.4237296182702186,1.3057760091991244,15.83
0.43560000000000004,0.9933256847319338,0.0,0.9445485667092929,0.9986979166666667,0.19973958333333336,0.0625,1.9892763380758813,0.8840478902462328,1.9047158638801533,-0.4611858760523578,-1.4015728573144293,0.4121974176628692,16.03
0.43560000000000004,0.9933256847319338,0.0,0.9445485667092929,0.9986979166666667,0.19973958333333336,0.0625,1.9892763380758813,0.8915182671193275,1.9070564572223396,-0.45791757969793356,-1.3797378274741234,-0.4813795998707199,15.8
0.43560000000000004,0.9933256847319338,0.0,0.9445485667092929,0.9986979166666667,1.7976562500000002,0.0625,1.9892763380758813,0.8471674620754135,1.89597210226809,-0.4603922772696528,-1.3591897220957507,-1.3749503213936443,16.06
0.4096,1.6251001602564088,0.3153782894736842,0.9445485667092929,0.9986979166666667,1.7976562500000002,0.0625,1.9892763380758813,0.3055144925329624,1.752102513832188,-1.153397549199376,-1.3731251047144666,1.3055417214660683,20.13
0.4096,1.6251001602564088,0.3153782894736842,0.9445485667092929,0.9986979166666667,0.19973958333333336,0.0625,1.9892763380758813,0.2914378833076212,1.7462922457086814,-1.1536160705858245,-1.3520714218689058,0.41196852651038296,20.01
0.4096,1.6251001602564088,0.3153782894736842,0.9445485667092929,0.9986979166666667,0.19973958333333336,0.0625,1.9892763380758813,0.3022365782380254,1.751509613685818,-1.1491171326757978,-1.3299606225010427,-0.48160984016834857,20.19
0.4096,1.6251001602564088,0.3153782894736842,0.9445485667092929,0.9986979166666667,1.7976562500000002,0.0625,1.9892763380758813,0.28505295758830884,1.7442609582448358,-1.1499509748400476,-1.3090448244192607,-1.3751823605514626,20.29
0.3844,2.411594915501164,1.2615131578947367,0.9445485667092929,0.9986979166666667,1.7976562500000002,0.0625,1.9892763380758813,0.7310370186134848,1.9336177650240354,-1.7004069332458522,-1.2910369034292717,1.305153406329248,15.19
0.3844,2.411594915501164,1.2615131578947367,0.9445485667092929,0.9986979166666667,0.19973958333333336,0.0625,1.9892763380758813,0.6794443778492731,1.919177172995677,-1.7043173792991075,-1.2708105291663823,0.41158425880899013,14.61
0.3844,2.411594915501164,1.2615131578947367,0.9445485667092929,0.9986979166666667,0.19973958333333336,0.0625,1.9892763380758813,0.6519531148965838,1.9114490551155365,-1.7053563283892905,-1.2499406926725265,-0.48198803671660034,14.61
0.3844,2.411594915501164,1.2615131578947367,0.9445485667092929,0.9986979166666667,1.7976562500000002,0.0625,1.9892763380758813,0.700850166500662,1.9262556718758417,-1.6967552519605902,-1.2269106615461396,-1.3755709005458068,14.75
0.9603999999999999,3.1851963141025657,0.3153782894736842,2.1583113544330774,0.9986979166666667,1.7976562500000002,0.16000000000000003,1.365699102303523,0.9729512320198508,-2.4587169275961185,1.2869734862269628,1.0466472215730722,1.3692149023028841,33.37
0.9603999999999999,3.1851963141025657,0.3153782894736842,2.1583113544330774,0.9986979166666667,0.19973958333333336,0.16000000000000003,1.365699102303523,0.9729512320198508,-2.4582941840105663,1.2894213548776523,1.0682984050616733,0.4756387841993901,33.34
0.9603999999999999,3.1851963141025657,0.3153782894736842,2.1583113544330774,0.9986979166666667,0.19973958333333336,0.16000000000000003,1.365699102303523,1.0184388005152962,-2.4688990765256573,1.2871517642318668,1.088892472027972,-0.4179321621810579,32.83
0.9603999999999999,3.1851963141025657,0.3153782894736842,2.1583113544330774,0.9986979166666667,1.7976562500000002,0.16000000000000003,1.365699102303523,1.0264557596365613,-2.4703941826967384,1.2887792051788216,1.1103598091648683,-1.311507380854457,33.04
0.81,1.5090599504662014,0.0,1.4349577738704176,0.9986979166666667,1.7976562500000002,0.16000000000000003,1.365699102303523,1.9701470430728254,-2.35712692618513,0.4515344274248055,1.0934013860960174,1.3690011372294937,39.28
0.81,1.5090599504662014,0.0,1.4349577738704176,0.9986979166666667,0.19973958333333336,0.16000000000000003,1.365699102303523,2.190195481892261,-2.3936227904147755,0.4381890627786003,1.111513527314302,0.4754423331553278,36.38
0.81,1.5090599504662014,0.0,1.4349577738704176,0.9986979166666667,0.19973958333333336,0.16000000000000003,1.365699102303523,2.023362324947612,-2.3653912253580347,0.45253313313344423,1.1358304829026222,-0.41814682668454334,35.92
0.81,1.5090599504662014,0.0,1.4349577738704176,0.9986979166666667,1.7976562500000002,0.16000000000000003,1.365699102303523,1.830812478751394,-2.331406111031393,0.4693384865994923,1.160698977546057,-1.3117386848146997,40.99
0.7395999999999999,0.9030721882284389,0.3153782894736842,0.4296188991901106,0.9986979166666667,1.7976562500000002,0.16000000000000003,1.365699102303523,0.901956063253538,-1.6392627741124408,0.8789569723667096,1.0423043424949656,1.3692411552830752,35.99
0.7395999999999999,0.9030721882284389,0.3153782894736842,0.4296188991901106,0.9986979166666667,0.19973958333333336,0.16000000000000003,1.365699102303523,0.9985339107689057,-1.6628131524848093,0.8711494947207142,1.0616574465872572,0.4756762800557685,30.66
0.7395999999999999,0.9030721882284389,0.3153782894736842,0.4296188991901106,0.9986979166666667,0.19973958333333336,0.16000000000000003,1.365699102303523,0.9399978820163691,-1.6480065357245042,0.8797505711494145,1.0846874777136442,-0.4179065837734379,31.7
0.7395999999999999,0.9030721882284389,0.3153782894736842,0.4296188991901106,0.9986979166666667,1.7976562500000002,0.16000000000000003,1.365699102303523,0.7925451689115792,-1.609226797006278,0.8986069938747997,1.110015588236341,-1.3115006904788316,36.73
0.6723999999999999,0.4518047057109564,0.0,0.4296188991901106,0.9986979166666667,1.7976562500000002,0.16000000000000003,1.365699102303523,0.46936281764493026,-1.475040628972065,0.3231666353135348,1.1226945654549245,1.3688611639971595,31.71
0.6723999999999999,0.4518047057109564,0.0,0.4296188991901106,0.9986979166666667,0.19973958333333336,0.16000000000000003,1.365699102303523,0.5677377558057123,-1.5077007936884435,0.3114621260747993,1.1411743993766184,0.4753005610628038,29.13
0.6723999999999999,0.4518047057109564,0.0,0.4296188991901106,0.9986979166666667,0.19973958333333336,0.16000000000000003,1.365699102303523,0.5124032215524977,-1.489058477414871,0.3217040579109692,1.164572123206415,-0.4182841016265926,28.99
0.6723999999999999,0.4518047057109564,0.0,0.4296188991901106,0.9986979166666667,1.7976562500000002,0.16000000000000003,1.365699102303523,0.3951507276941751,-1.4464430391833774,0.34220133604382397,1.190267926432521,-1.3118800071921761,33.54
0.6241000000000001,0.15525750291375323,0.3153782894736842,0.4296188991901106,0.9986979166666667,1.7976562500000002,0.16000000000000003,1.365699102303523,3.5804661226726093,-2.023283439300216,-0.5367140418405691,1.1348075493365055,1.3688151965015014,45.29
0.6241000000000001,0.15525750291375323,0.3153782894736842,0.4296188991901106,0.9986979166666667,0.19973958333333336,0.16000000000000003,1.365699102303523,4.05265742987252,-2.0813551132919903,-0.5592892181537905,1.1508514190981112,0.47526651101590406,39.07
0.6241000000000001,0.15525750291375323,0.3153782894736842,0.4296188991901106,0.9986979166666667,0.19973958333333336,0.16000000000000003,1.365699102303523,4.004915878727398,-2.075178820436537,-0.5543800663918967,1.1730541416418265,-0.418312305377875,38.35
0.6241000000000001,0.15525750291375323,0.3153782894736842,0.4296188991901106,0.9986979166666667,1.7976562500000002,0.16000000000000003,1.365699102303523,3.682448133504543,-2.0349606944008354,-0.5349083228887105,1.1985201369283016,-1.3119070866558398,46.94
0.5776,0.013430579836829935,5.046052631578947,1.4349577738704176,0.9986979166666667,1.7976562500000002,0.16000000000000003,1.365699102303523,3.3517049907480945,-2.419879008558646,-2.0780953129412856,1.3460172956185283,1.3678184542489193,39.55
0.5776,0.013430579836829935,5.046052631578947,1.4349577738704176,0.9986979166666667,0.19973958333333336,0.16000000000000003,1.365699102303523,3.0642164682729702,-2.3806198074012612,-2.059033783289967,1.3713913677291514,0.47422412268600217,40.85
0.5776,0.013430579836829935,5.046052631578947,1.4349577738704176,0.9986979166666667,0.19973958333333336,0.16000000000000003,1.365699102303523,3.3263515238105508,-2.415677284313432,-2.0717638271583705,1.389641393711214,-0.4193353559607349,40.63
0.5776,0.013430579836829935,5.046052631578947,1.4349577738704176,0.9986979166666667,1.7976562500000002,0.16000000000000003,1.365699102303523,3.225900212457795,-2.4018295924314432,-2.0635729645815375,1.4125795016617488,-1.3129177700748937,39.48
0.5476,0.02632393648018634,2.8384046052631575,0.9445485667092929,0.9986979166666667,1.7976562500000002,0.16000000000000003,1.365699102303523,0.5956103611352239,1.756616298489777,1.57166172405371,0.9158509973100343,1.3698392600708138,16.94
0.5476,0.02632393648018634,2.8384046052631575,0.9445485667092929,0.9986979166666667,0.19973958333333336,0.16000000000000003,1.365699102303523,0.5819224638591225,1.752723880122904,1.5722636303709963,0.9370885265072997,0.4762651656850335,17.25
0.5476,0.02632393648018634,2.8384046052631575,0.9445485667092929,0.9986979166666667,0.19973958333333336,0.16000000000000003,1.365699102303523,0.59867372449439,1.758420710539199,1.5769676752069566,0.959245287463089,-0.4173134258512218,17.03
0.5476,0.02632393648018634,2.8384046052631575,0.9445485667092929,0.9986979166666667,1.7976562500000002,0.16000000000000003,1.365699102303523,0.5910300491025572,1.7564461419289596,1.5783900092279777,0.9806666630120592,-1.3108884196670971,17.25
0.5041,0.19393757284382246,1.2615131578947367,0.9445485667092929,0.9986979166666667,1.7976562500000002,0.16000000000000003,1.365699102303523,0.5971410606144015,1.7928382014957391,0.9618063896127816,0.9839911568736457,1.3695191912537126,17.1
0.5041,0.19393757284382246,1.2615131578947367,0.9445485667092929,0.9986979166666667,0.19973958333333336,0.16000000000000003,1.365699102303523,0.5834354837310006,1.788945783128866,0.9624082959300678,1.0052286860709112,0.4759450968679323,17.51
0.5041,0.19393757284382246,1.2615131578947367,0.9445485667092929,0.9986979166666667,0.19973958333333336,0.16000000000000003,1.365699102303523,0.59867372449439,1.7941631511060026,0.9669072338400942,1.0273394854387743,-0.4176332698107992,17.12
0.5041,0.19393757284382246,1.2615131578947367,0.9445485667092929,0.9986979166666667,1.7976562500000002,0.16000000000000003,1.365699102303523,0.58646741667719,1.7907501951782878,0.9677142470833141,1.048622976223966,-1.3112075890541033,17.47
0.4760999999999999,0.5162714889277383,0.3153782894736842,0.9445485667092929,0.9986979166666667,1.7976562500000002,0.16000000000000003,1.365699102303523,0.5971410606144015,1.8281174087442686,0.3522393931565279,1.0520610738413516,1.3691994576616342,16.5
0.4760999999999999,0.5162714889277383,0.3153782894736842,0.9445485667092929,0.9986979166666667,0.19973958333333336,0.16000000000000003,1.365699102303523,0.5683936830487167,1.8194303659858113,0.3507902302144772,1.072838987159355,0.4756276118510912,17.0
0.4760999999999999,0.5162714889277383,0.3153782894736842,0.9445485667092929,0.9986979166666667,0.19973958333333336,0.16000000000000003,1.365699102303523,0.6110057539634978,1.8332780578677996,0.35898109279131013,1.0957770951098897,-0.4179548022630677,16.87
0.4760999999999999,0.5162714889277383,0.3153782894736842,0.9445485667092929,0.9986979166666667,1.7976562500000002,0.16000000000000003,1.365699102303523,0.6110057539634978,1.8337008014533522,0.36142896144199965,1.1174282785984908,-1.311530920366562,17.2
0.43560000000000004,0.9933256847319338,0.0,0.9445485667092929,0.9986979166666667,1.7976562500000002,0.16000000000000003,1.365699102303523,0.49195170658666837,1.8293385536916658,-0.2725887468775607,1.116846037486351,1.3688958034437662,18.14
0.43560000000000004,0.9933256847319338,0.0,0.9445485667092929,0.9986979166666667,0.19973958333333336,0.16000000000000003,1.365699102303523,0.49195170658666837,1.8297612972772184,-0.2701408782268712,1.1384972209749522,0.47531968534027214,18.03
0.43560000000000004,0.9933256847319338,0.0,0.9445485667092929,0.9986979166666667,0.19973958333333336,0.16000000000000003,1.365699102303523,0.49195170658666837,1.830184040862771,-0.26769300957618175,1.1601484044635533,-0.41825643276322194,18.14
0.43560000000000004,0.9933256847319338,0.0,0.9445485667092929,0.9986979166666667,1.7976562500000002,0.16000000000000003,1.365699102303523,0.49195170658666837,1.8306067844483236,-0.2652451409254923,1.1817995879521546,-1.3118325508667161,17.95
0.4096,1.6251001602564088,0.3153782894736842,0.9445485667092929,0.9986979166666667,1.7976562500000002,0.16000000000000003,1.365699102303523,0.07630182313108046,1.6589283745412333,-0.97014661455937,1.1651984332337195,1.3686725337293735,22.72
0.4096,1.6251001602564088,0.3153782894736842,0.9445485667092929,0.9986979166666667,0.19973958333333336,0.16000000000000003,1.365699102303523,0.08531353640680686,1.6670225171533206,-0.9644170350937413,1.1875850021291399,0.47509281790549956,22.73
0.4096,1.6251001602564088,0.3153782894736842,0.9445485667092929,0.9986979166666667,0.19973958333333336,0.16000000000000003,1.365699102303523,0.07850760583054668,1.6616917114689722,-0.964430449554256,1.2086846465626266,-0.4184806019077096,22.72
0.4096,1.6251001602564088,0.3153782894736842,0.9445485667092929,0.9986979166666667,1.7976562500000002,0.16000000000000003,1.365699102303523,0.08187521190407766,1.6649912296894753,-0.9607519393479644,1.230611599578785,-1.3120580691563462,22.53
0.3844,2.411594915501164,1.2615131578947367,0.9445485667092929,0.9986979166666667,1.7976562500000002,0.16000000000000003,1.365699102303523,0.5116076453627725,1.9066094423369424,-1.4888512428269964,1.2536293336527293,1.3682531882542766,17.2
0.3844,2.411594915501164,1.2615131578947367,0.9445485667092929,0.9986979166666667,0.19973958333333336,0.16000000000000003,1.365699102303523,0.2592103057387927,1.8073039985775439,-1.5290656147705157,1.2657205068526822,0.4747238405157213,17.21
0.3844,2.411594915501164,1.2615131578947367,0.9445485667092929,0.9986979166666667,0.19973958333333336,0.16000000000000003,1.365699102303523,0.26224659873396994,1.8091651294805717,-1.5260024253420248,1.2875095751050618,-0.41885295216034407,17.15
0.3844,2.411594915501164,1.2615131578947367,0.9445485667092929,0.9986979166666667,1.7976562500000002,0.16000000000000003,1.365699102303523,0.26224659873396994,1.8095878730661243,-1.5235545566913353,1.3091607585936629,-1.3124290702638381,17.2
0.9603999999999999,3.1851963141025657,0.3153782894736842,2.1583113544330774,0.9986979166666667,1.7976562500000002,0.16000000000000003,0.2744389397018971,1.0855186790538267,-2.495900241971968,1.2150469864486584,0.4051553973071992,1.3534342552119019,32.96
0.9603999999999999,3.1851963141025657,0.3153782894736842,2.1583113544330774,0.9986979166666667,0.19973958333333336,0.16000000000000003,0.2744389397018971,1.0629210270428457,-2.490203411555673,1.2197510312846185,0.42731215826298846,0.45985566367564673,33.13
0.9603999999999999,3.1851963141025657,0.3153782894736842,2.1583113544330774,0.9986979166666667,0.19973958333333336,0.16000000000000003,0.2744389397018971,0.9690449013013935,-2.4672459333296746,1.231838925454192,0.4511235363841208,-0.4337310227314633,33.94
0.9603999999999999,3.1851963141025657,0.3153782894736842,2.1583113544330774,0.9986979166666667,1.7976562500000002,0.16000000000000003,0.2744389397018971,1.064965537039788,-2.489837386823726,1.224441661660064,0.4705685636522646,-1.3272963476738178,33.78
0.81,1.5090599504662014,0.0,1.4349577738704176,0.9986979166666667,1.7976562500000002,0.16000000000000003,0.2744389397018971,1.7987704188882243,-2.3372542103011273,0.40401565183261073,0.45737899079336164,1.353193732093186,38.35
0.81,1.5090599504662014,0.0,1.4349577738704176,0.9986979166666667,0.19973958333333336,0.16000000000000003,0.2744389397018971,1.9980666881283211,-2.3718322247741392,0.3914907148901405,0.47567497836335065,0.45963402858892516,35.39
0.81,1.5090599504662014,0.0,1.4349577738704176,0.9986979166666667,0.19973958333333336,0.16000000000000003,0.2744389397018971,1.8577302793932513,-2.3469568967915073,0.4043990367634484,0.49967020283618774,-0.4339535572482798,34.94
0.81,1.5090599504662014,0.0,1.4349577738704176,0.9986979166666667,1.7976562500000002,0.16000000000000003,0.2744389397018971,1.7591156352234993,-2.3287940429570932,0.4144358616736847,0.5230219650780581,-1.3275379950801525,40.66
0.7395999999999999,0.9030721882284389,0.3153782894736842,0.4296188991901106,0.9986979166666667,1.7976562500000002,0.16000000000000003,0.2744389397018971,1.0164394717370062,-1.6778844758057654,0.806415151810604,0.4006746334653141,1.353461182764664,35.48
0.7395999999999999,0.9030721882284389,0.3153782894736842,0.4296188991901106,0.9986979166666667,0.19973958333333336,0.16000000000000003,0.2744389397018971,1.069060450236108,-1.6899277556383319,0.8035302403870171,0.4211308156678342,0.45989091095678764,30.53
0.7395999999999999,0.9030721882284389,0.3153782894736842,0.4296188991901106,0.9986979166666667,0.19973958333333336,0.16000000000000003,0.2744389397018971,0.9477005370078656,-1.6602578032641158,0.8184896315196621,0.4455856560199332,-0.4336989234556548,32.28
0.7395999999999999,0.9030721882284389,0.3153782894736842,0.4296188991901106,0.9986979166666667,1.7976562500000002,0.16000000000000003,0.2744389397018971,0.8555087652562187,-1.6363414001598005,0.8309877395411027,0.4694889573169179,-1.3272860595778124,36.86
0.6723999999999999,0.4518047057109564,0.0,0.4296188991901106,0.9986979166666667,1.7976562500000002,0.16000000000000003,0.2744389397018971,0.4334141400766216,-1.4724285608977656,0.26826401038772707,0.4850175529869256,1.3530618537317065,30.34
0.6723999999999999,0.4518047057109564,0.0,0.4296188991901106,0.9986979166666667,0.19973958333333336,0.16000000000000003,0.2744389397018971,0.5067435434044982,-1.4978967890267676,0.25963610503799706,0.5041868107275123,0.4594978779344947,27.93
0.6723999999999999,0.4518047057109564,0.0,0.4296188991901106,0.9986979166666667,0.19973958333333336,0.16000000000000003,0.2744389397018971,0.3939057288273318,-1.4567197381127495,0.2795180623930506,0.52974472918984,-0.43409735305851754,28.95
0.6723999999999999,0.4518047057109564,0.0,0.4296188991901106,0.9986979166666667,1.7976562500000002,0.16000000000000003,0.2744389397018971,0.31943103225127784,-1.4260908608602165,0.2948876673775629,0.5542914927177913,-1.3276876371860076,32.92
0.6241000000000001,0.15525750291375323,0.3153782894736842,0.4296188991901106,0.9986979166666667,1.7976562500000002,0.16000000000000003,0.2744389397018971,3.671046080538463,-2.045123955622996,-0.6020771199889955,0.4947864958842707,1.3530273539697593,45.59
0.6241000000000001,0.15525750291375323,0.3153782894736842,0.4296188991901106,0.9986979166666667,0.19973958333333336,0.16000000000000003,0.2744389397018971,4.246452371620938,-2.114702728154573,-0.6295748625246256,0.5097272875356476,0.4594840650647319,39.41
0.6241000000000001,0.15525750291375323,0.3153782894736842,0.4296188991901106,0.9986979166666667,0.19973958333333336,0.16000000000000003,0.2744389397018971,4.100681854734438,-2.097019336759317,-0.619743144540323,0.5330330881895917,-0.434100147909617,38.84
0.6241000000000001,0.15525750291375323,0.3153782894736842,0.4296188991901106,0.9986979166666667,1.7976562500000002,0.16000000000000003,0.2744389397018971,3.7781527818390743,-2.057280673162774,-0.6004765079630705,0.5584531218881407,-1.327694704330058,48.03
0.5776,0.013430579836829935,5.046052631578947,1.4349577738704176,0.9986979166666667,1.7976562500000002,0.16000000000000003,0.2744389397018971,3.3517049907480945,-2.430212426341624,-2.138535824867303,0.7070993202765222,1.3520252151366075,39.48
0.5776,0.013430579836829935,5.046052631578947,1.4349577738704176,0.9986979166666667,0.19973958333333336,0.16000000000000003,0.2744389397018971,3.1269889913409066,-2.399583549089091,-2.123166219882791,0.7316460838044737,0.4584349310091177,40.4
0.5776,0.013430579836829935,5.046052631578947,1.4349577738704176,0.9986979166666667,0.19973958333333336,0.16000000000000003,0.2744389397018971,3.27593335685469,-2.419298227948192,-2.1293328421213165,0.7513668806001746,-0.43513174307837915,40.47
0.5776,0.013430579836829935,5.046052631578947,1.4349577738704176,0.9986979166666667,1.7976562500000002,0.16000000000000003,0.2744389397018971,3.2223411494355294,-2.411683547775263,-2.1238083695816217,0.7737074879076687,-1.3287112340447294,39.7
0.5476,0.02632393648018634,2.8384046052631575,0.9445485667092929,0.9986979166666667,1.7976562500000002,0.16000000000000003,0.2744389397018971,0.5925548553793019,1.7453239558284823,1.5108109982758253,0.27684109879217567,1.3540464706735493,16.43
0.5476,0.02632393648018634,2.8384046052631575,0.9445485667092929,0.9986979166666667,0.19973958333333336,0.16000000000000003,0.2744389397018971,0.6063665099064995,1.7500618613664607,1.515104829259918,0.2989059365721125,0.4604683288523418,16.93
0.5476,0.02632393648018634,2.8384046052631575,0.9445485667092929,0.9986979166666667,0.19973958333333336,0.16000000000000003,0.2744389397018971,0.6487561722822657,1.7634300908092906,1.5230905849108176,0.32179808293472095,-0.4331138604042934,16.99
0.5476,0.02632393648018634,2.8384046052631575,0.9445485667092929,0.9986979166666667,1.7976562500000002,0.16000000000000003,0.2744389397018971,0.59867372449439,1.7485100363417736,1.5189750319316286,0.3419784956096839,-1.3266827830670278,17.03
0.5041,0.19393757284382246,1.2615131578947367,0.9445485667092929,0.9986979166666667,1.7976562500000002,0.16000000000000003,0.2744389397018971,0.5683936830487167,1.7733949973687513,0.8974688460940239,0.3441999113610419,1.3537302244343516,16.77
0.5041,0.19393757284382246,1.2615131578947367,0.9445485667092929,0.9986979166666667,0.19973958333333336,0.16000000000000003,0.2744389397018971,0.5743868305118975,1.7757355907109376,0.9007371424484482,0.36603494120134783,0.46015320690076295,17.37
0.5041,0.19393757284382246,1.2615131578947367,0.9445485667092929,0.9986979166666667,0.19973958333333336,0.16000000000000003,0.2744389397018971,0.6141084053388852,1.788624357714609,0.9085177911734137,0.3888811259760301,-0.43342875749834847,17.27
0.5041,0.19393757284382246,1.2615131578947367,0.9445485667092929,0.9986979166666667,1.7976562500000002,0.16000000000000003,0.2744389397018971,0.566900307184949,1.7741837656862505,0.9046073451201585,0.40910750023891923,-1.3269979050186067,17.51
0.4760999999999999,0.5162714889277383,0.3153782894736842,0.9445485667092929,0.9986979166666667,1.7976562500000002,0.16000000000000003,0.2744389397018971,0.5609464477379892,1.8062768924214885,0.2868763150081017,0.41204002038911675,1.353411615129892,16.44
0.4760999999999999,0.5162714889277383,0.3153782894736842,0.9445485667092929,0.9986979166666667,0.19973958333333336,0.16000000000000003,0.2744389397018971,0.566900307184949,1.8086174857636748,0.29014461136252595,0.4338750502294227,0.45983459759630313,17.01
0.4760999999999999,0.5162714889277383,0.3153782894736842,0.9445485667092929,0.9986979166666667,0.19973958333333336,0.16000000000000003,0.2744389397018971,0.6250295637782894,1.8272598020372475,0.30038654319869584,0.45727277405921923,-0.4337500650930932,17.23
0.4760999999999999,0.5162714889277383,0.3153782894736842,0.9445485667092929,0.9986979166666667,1.7976562500000002,0.16000000000000003,0.2744389397018971,0.5804114083880554,1.813778134887206,0.29688631099730817,0.47759107149796076,-1.327319662328399,17.22
0.43560000000000004,0.9933256847319338,0.0,0.9445485667092929,0.9986979166666667,1.7976562500000002,0.16000000000000003,0.2744389397018971,0.4767778598026782,1.8137310490779452,-0.33528543498884883,0.47742248467715664,1.3531050377642153,17.85
0.43560000000000004,0.9933256847319338,0.0,0.9445485667092929,0.9986979166666667,0.19973958333333336,0.16000000000000003,0.2744389397018971,0.48364559687414443,1.81655110485929,-0.3318120317084909,0.49930347610538883,0.4595277953731028,17.89
0.43560000000000004,0.9933256847319338,0.0,0.9445485667092929,0.9986979166666667,0.19973958333333336,0.16000000000000003,0.2744389397018971,0.5116076453627725,1.826563097228011,-0.3252620245391275,0.5218738913525138,-0.4340528198808662,18.36
0.43560000000000004,0.9933256847319338,0.0,0.9445485667092929,0.9986979166666667,1.7976562500000002,0.16000000000000003,0.2744389397018971,0.482268120658229,1.8169171295912367,-0.3271214013330457,0.5425598814946649,-1.3276242159763618,18.15
0.4096,1.6251001602564088,0.3153782894736842,0.9445485667092929,0.9986979166666667,1.7976562500000002,0.16000000000000003,0.2744389397018971,0.09482813629016344,1.6639377548113248,-1.0240237048555092,0.5277512287053516,1.3528720991763017,21.72
0.4096,1.6251001602564088,0.3153782894736842,0.9445485667092929,0.9986979166666667,0.19973958333333336,0.16000000000000003,0.2744389397018971,0.11536599587976705,1.6797032964499468,-1.0150124145749413,0.5508731830075909,0.45928878563204806,22.07
0.4096,1.6251001602564088,0.3153782894736842,0.9445485667092929,0.9986979166666667,0.19973958333333336,0.16000000000000003,0.2744389397018971,0.11402344763108521,1.6791671151571828,-1.012974759776119,0.5724324433203397,-0.43428688275639854,22.09
0.4096,1.6251001602564088,0.3153782894736842,0.9445485667092929,0.9986979166666667,1.7976562500000002,0.16000000000000003,0.2744389397018971,0.0997740187097029,1.66904168508125,-1.015039243495971,0.5930724718745647,-1.3278580539943703,21.93
0.3844,2.411594915501164,1.2615131578947367,0.9445485667092929,0.9986979166666667,1.7976562500000002,0.16000000000000003,0.2744389397018971,0.3022365782380254,1.8162057972145085,-1.5835446113839409,0.6070357731270487,1.3524975003484296,17.36
0.3844,2.411594915501164,1.2615131578947367,0.9445485667092929,0.9986979166666667,0.19973958333333336,0.16000000000000003,0.2744389397018971,0.2531907585703371,1.7940938061596154,-1.5907367682521352,0.6265267619831187,0.4589319505485519,17.38
0.3844,2.411594915501164,1.2615131578947367,0.9445485667092929,0.9986979166666667,0.19973958333333336,0.16000000000000003,0.2744389397018971,0.25020750439705836,1.7930781624276928,-1.5889042203792465,0.6480400607079414,-0.434643492982371,16.86
0.3844,2.411594915501164,1.2615131578947367,0.9445485667092929,0.9986979166666667,1.7976562500000002,0.16000000000000003,0.2744389397018971,0.26123253666810003,1.7987749928439882,-1.5842001755432864,0.6701968216637306,-1.3282220845186263,16.99
0.9603999999999999,3.1851963141025657,0.3153782894736842,2.1583113544330774,0.9986979166666667,1.7976562500000002,0.16000000000000003,0.014615091463414635,1.0855186790538267,-2.5062336597549457,1.1546064745226408,-0.233762578034807,1.3376410160995902,32.78
0.9603999999999999,3.1851963141025657,0.3153782894736842,2.1583113544330774,0.9986979166666667,0.19973958333333336,0.16000000000000003,0.014615091463414635,1.058837900251392,-2.4995779044603337,1.1597207332104684,-0.21151389390316527,0.44406197484828736,33.24
0.9603999999999999,3.1851963141025657,0.3153782894736842,2.1583113544330774,0.9986979166666667,0.19973958333333336,0.16000000000000003,0.014615091463414635,0.9670946825433802,-2.477099888673494,1.171603520454108,-0.18774847736995917,-0.44952448670129896,33.86
0.9603999999999999,3.1851963141025657,0.3153782894736842,2.1583113544330774,0.9986979166666667,1.7976562500000002,0.16000000000000003,0.014615091463414635,1.0711108534354836,-2.501609191924179,1.1633858289562453,-0.1684872964535201,-1.3430889122135583,34.0
0.81,1.5090599504662014,0.0,1.4349577738704176,0.9986979166666667,1.7976562500000002,0.16000000000000003,0.014615091463414635,1.3985731092060811,-2.2708736378187586,0.3763922480559844,-0.1741851304804535,1.3373645157770753,37.26
0.81,1.5090599504662014,0.0,1.4349577738704176,0.9986979166666667,0.19973958333333336,0.16000000000000003,0.014615091463414635,1.5699541410150029,-2.3044927274134537,0.3642775249653815,-0.15579721973461208,0.4438043625577669,35.04
0.81,1.5090599504662014,0.0,1.4349577738704176,0.9986979166666667,0.19973958333333336,0.16000000000000003,0.014615091463414635,1.5948878968376932,-2.308864608219485,0.36467432435673414,-0.13460565212527284,-0.4497695069704898,33.82
0.81,1.5090599504662014,0.0,1.4349577738704176,0.9986979166666667,1.7976562500000002,0.16000000000000003,0.014615091463414635,1.4103180698193634,-2.2720027192578924,0.3827103193783844,-0.10946138795428093,-1.3433627142457882,33.31
0.7395999999999999,0.9030721882284389,0.3153782894736842,0.4296188991901106,0.9986979166666667,1.7976562500000002,0.16000000000000003,0.014615091463414635,0.7907815682306173,-1.6306824008897332,0.7705874709966298,-0.23272795132554872,1.3376409607495032,35.22
0.7395999999999999,0.9030721882284389,0.3153782894736842,0.4296188991901106,0.9986979166666667,0.19973958333333336,0.16000000000000003,0.014615091463414635,0.9457719266587737,-1.6705345021934876,0.755806357868889,-0.21493754122274786,0.44408373067800366,34.7
0.7395999999999999,0.9030721882284389,0.3153782894736842,0.4296188991901106,0.9986979166666667,0.19973958333333336,0.16000000000000003,0.014615091463414635,0.932326657437848,-1.666755521533826,0.7596899750011142,-0.19296462661866332,-0.4494939614281567,30.11
0.7395999999999999,0.9030721882284389,0.3153782894736842,0.4296188991901106,0.9986979166666667,1.7976562500000002,0.16000000000000003,0.014615091463414635,0.8925683836135212,-1.6562640667259467,0.7664450890964113,-0.17034824978361207,-1.3430748015396492,31.6
0.6723999999999999,0.4518047057109564,0.0,0.4296188991901106,0.9986979166666667,1.7976562500000002,0.16000000000000003,0.014615091463414635,0.3976466186302957,-1.4693370303843079,0.213566492387853,-0.15261349789314715,1.33726231860873,32.43
0.6723999999999999,0.4518047057109564,0.0,0.4296188991901106,0.9986979166666667,0.19973958333333336,0.16000000000000003,0.014615091463414635,0.532459609572688,-1.5168605307145973,0.19550366844517292,-0.13555847319716538,0.4437086862576102,30.65
0.6723999999999999,0.4518047057109564,0.0,0.4296188991901106,0.9986979166666667,0.19973958333333336,0.16000000000000003,0.014615091463414635,0.503925490735365,-1.506848538345876,0.20205367561453638,-0.11298805795004031,-0.44987192899635875,29.77
0.6723999999999999,0.4518047057109564,0.0,0.4296188991901106,0.9986979166666667,1.7976562500000002,0.16000000000000003,0.014615091463414635,0.42821020291678724,-1.479575898167452,0.21598753211751284,-0.08876302553757227,-1.3434606391211823,29.64
0.6241000000000001,0.15525750291375323,0.3153782894736842,0.4296188991901106,0.9986979166666667,1.7976562500000002,0.16000000000000003,0.014615091463414635,3.528150344533268,-2.037237800717954,-0.6547235687295325,-0.1423849391165401,1.3372255702715454,46.44
0.6241000000000001,0.15525750291375323,0.3153782894736842,0.4296188991901106,0.9986979166666667,0.19973958333333336,0.16000000000000003,0.014615091463414635,3.5430584216997154,-2.038732906889035,-0.6530961277825778,-0.12091760197964371,0.4436503515981462,44.18
0.6241000000000001,0.15525750291375323,0.3153782894736842,0.4296188991901106,0.9986979166666667,0.19973958333333336,0.16000000000000003,0.014615091463414635,4.000950184737243,-2.0953661935633345,-0.6750559833179981,-0.10473584745425965,-0.44989900846002245,38.81
0.6241000000000001,0.15525750291375323,0.3153782894736842,0.4296188991901106,0.9986979166666667,1.7976562500000002,0.16000000000000003,0.014615091463414635,3.8400480802391996,-2.0752854899722863,-0.664198730704027,-0.08120023886068452,-1.3434843457219898,38.23
0.5776,0.013430579836829935,5.046052631578947,1.4349577738704176,0.9986979166666667,1.7976562500000002,0.16000000000000003,0.014615091463414635,2.8428368839376863,-2.3705443280074725,-2.169030725607001,0.07489173677174046,1.3361991468258292,38.17
0.5776,0.013430579836829935,5.046052631578947,1.4349577738704176,0.9986979166666667,0.19973958333333336,0.16000000000000003,0.014615091463414635,3.019276583931778,-2.395053631258158,-2.177248417104864,0.09415291768817953,0.4426347213135698,38.48
0.5776,0.013430579836829935,5.046052631578947,1.4349577738704176,0.9986979166666667,0.19973958333333336,0.16000000000000003,0.014615091463414635,2.7009471129837697,-2.3490819559525553,-2.155315390490473,0.12017045202976916,-0.4509627582546799,39.66
0.5776,0.013430579836829935,5.046052631578947,1.4349577738704176,0.9986979166666667,1.7976562500000002,0.16000000000000003,0.014615091463414635,2.9644216980384726,-2.3865367450605177,-2.1690709689885455,0.138190670072201,-1.3445211126137981,40.1
0.5476,0.02632393648018634,2.8384046052631575,0.9445485667092929,0.9986979166666667,1.7976562500000002,0.16000000000000003,0.014615091463414635,0.6827159676944113,1.7623198970775342,1.4620615811280284,-0.35945706603803745,1.3382404146823843,16.08
0.5476,0.02632393648018634,2.8384046052631575,0.9445485667092929,0.9986979166666667,0.19973958333333336,0.16000000000000003,0.014615091463414635,0.642385859863362,1.7507560796841264,1.4593817766303754,-0.3389549222475911,0.4446699180169838,15.39
0.5476,0.02632393648018634,2.8384046052631575,0.9445485667092929,0.9986979166666667,0.19973958333333336,0.16000000000000003,0.014615091463414635,0.6615910883590036,1.75693237253958,1.4642909283922694,-0.31675219970387564,-0.44890889837679526,16.57
0.5476,0.02632393648018634,2.8384046052631575,0.9445485667092929,0.9986979166666667,1.7976562500000002,0.16000000000000003,0.014615091463414635,0.71418796918503,1.772697914178202,1.4733022186728373,-0.29363024540163624,-1.342492211921049,16.6
0.5041,0.19393757284382246,1.2615131578947367,0.9445485667092929,0.9986979166666667,1.7976562500000002,0.16000000000000003,0.014615091463414635,0.6664365945011624,1.7932677132527537,0.849950070501829,-0.29182248394161403,1.3379228192980441,16.11
0.5041,0.19393757284382246,1.2615131578947367,0.9445485667092929,0.9986979166666667,0.19973958333333336,0.16000000000000003,0.014615091463414635,0.6729247709687294,1.79560830659494,0.8532183668562533,-0.2699874541013081,0.4443458017644552,15.47
0.5041,0.19393757284382246,1.2615131578947367,0.9445485667092929,0.9986979166666667,0.19973958333333336,0.16000000000000003,0.014615091463414635,0.6876380854682017,1.8003462121329183,0.857512197840346,-0.24792261632137116,-0.44923234005675255,16.7
0.5041,0.19393757284382246,1.2615131578947367,0.9445485667092929,0.9986979166666667,1.7976562500000002,0.16000000000000003,0.014615091463414635,0.700850166500662,1.8046046552317383,0.861600921898505,-0.22590374012936046,-1.3428102570204365,16.1
0.4760999999999999,0.5162714889277383,0.3153782894736842,0.9445485667092929,0.9986979166666667,1.7976562500000002,0.16000000000000003,0.014615091463414635,0.6265975868728771,1.8165603595223228,0.23525540089723307,-0.22490160667206305,1.3376087071440594,16.35
0.4760999999999999,0.5162714889277383,0.3153782894736842,0.9445485667092929,0.9986979166666667,0.19973958333333336,0.16000000000000003,0.014615091463414635,0.5895072072266238,1.8054760045680731,0.23278070332551384,-0.2043535012936905,0.44403798562113506,15.84
0.4760999999999999,0.5162714889277383,0.3153782894736842,0.9445485667092929,0.9986979166666667,0.19973958333333336,0.16000000000000003,0.014615091463414635,0.6250295637782894,1.8169263842542696,0.23994603127267833,-0.18164520128278688,-0.4495433042054051,16.99
0.4760999999999999,0.5162714889277383,0.3153782894736842,0.9445485667092929,0.9986979166666667,1.7976562500000002,0.16000000000000003,0.014615091463414635,0.6648194613862985,1.8293356888187826,0.24752157307171024,-0.15884497809603085,-1.3431250437469928,17.02
0.43560000000000004,0.9933256847319338,0.0,0.9445485667092929,0.9986979166666667,1.7976562500000002,0.16000000000000003,0.014615091463414635,0.5017315481548497,1.8120279551998189,-0.3920340222480599,-0.16066818208217798,1.3373077512164764,17.04
0.43560000000000004,0.9933256847319338,0.0,0.9445485667092929,0.9986979166666667,0.19973958333333336,0.16000000000000003,0.014615091463414635,0.49892748570274265,1.8114917739070546,-0.38999636744923777,-0.1391089217694292,0.4437320828280297,17.63
0.43560000000000004,0.9933256847319338,0.0,0.9445485667092929,0.9986979166666667,0.19973958333333336,0.16000000000000003,0.014615091463414635,0.5654088957219925,1.8339697896938947,-0.3781135802055983,-0.11534350523622308,-0.4498543787215566,18.1
0.43560000000000004,0.9933256847319338,0.0,0.9445485667092929,0.9986979166666667,1.7976562500000002,0.16000000000000003,0.014615091463414635,0.5388994019274652,1.8257622093745955,-0.3793576362217154,-0.09451963033029344,-1.3434264493896233,18.22
0.4096,1.6251001602564088,0.3153782894736842,0.9445485667092929,0.9986979166666667,1.7976562500000002,0.16000000000000003,0.014615091463414635,0.14386705753469112,1.688125632647753,-1.0696965181143006,-0.10785751230596863,1.3370626703222805,20.78
0.4096,1.6251001602564088,0.3153782894736842,0.9445485667092929,0.9986979166666667,0.19973958333333336,0.16000000000000003,0.014615091463414635,0.1270949067245484,1.677520740132662,-1.0719661087600862,-0.08726344533966993,0.4434917239418325,20.72
0.4096,1.6251001602564088,0.3153782894736842,0.9445485667092929,0.9986979166666667,0.19973958333333336,0.16000000000000003,0.014615091463414635,0.14386705753469112,1.6889711198188582,-1.0648007808129214,-0.06455514532876629,-0.45008956588470767,21.54
0.4096,1.6251001602564088,0.3153782894736842,0.9445485667092929,0.9986979166666667,1.7976562500000002,0.16000000000000003,0.014615091463414635,0.1453746154515016,1.6903527882827276,-1.0619426983103646,-0.04281203866431273,-1.343666133703249,21.53
0.3844,2.411594915501164,1.2615131578947367,0.9445485667092929,0.9986979166666667,1.7976562500000002,0.16000000000000003,0.014615091463414635,0.3346636621948505,1.819776790167125,-1.6380370224578813,-0.03054931616509782,1.3366977403679294,16.9
0.3844,2.411594915501164,1.2615131578947367,0.9445485667092929,0.9986979166666667,0.19973958333333336,0.16000000000000003,0.014615091463414635,0.3485650085006422,1.8259530830225785,-1.6331278706959875,-0.00834659362138231,0.44311892397415065,17.14
0.3844,2.411594915501164,1.2615131578947367,0.9445485667092929,0.9986979166666667,0.19973958333333336,0.16000000000000003,0.014615091463414635,0.32555325005587343,1.8167865778249626,-1.6347821405639718,0.01238535810869498,-0.45045269697886864,16.56
0.3844,2.411594915501164,1.2615131578947367,0.9445485667092929,0.9986979166666667,1.7976562500000002,0.16000000000000003,0.014615091463414635,0.3044198900338393,1.8080995350665054,-1.6362313035060225,0.033163271426698455,-1.3440245427894115,16.0
0.9603999999999999,3.1851963141025657,0.3153782894736842,2.1583113544330774,0.9986979166666667,1.7976562500000002,0.16000000000000003,0.5862275575880759,1.091722927473854,-2.5180054648553987,1.0935506418188223,-0.8728184381405918,1.3218484515598494,32.95
0.9603999999999999,3.1851963141025657,0.3153782894736842,2.1583113544330774,0.9986979166666667,0.19973958333333336,0.16000000000000003,0.5862275575880759,1.0547626310631841,-2.508952397364995,1.0996904351363181,-0.8503399460693192,0.428268286020928,33.06
0.9603999999999999,3.1851963141025657,0.3153782894736842,2.1583113544330774,0.9986979166666667,0.19973958333333336,0.16000000000000003,0.5862275575880759,0.9632001382297894,-2.486474381578155,1.111573222379958,-0.826574529536113,-0.4653181755286583,33.95
0.9603999999999999,3.1851963141025657,0.3153782894736842,2.1583113544330774,0.9986979166666667,1.7976562500000002,0.16000000000000003,0.5862275575880759,1.069060450236108,-2.511463147267999,1.1031504239561616,-0.8073593102076001,-1.358882376183394,33.88
0.81,1.5090599504662014,0.0,1.4349577738704176,0.9986979166666667,1.7976562500000002,0.16000000000000003,0.5862275575880759,1.9645866868714597,-2.387168254655747,0.2706231054986202,-0.8232606167541485,1.3216209701775106,33.98
0.81,1.5090599504662014,0.0,1.4349577738704176,0.9986979166666667,0.19973958333333336,0.16000000000000003,0.5862275575880759,1.7696470273829157,-2.352224215450788,0.2878386728165358,-0.7983001989348614,0.428028662332307,39.92
0.81,1.5090599504662014,0.0,1.4349577738704176,0.9986979166666667,0.19973958333333336,0.16000000000000003,0.5862275575880759,1.6837030078558206,-2.3359792113730076,0.2970550700230372,-0.7751322830446958,-0.4655548760694706,39.22
0.81,1.5090599504662014,0.0,1.4349577738704176,0.9986979166666667,1.7976562500000002,0.16000000000000003,0.5862275575880759,1.9980666881283211,-2.39165357316899,0.27550542833948427,-0.7588586053434594,-1.3591046858426867,36.1
0.7395999999999999,0.9030721882284389,0.3153782894736842,0.4296188991901106,0.9986979166666667,1.7976562500000002,0.16000000000000003,0.5862275575880759,0.9965542259987278,-1.6937566869801373,0.6875851972179058,-0.8767017013394363,1.3218724559648032,31.53
0.7395999999999999,0.9030721882284389,0.3153782894736842,0.4296188991901106,0.9986979166666667,0.19973958333333336,0.16000000000000003,0.5862275575880759,0.8591793678773497,-1.6588126477751783,0.7048007645358214,-0.8517412835201491,0.42828014811959964,36.2
0.7395999999999999,0.9030721882284389,0.3153782894736842,0.4296188991901106,0.9986979166666667,0.19973958333333336,0.16000000000000003,0.5862275575880759,0.9515636509084794,-1.6818835637083882,0.6971983938157598,-0.8323422178399315,-0.46528495196523106,36.21
0.7395999999999999,0.9030721882284389,0.3153782894736842,0.4296188991901106,0.9986979166666667,1.7976562500000002,0.16000000000000003,0.5862275575880759,1.0711108534354836,-1.7102285664723407,0.6873398469104275,-0.813448729626902,-1.3588475786173004,31.0
0.6723999999999999,0.4518047057109564,0.0,0.4296188991901106,0.9986979166666667,1.7976562500000002,0.16000000000000003,0.5862275575880759,0.4308082426950823,-1.4921364715854046,0.14779320038755941,-0.7927264745212343,1.3214749257920355,28.2
0.6723999999999999,0.4518047057109564,0.0,0.4296188991901106,0.9986979166666667,0.19973958333333336,0.16000000000000003,0.5862275575880759,0.3239277851191321,-1.4495210333539112,0.16829047852041415,-0.7670306712951281,0.42787902022645197,32.35
0.6723999999999999,0.4518047057109564,0.0,0.4296188991901106,0.9986979166666667,0.19973958333333336,0.16000000000000003,0.5862275575880759,0.3939057288273318,-1.4773865736787053,0.15863703854101557,-0.7480912214941724,-0.4656838312831413,31.14
0.6723999999999999,0.4518047057109564,0.0,0.4296188991901106,0.9986979166666667,1.7976562500000002,0.16000000000000003,0.5862275575880759,0.5109853554142811,-1.5191565247390937,0.14303549770953988,-0.7304846577430762,-1.359240161924546,28.43
0.6241000000000001,0.15525750291375323,0.3153782894736842,0.4296188991901106,0.9986979166666667,1.7976562500000002,0.16000000000000003,0.5862275575880759,4.112732159968166,-2.1199700468138536,-0.7461352264715382,-0.7882431142354016,1.3214662846453187,38.33
0.6241000000000001,0.15525750291375323,0.3153782894736842,0.4296188991901106,0.9986979166666667,0.19973958333333336,0.16000000000000003,0.5862275575880759,3.7053052782585985,-2.0696832095558246,-0.7223562375237441,-0.7618119256024762,0.42786678135935535,47.59
0.6241000000000001,0.15525750291375323,0.3153782894736842,0.4296188991901106,0.9986979166666667,0.19973958333333336,0.16000000000000003,0.5862275575880759,3.5505242466878064,-2.0496025059647773,-0.7114989849097733,-0.7382763170089011,-0.46571855590261224,46.23
0.6241000000000001,0.15525750291375323,0.3153782894736842,0.4296188991901106,0.9986979166666667,1.7976562500000002,0.16000000000000003,0.5862275575880759,4.189461319551285,-2.1278116024012053,-0.7426886521122099,-0.7241628339401958,-1.3592577973722122,39.56
0.5776,0.013430579836829935,5.046052631578947,1.4349577738704176,0.9986979166666667,1.7976562500000002,0.16000000000000003,0.5862275575880759,3.315515218278055,-2.4460846375159955,-2.257365779460001,-0.5702770145282281,1.3204364883367463,40.36
0.5776,0.013430579836829935,5.046052631578947,1.4349577738704176,0.9986979166666667,0.19973958333333336,0.16000000000000003,0.5862275575880759,3.215228916593428,-2.432236945634007,-2.249174916883168,-0.5473389065776935,0.42685407422258753,39.67
0.5776,0.013430579836829935,5.046052631578947,1.4349577738704176,0.9986979166666667,0.19973958333333336,0.16000000000000003,0.5862275575880759,3.286704837160421,-2.441403450831623,-2.2508291867511523,-0.5266069548476162,-0.46671754673043164,39.85
0.5776,0.013430579836829935,5.046052631578947,1.4349577738704176,0.9986979166666667,1.7976562500000002,0.16000000000000003,0.5862275575880759,3.1129845385475448,-2.417487047727308,-2.2383310787297117,-0.5027036535506315,-1.360304682852589,40.77
0.5476,0.02632393648018634,2.8384046052631575,0.9445485667092929,0.9986979166666667,1.7976562500000002,0.16000000000000003,0.5862275575880759,0.6187771154080494,1.7328079817282196,1.3934167921646632,-1.0002135048970913,1.3224561698710222,16.61
0.5476,0.02632393648018634,2.8384046052631575,0.9445485667092929,0.9986979166666667,0.19973958333333336,0.16000000000000003,0.5862275575880759,0.6017449454568006,1.7279566384830294,1.3936084846300818,-0.9790678988756784,0.4288825252002893,16.74
0.5476,0.02632393648018634,2.8384046052631575,0.9445485667092929,0.9986979166666667,0.19973958333333336,0.16000000000000003,0.5862275575880759,0.6265975868728771,1.736050781095117,1.3993380640957107,-0.9566813299802581,-0.4646971906235847,16.9
0.5476,0.02632393648018634,2.8384046052631575,0.9445485667092929,0.9986979166666667,1.7976562500000002,0.16000000000000003,0.5862275575880759,0.6079109601913545,1.7307199754107685,1.3993246496351959,-0.9355816855467712,-1.3582706104367936,17.32
0.5041,0.19393757284382246,1.2615131578947367,0.9445485667092929,0.9986979166666667,1.7976562500000002,0.16000000000000003,0.5862275575880759,0.5834354837310006,1.7575227861943796,0.7786388915013257,-0.9331764234437085,1.3221414976344907,16.85
0.5041,0.19393757284382246,1.2615131578947367,0.9445485667092929,0.9986979166666667,0.19973958333333336,0.16000000000000003,0.5862275575880759,0.5683936830487167,1.753150905388348,0.7790356908926782,-0.9119848558343693,0.42856762810623417,17.2
0.5041,0.19393757284382246,1.2615131578947367,0.9445485667092929,0.9986979166666667,0.19973958333333336,0.16000000000000003,0.5862275575880759,0.6032835025392225,1.7646012850745443,0.7862010188398426,-0.8892765558234657,-0.465013661720306,17.23
0.5041,0.19393757284382246,1.2615131578947367,0.9445485667092929,0.9986979166666667,1.7976562500000002,0.16000000000000003,0.5862275575880759,0.5743868305118975,1.755914242316087,0.784751855897792,-0.8684986425054622,-1.3585855075308488,17.74
0.4760999999999999,0.5162714889277383,0.3153782894736842,0.9445485667092929,0.9986979166666667,1.7976562500000002,0.16000000000000003,0.5862275575880759,0.5925548553793019,1.7956787680778596,0.17030253660067426,-0.8648307369484455,1.3218204148972699,16.81
0.4760999999999999,0.5162714889277383,0.3153782894736842,0.9445485667092929,0.9986979166666667,0.19973958333333336,0.16000000000000003,0.5862275575880759,0.5804114083880554,1.792265812150145,0.17110954984389415,-0.8435472461632539,0.4282460956539657,16.88
0.4760999999999999,0.5162714889277383,0.3153782894736842,0.9445485667092929,0.9986979166666667,0.19973958333333336,0.16000000000000003,0.5862275575880759,0.5940816260568573,1.7970037176881233,0.17540338082798693,-0.821482408383317,-0.4653320461672421,16.9
0.4760999999999999,0.5162714889277383,0.3153782894736842,0.9445485667092929,0.9986979166666667,1.7976562500000002,0.16000000000000003,0.5862275575880759,0.566900307184949,1.7887961373688241,0.17415932481186985,-0.8006585334773874,-1.3589041168353089,17.39
0.43560000000000004,0.9933256847319338,0.0,0.9445485667092929,0.9986979166666667,1.7976562500000002,0.16000000000000003,0.5862275575880759,0.4767778598026782,1.7930642135119894,-0.4561664588408839,-0.8004134660068557,1.3215185595395917,17.86
0.43560000000000004,0.9933256847319338,0.0,0.9445485667092929,0.9986979166666667,0.19973958333333336,0.16000000000000003,0.5862275575880759,0.48364559687414443,1.7958842692933341,-0.45269305556052597,-0.7785324745786235,0.42794131714847905,17.82
0.43560000000000004,0.9933256847319338,0.0,0.9445485667092929,0.9986979166666667,0.19973958333333336,0.16000000000000003,0.5862275575880759,0.5116076453627725,1.805896261662055,-0.4461430483911626,-0.7559620593314985,-0.46563929810548993,18.36
0.43560000000000004,0.9933256847319338,0.0,0.9445485667092929,0.9986979166666667,1.7976562500000002,0.16000000000000003,0.5862275575880759,0.482268120658229,1.796250294025281,-0.44800242518508077,-0.7352760691893474,-1.3592106942009854,18.24
0.4096,1.6251001602564088,0.3153782894736842,0.9445485667092929,0.9986979166666667,1.7976562500000002,0.16000000000000003,0.5862275575880759,0.10356593535842208,1.6499833933935868,-1.1420332317444724,-0.749441259747694,1.3212824729463457,21.68
0.4096,1.6251001602564088,0.3153782894736842,0.9445485667092929,0.9986979166666667,0.19973958333333336,0.16000000000000003,0.5862275575880759,0.0991489080044219,1.6470498999050305,-1.1410211115753188,-0.7281118073745763,0.4277079288455179,21.54
0.4096,1.6251001602564088,0.3153782894736842,0.9445485667092929,0.9986979166666667,0.19973958333333336,0.16000000000000003,0.5862275575880759,0.107428570436339,1.6537056551996425,-1.1359068528874912,-0.7058631232429345,-0.4658711124057848,22.25
0.4096,1.6251001602564088,0.3153782894736842,0.9445485667092929,0.9986979166666667,1.7976562500000002,0.16000000000000003,0.5862275575880759,0.11807466518686342,1.6617997978117298,-1.1301772734218625,-0.6834765543475143,-1.3594508282296587,22.49
0.3844,2.411594915501164,1.2615131578947367,0.9445485667092929,0.9986979166666667,1.7976562500000002,0.16000000000000003,0.5862275575880759,0.33811247936034894,1.810881759701622,-1.6978622136060977,-0.6693294067433254,1.3209038266830464,17.1
0.3844,2.411594915501164,1.2615131578947367,0.9445485667092929,0.9986979166666667,0.19973958333333336,0.16000000000000003,0.5862275575880759,0.287173408558169,1.7892492310858876,-1.704849263548358,-0.6497924562993291,0.4273380520256447,16.79
0.3844,2.411594915501164,1.2615131578947367,0.9445485667092929,0.9986979166666667,0.19973958333333336,0.16000000000000003,0.5862275575880759,0.28294036422169344,1.7877541249148063,-1.7032218226014033,-0.6283251191624327,-0.4662371666477545,16.58
0.3844,2.411594915501164,1.2615131578947367,0.9445485667092929,0.9986979166666667,1.7976562500000002,0.16000000000000003,0.5862275575880759,0.30114786894133544,1.796327729966052,-1.697287136209841,-0.6058925886790862,-1.359817107329152,16.79
0.9603999999999999,3.1851963141025657,0.3153782894736842,2.1583113544330774,0.9986979166666667,1.7976562500000002,0.16000000000000003,1.9892763380758813,1.0896528802663679,-2.527859420199219,1.0333152368187384,-1.5116904518946717,1.3060549875900138,32.88
0.9603999999999999,3.1851963141025657,0.3153782894736842,2.1583113544330774,0.9986979166666667,0.19973958333333336,0.16000000000000003,1.9892763380758813,1.064965537039788,-2.5216831273437648,1.0382243885806322,-1.489487729350956,0.4124761711962348,33.23
0.9603999999999999,3.1851963141025657,0.3153782894736842,2.1583113544330774,0.9986979166666667,0.19973958333333336,0.16000000000000003,1.9892763380758813,0.9632001382297894,-2.496807799361133,1.0511327104539403,-1.465492504878119,-0.4811114146409702,33.76
0.9603999999999999,3.1851963141025657,0.3153782894736842,2.1583113544330774,0.9986979166666667,1.7976562500000002,0.16000000000000003,1.9892763380758813,1.0670120114375419,-2.521317102611818,1.0429150189560776,-1.44623132396168,-1.3746758401532295,34.01
0.81,1.5090599504662014,0.0,1.4349577738704176,0.9986979166666667,1.7976562500000002,0.16000000000000003,1.9892763380758813,1.7538617255486588,-2.360103602184368,0.22618093379543092,-1.4585935882379117,1.3058101921783467,33.94
0.81,1.5090599504662014,0.0,1.4349577738704176,0.9986979166666667,0.19973958333333336,0.16000000000000003,1.9892763380758813,1.584890821698884,-2.3280363376143596,0.2421658595577444,-1.4339089399461815,0.4122192334782856,33.14
0.81,1.5090599504662014,0.0,1.4349577738704176,0.9986979166666667,0.19973958333333336,0.16000000000000003,1.9892763380758813,1.5133519927306067,-2.313709183293213,0.250561829060511,-1.4109248704077209,-0.481363405493397,38.79
0.81,1.5090599504662014,0.0,1.4349577738704176,0.9986979166666667,1.7976562500000002,0.16000000000000003,1.9892763380758813,1.6428032253242544,-2.3382184865438984,0.24234413756264825,-1.3916636894912817,-1.3749278310056565,37.27
0.7395999999999999,0.9030721882284389,0.3153782894736842,0.4296188991901106,0.9986979166666667,1.7976562500000002,0.16000000000000003,1.9892763380758813,0.9827514358301899,-1.7007338676890063,0.6285804337734241,-1.5152979455659592,1.306077642849825,29.69
0.7395999999999999,0.9030721882284389,0.3153782894736842,0.4296188991901106,0.9986979166666667,0.19973958333333336,0.16000000000000003,1.9892763380758813,0.8869593486392436,-1.6763380021455325,0.6412836487207985,-1.4913486826810483,0.4124902818701439,31.2
0.7395999999999999,0.9030721882284389,0.3153782894736842,0.4296188991901106,0.9986979166666667,0.19973958333333336,0.16000000000000003,1.9892763380758813,0.7628311158455269,-1.642832350258049,0.6578838952609128,-1.4665261496255397,-0.4811013514024885,36.26
0.7395999999999999,0.9030721882284389,0.3153782894736842,0.4296188991901106,0.9986979166666667,1.7976562500000002,0.16000000000000003,1.9892763380758813,0.9342415169812622,-1.687479075953388,0.6410517128738349,-1.4491953554020007,-1.3746563328987507,35.71
0.6723999999999999,0.4518047057109564,0.0,0.4296188991901106,0.9986979166666667,1.7976562500000002,0.16000000000000003,1.9892763380758813,0.5812587741635382,-1.5537723703583335,0.0654062473866364,-1.4365623397713432,1.3057057464347641,29.93
0.6723999999999999,0.4518047057109564,0.0,0.4296188991901106,0.9986979166666667,0.19973958333333336,0.16000000000000003,1.9892763380758813,0.5081555163402816,-1.52937650481486,0.07810946233401074,-1.4126130768864325,0.41211838545508284,29.56
0.6723999999999999,0.4518047057109564,0.0,0.4296188991901106,0.9986979166666667,0.19973958333333336,0.16000000000000003,1.9892763380758813,0.4478870303330781,-1.5078574139063368,0.08958203572578281,-1.3889395835290788,-0.48146762637945595,33.84
0.6723999999999999,0.4518047057109564,0.0,0.4296188991901106,0.9986979166666667,1.7976562500000002,0.16000000000000003,1.9892763380758813,0.5692322335755602,-1.5486684400884083,0.07439070874617447,-1.3712410966021302,-1.375024406735908,32.54
0.6241000000000001,0.15525750291375323,0.3153782894736842,0.4296188991901106,0.9986979166666667,1.7976562500000002,0.16000000000000003,1.9892763380758813,3.8517094341123386,-2.0986589436123753,-0.7930386812859317,-1.424127624774279,1.3056582049364398,38.56
0.6241000000000001,0.15525750291375323,0.3153782894736842,0.4296188991901106,0.9986979166666667,0.19973958333333336,0.16000000000000003,1.9892763380758813,3.7935794608196405,-2.0910442634394464,-0.7875142087462368,-1.4017870174667848,0.41207871397008955,37.7
0.6241000000000001,0.15525750291375323,0.3153782894736842,0.4296188991901106,0.9986979166666667,0.19973958333333336,0.16000000000000003,1.9892763380758813,3.4651416621206406,-2.0489082876471114,-0.7672220375393158,-1.376137175828605,-0.48151696673797023,47.01
0.6241000000000001,0.15525750291375323,0.3153782894736842,0.4296188991901106,0.9986979166666667,1.7976562500000002,0.16000000000000003,1.9892763380758813,3.3553347721995586,-2.0341016708868063,-0.7586209611106154,-1.3531071447022178,-1.3750998305671764,44.87
0.5776,0.013430579836829935,5.046052631578947,1.4349577738704176,0.9986979166666667,1.7976562500000002,0.16000000000000003,1.9892763380758813,2.6781925483192524,-2.3672380416155074,-2.279656403162351,-1.2006461345159622,1.3046014257250182,39.37
0.5776,0.013430579836829935,5.046052631578947,1.4349577738704176,0.9986979166666667,0.19973958333333336,0.16000000000000003,1.9892763380758813,2.9780882738923324,-2.4099669175542124,-2.2956681578456943,-1.1831314939407185,0.4110455447986611,39.8
0.5776,0.013430579836829935,5.046052631578947,1.4349577738704176,0.9986979166666667,0.19973958333333336,0.16000000000000003,1.9892763380758813,2.839495869405447,-2.3898862139631647,-2.284810905231723,-1.1595958853471435,-0.4825397924633064,37.79
0.5776,0.013430579836829935,5.046052631578947,1.4349577738704176,0.9986979166666667,1.7976562500000002,0.16000000000000003,1.9892763380758813,3.0261688038830385,-2.415833904531325,-2.2936439175073873,-1.140472589194483,-1.3761035434029945,38.18
0.5476,0.02632393648018634,2.8384046052631575,0.9445485667092929,0.9986979166666667,1.7976562500000002,0.16000000000000003,1.9892763380758813,0.612556097450786,1.720556714188608,1.3321558525349106,-1.6393153265908023,1.3066638301888052,16.69
0.5476,0.02632393648018634,2.8384046052631575,0.9445485667092929,0.9986979166666667,0.19973958333333336,0.16000000000000003,1.9892763380758813,0.6471606475763232,1.7315276314356458,1.3391160735561416,-1.616652988167825,0.4130827652197888,16.62
0.5476,0.02632393648018634,2.8384046052631575,0.9445485667092929,0.9986979166666667,0.19973958333333336,0.16000000000000003,1.9892763380758813,0.6503536613890192,1.7329092998995153,1.3419741560586986,-1.5949098815033713,-0.4804938025987528,16.94
0.5476,0.02632393648018634,2.8384046052631575,0.9445485667092929,0.9986979166666667,1.7976562500000002,0.16000000000000003,1.9892763380758813,0.6156626776277953,1.7227838698235827,1.3399096723388466,-1.5742698529491466,-1.3740649738367243,16.7
0.5041,0.19393757284382246,1.2615131578947367,0.9445485667092929,0.9986979166666667,1.7976562500000002,0.16000000000000003,1.9892763380758813,0.9582247683124496,1.8512327177087786,0.7627065825029201,-1.5621207342057306,1.3062994644395265,15.59
0.5041,0.19393757284382246,1.2615131578947367,0.9445485667092929,0.9986979166666667,0.19973958333333336,0.16000000000000003,1.9892763380758813,0.919812107509007,1.8420662125111626,0.7610523126349357,-1.5413887824756531,0.41272784348650743,14.58
0.5041,0.19393757284382246,1.2615131578947367,0.9445485667092929,0.9986979166666667,0.19973958333333336,0.16000000000000003,1.9892763380758813,0.8952652419607411,1.836255944387656,0.7608337912484872,-1.5203350996300926,-0.480845351469178,15.33
0.5041,0.19393757284382246,1.2615131578947367,0.9445485667092929,0.9986979166666667,1.7976562500000002,0.16000000000000003,1.9892763380758813,0.9601660275611378,1.8529804109045949,0.7702552953809222,-1.4971212221520007,-1.3744291147284793,15.31
0.4760999999999999,0.5162714889277383,0.3153782894736842,0.9445485667092929,0.9986979166666667,1.7976562500000002,0.16000000000000003,1.9892763380758813,0.6583705729349528,1.8054827727395353,0.11847651556387195,-1.5018183255975515,1.3060177317689607,16.63
0.4760999999999999,0.5162714889277383,0.3153782894736842,0.9445485667092929,0.9986979166666667,0.19973958333333336,0.16000000000000003,1.9892763380758813,0.6328893232593386,1.7982341172985532,0.11764267339962228,-1.4809025275157695,0.4124452113858465,15.87
0.4760999999999999,0.5162714889277383,0.3153782894736842,0.9445485667092929,0.9986979166666667,0.19973958333333336,0.16000000000000003,1.9892763380758813,0.6187771154080494,1.79434169893168,0.11824457971690855,-1.459664998318504,-0.4811288829999339,16.54
0.4760999999999999,0.5162714889277383,0.3153782894736842,0.9445485667092929,0.9986979166666667,1.7976562500000002,0.16000000000000003,1.9892763380758813,0.6439754913668713,1.8024358415437671,0.1239741591825371,-1.4372784294230838,-1.374708598823808,16.74
0.43560000000000004,0.9933256847319338,0.0,0.9445485667092929,0.9986979166666667,1.7976562500000002,0.16000000000000003,1.9892763380758813,0.5302043408543521,1.8009503684170314,-0.5088129075814211,-1.4375849010076664,1.3057167758413777,17.64
0.43560000000000004,0.9933256847319338,0.0,0.9445485667092929,0.9986979166666667,0.19973958333333336,0.16000000000000003,1.9892763380758813,0.5359931906331834,1.8032909617592177,-0.5055446112269968,-1.4157498711673604,0.41213975830778865,17.79
0.43560000000000004,0.9933256847319338,0.0,0.9445485667092929,0.9986979166666667,0.19973958333333336,0.16000000000000003,1.9892763380758813,0.5359931906331834,1.8037137053447703,-0.5030967425763073,-1.3940986876787593,-0.4814363597957054,17.55
0.43560000000000004,0.9933256847319338,0.0,0.9445485667092929,0.9986979166666667,1.7976562500000002,0.16000000000000003,1.9892763380758813,0.5017315481548497,1.7926293503905208,-0.5055714401480265,-1.3735505823003868,-1.3750070813186297,18.06
0.4096,1.6251001602564088,0.3153782894736842,0.9445485667092929,0.9986979166666667,1.7976562500000002,0.16000000000000003,1.9892763380758813,0.2093903203155318,1.7053363297753124,-1.1743740948175738,-1.3820624975438116,1.305458428353281,20.82
0.4096,1.6251001602564088,0.3153782894736842,0.9445485667092929,0.9986979166666667,0.19973958333333336,0.16000000000000003,1.9892763380758813,0.1664957102459719,1.6817859514029438,-1.1821815724635691,-1.3627093934515202,0.41189355312597414,20.21
0.4096,1.6251001602564088,0.3153782894736842,0.9445485667092929,0.9986979166666667,0.19973958333333336,0.16000000000000003,1.9892763380758813,0.16893089659296623,1.683647082305972,-1.1791183830350782,-1.3409203251991404,-0.4816832395500912,20.71
0.4096,1.6251001602564088,0.3153782894736842,0.9445485667092929,0.9986979166666667,1.7976562500000002,0.16000000000000003,1.9892763380758813,0.19251185245024346,1.6974947741879602,-1.1709275204582452,-1.3179822172486058,-1.37526565366425,21.4
0.3844,2.411594915501164,1.2615131578947367,0.9445485667092929,0.9986979166666667,1.7976562500000002,0.16000000000000003,1.9892763380758813,0.3266851761704071,1.7957537175270601,-1.7603537947914523,-1.3087069979645936,1.3051128361459718,16.88
0.3844,2.411594915501164,1.2615131578947367,0.9445485667092929,0.9986979166666667,0.19973958333333336,0.16000000000000003,1.9892763380758813,0.33811247936034894,1.8009710855041967,-1.7558548568814258,-1.2865961985967302,0.4115344694672406,17.11
0.3844,2.411594915501164,1.2615131578947367,0.9445485667092929,0.9986979166666667,0.19973958333333336,0.16000000000000003,1.9892763380758813,0.33351798527463955,1.7994759793331156,-1.754227415934471,-1.265128861459834,-0.4820407492061586,16.61
0.3844,2.411594915501164,1.2615131578947367,0.9445485667092929,0.9986979166666667,1.7976562500000002,0.16000000000000003,1.9892763380758813,0.31545431306157024,1.7922273238921336,-1.7550612580987206,-1.244213063378052,-1.3756132695892727,16.03
