fixed acidity__log,volatile acidity__sq,citric acid__sq,residual sugar__log,chlorides__log,free sulfur dioxide__log,total sulfur dioxide__log,density__sq,pH__sq,sulphates__log,alcohol__sq,quality__sq,PC1,PC2,PC3,PC4,PC5,PC6,PC7,PC8,Id
0.0,0.8815730634046994,0.0,0.0,0.07325046173959267,0.0,0.0,0.30870377270826505,1.6132529924653793,0.0,0.9272925279793011,0.6648240933323804,-0.8199186231946591,-1.283247905121559,-1.4633339834536903,0.09135505997995803,-0.6633655739376124,0.5187002253824078,0.6150158421442853,-0.1882961453040534,0
0.0,3.767338147376513,0.0,0.0488266144487674,0.0934903430873389,0.6499885853699919,0.4966425086978604,0.00130673328986092,0.5021385692059677,0.122946425483153,0.3520539560990836,0.6648240933323804,-0.06526528766821331,-1.9743290007019338,0.1009019817098111,-0.1971460060190485,-0.2628047454134637,-1.4971051122278598,-0.037800645778216485,0.31663449386929976,1
0.0,1.6203640635935261,0.0016,0.0,0.0880108773227133,0.0,0.22044990654106972,0.019611550849729795,0.10603637414144908,0.0,0.3520539560990836,0.6648240933323804,-0.10704026807965843,-1.3212685356835536,-0.6426096676059112,-0.20347479869876903,-0.28189768510496366,-0.7673513203385085,-0.15368358485492625,0.23774767855935308,2
0.9757157332627988,1.9576955071993605,0.31360000000000005,0.0,0.07232066157962612,0.12669271367382126,0.35743946444942853,0.4349450660776436,0.9291817924666731,0.0,0.3520539560990836,0.181133596355019,1.9497674900803863,0.3548322787448304,0.23871888072002134,-0.8071676142138923,1.324899546754891,0.6130650692338864,0.4984341239259729,-0.2857595555938448,3
0.0,0.8815730634046994,0.0,0.0,0.07325046173959267,0.0,0.0,0.30870377270826505,1.6132529924653793,0.0,0.9272925279793011,0.6648240933323804,-0.8199186231946591,-1.283247905121559,-1.4633339834536903,0.09135505997995803,-0.6633655739376124,0.5187002253824078,0.6150158421442853,-0.1882961453040534,4
0.0,0.5130072268723961,0.0,0.0,0.07232066157962612,0.0,0.0,0.30870377270826505,1.6132529924653793,0.0,0.9272925279793011,0.6648240933323804,-0.805867809022814,-1.316466647068718,-1.2080573011129974,-0.06246737491434533,-0.5585347387271757,0.6492343272631514,0.6293843098396905,-0.2682396462469389,5
0.0,0.1461007174643103,0.0036,0.0,0.06672363204290818,0.0,0.33587176666578866,0.02945898365584165,0.004943337316125731,0.0,0.9272925279793011,0.6648240933323804,-0.45857968066442595,-1.3391093763434594,-0.8170565723821988,-0.5886893316830194,0.8485443800848571,0.17661157335137836,0.06037153236586676,0.15607669401940638,6
0.0,0.4363609548551842,0.0,0.0,0.06297479916138844,0.0,0.0,1.2247152208169296,0.2541861521208982,0.0,0.16689829373793028,2.7774332834730595,-1.6087650227872243,0.7127418138672623,-0.692783494733696,-0.2050076341543952,0.7639939310540325,-0.20115644588825207,1.4955156161446739,1.1034455023688376,7
0.0,0.07338314643238054,0.0004,0.0,0.07045846364856141,0.0,0.0,0.00130673328986092,0.09776642190467841,0.0,0.7578669791145087,2.7774332834730595,-0.3069632551977506,0.7374836884062959,-0.9222520030351645,0.051825507433523064,0.029034377219581742,0.3354190267316687,1.4438857753715804,1.2951802316593601,8
0.0,0.07338314643238054,0.0064,0.0,0.0925791812930931,0.0,0.4588075223140107,0.1860778318990078,0.03919234640701822,0.0,1.3173754374983664,0.6648240933323804,-0.722453061483704,-1.3799934864142172,-0.48601916386255295,-0.8484698617504413,0.4513001069208574,0.267021728483184,-0.3412657290200612,0.6763254732773653,10
0.0,0.21690884220991508,0.0,0.0,0.08525984395082342,0.03682537009038924,0.33587176666578866,1.5939245430772122,2.9479341676151587,0.0,0.2509374896202608,0.6648240933323804,-2.685583682709176,-1.121653593508473,-0.3862000185291385,-0.37491933294767876,-0.08369154775732593,0.6336055387815996,-0.060865900036634085,0.06585036428671916,12
0.0,0.19175661524979373,0.0841,0.0,0.10795714150509228,0.0,0.0,0.12098307145516621,0.10603637414144908,1.8397845861884397,1.5380327981526363,0.6648240933323804,1.297660682697498,0.45516735889035653,-0.04554932155220972,-2.553493035616729,-4.587208619388735,-0.8391605733376089,-1.1773777752834493,0.3118967478097363,13
0.10263334224906732,1.9576955071993605,0.31360000000000005,0.0,0.0880108773227133,1.0616309829709105,1.0084520490379367,0.007760730174557911,0.004943337316125731,0.4328370920202075,0.002861373273662736,2.7774332834730595,0.33746294963772094,0.3943137951868544,2.8795727167979037,-1.163325108188322,0.5198716717126782,0.45444915299079525,1.23782629544179,0.08106795369021337,16
0.0,1.3841539670871217,0.2601,0.0,0.2934156042995415,0.12669271367382126,0.26822882093429734,0.007760730174557911,2.9925919096937097,1.246531992190883,1.3173754374983664,0.181133596355019,1.6232662719818087,0.6805095767517109,0.9620103834634647,-2.2989240942215146,-1.1043735468751297,0.05445879702710893,-0.7158881958441595,1.1530929121723363,19
0.0,0.6190821534750112,0.0961,0.0,0.0788111804242897,0.5425604642575216,0.5682711825506759,0.5827736546089219,1.77947546778984,0.0,0.47024769317440096,0.6648240933323804,-0.28771935861690007,-1.1956054319448806,0.568586989834365,-0.3804701855763435,-0.4778771874316143,1.5370022038512614,0.318991848309784,-0.7738203135502739,21
0.0,0.3182559066019819,0.04409999999999999,0.0,0.10074990310014306,0.0,0.0,0.004589210891891607,0.8101978546601726,0.9085001750121521,0.7578669791145087,0.6648240933323804,0.7138584382837373,0.1205102736409427,-0.4873901209032111,-1.6596884121266628,-0.897440411486187,0.13515053283617479,-1.075763136929338,0.3212320701949857,22
0.10263334224906732,0.05295878168280805,0.0121,0.0,0.08065790301745447,0.0,0.4966425086978604,0.00130673328986092,0.8101978546601726,0.0,0.9272925279793011,0.6648240933323804,0.5978196468328156,-0.9467588735480086,-0.6674817252570566,-0.5802622314155291,0.8848850829598213,0.23938886543028046,-0.6356431733480965,0.494191983296307,23
0.0,0.5345784794872352,0.019600000000000003,0.0,0.08157998699242289,0.42218689553501815,0.0,0.00130673328986092,0.5768283576615741,0.0,0.47024769317440096,0.181133596355019,-0.6154489429273985,-0.06229713206866854,0.34451060528510397,-0.2639084580499054,-0.16899189379437332,1.2680998584149412,0.5382115381253717,0.38158365022780627,24
0.0,0.6190821534750112,0.0256,0.0,0.07696104113612832,0.0,0.0,0.40851573872208874,0.034230375064955826,0.0,1.1137953474405857,0.6648240933323804,-1.008390488603016,-0.2422741943524909,-1.1131998556736424,-1.0605437259796475,0.2938824371301972,1.2894042830918184,-0.6220157574962497,0.4449338645647847,25
0.0,0.45627288034580543,0.0576,0.0,0.07696104113612832,0.0,0.0,0.07591605158168345,0.03919234640701822,0.0,0.7578669791145087,0.6648240933323804,-0.13255251558902353,0.18446546974296055,-1.6706727789014506,-0.6720912971626916,0.19480888384164854,0.9722267412857261,-0.7863210505099802,0.3275026854745692,26
0.0,0.9892097096536396,0.0,0.0,0.07696104113612832,0.0,0.0,0.059503663571498236,1.0298506377764036,0.0,0.9272925279793011,0.6648240933323804,-0.9921483554248545,-1.3609868254036752,-1.2523327769444277,-0.03130152117818645,-0.4519185615886167,0.35383243749969995,0.4720873842406753,-0.022162731188104513,28
0.0,0.400362096913958,0.0,0.0,0.0788111804242897,0.0,0.0,0.02945898365584165,0.19389748738793933,0.0,0.3520539560990836,0.181133596355019,-0.6009590877093033,0.19782227101783656,-1.3140491505979877,0.0762982137872067,-0.20320166136124465,0.05331730755961467,0.6156624299934402,0.6059064324230592,29
0.0,0.6395980252351121,0.004900000000000001,0.0,0.08525984395082342,0.12669271367382126,0.7422998240923979,0.23359207291906567,0.06192402115437553,0.0,0.09993636845209211,0.6648240933323804,-1.1475189009589457,-1.5293350393493408,0.07527612416463184,-0.09848639373281397,0.2908742688032102,-0.2698775014289942,-0.32156561596362687,0.27914108234232127,30
0.0,0.473909331507997,0.0144,0.0,0.07973496801885356,0.0,1.113960068719543,0.004589210891891607,0.8101978546601726,0.013362382868697018,0.3520539560990836,0.6648240933323804,0.37690139926192723,-1.6740381955750063,0.4996350637952662,-0.7736487571125394,0.3522998966729955,-0.9103399570379236,-0.5455361435054179,0.4176627504949263,32
0.0,1.3841539670871217,0.0625,0.0,0.09803374027136541,0.0,0.11744500439534311,0.28650313772959846,0.19389748738793933,0.0,1.3173754374983664,0.6648240933323804,-1.2789724888625458,-0.6634345532722695,-0.3739859998745617,-1.0250006454617762,0.25376415702292865,1.8004965311135361,-0.732992226065255,0.6905690027167312,34
0.0,0.400362096913958,0.0,1.1596482826017465,0.08250122151174369,0.0,0.0,0.943192717157289,0.32262357151473864,0.0,0.6055187008462087,0.181133596355019,0.5188334521037693,-0.42144908862260483,-0.9974230254560207,2.329742968630415,-0.7218847607378457,0.7895703025440791,0.24158136599753693,1.2195061107246683,35
0.0,0.1461007174643103,0.019600000000000003,0.0,0.08250122151174369,0.0,0.0,0.15981801108275867,0.4839446742850763,0.0,0.10936646815301185,0.181133596355019,-0.4667573060083776,0.7296728160991908,-1.31488361931687,0.760391742210378,-0.4344480790910576,0.15724001365032667,0.4628181092527691,0.09443390361336824,36
0.0,0.7097839023091328,0.07840000000000001,0.0,0.0639133257436528,0.0,0.0,0.00130673328986092,0.2674180756997283,0.35364766214801746,0.47024769317440096,2.7774332834730595,0.5612744208579477,1.2816393693183379,0.12245221025370225,-0.6648266567446129,-0.017270949566451844,0.5200931423692564,0.7489570387255421,1.2320993872429364,37
0.0,0.2050312322435411,0.1296,1.2481278786312648,0.07138999608667293,0.0,0.8123884698944145,0.30870377270826505,0.014685483636421763,0.6986878860637159,0.002861373273662736,0.6648240933323804,0.7665973415495277,-0.842062751640297,1.299222425278223,1.370757496077676,-1.2580565979345464,0.6360234108067813,-1.6041694673541824,0.46820591900373887,40
0.2466643809766059,0.19175661524979373,0.09,0.18026934961129024,0.08434114843375087,0.12669271367382126,0.0025987038478202254,0.20404977450078587,0.10603637414144908,0.0,1.1137953474405857,4.2285047744051445,0.5193417212572249,-2.0269144251102804,-1.044417526940527,-0.04061433151413216,0.44265233481494143,0.3028300985508616,-0.7751999806376526,-0.49692277388646244,41
0.0,0.05295878168280805,0.04000000000000001,0.0488266144487674,0.2866815721181974,0.0,0.0,0.00130673328986092,0.41574965004300457,0.8845578841437388,0.002861373273662736,0.181133596355019,0.43690062965571413,1.2236653071003976,-0.3577764216600863,-0.3600890014074914,-1.1412911845595064,-0.16702242114243512,-0.5584040749513669,0.6949624289649439,42
0.0,0.5130072268723961,0.0484,0.0,0.06672363204290818,0.0,0.0,0.00130673328986092,0.004943337316125731,1.430906775125213,0.017244329669892283,0.6648240933323804,0.4810456396904247,0.451242861213918,-0.399991590032486,-1.0378073205261942,-2.9089521809764354,-0.9592195446249859,-1.0354274385183566,-0.17625142513348205,43
0.0,0.003984229648887772,0.0225,0.0,0.05259245011917058,0.0,0.4588075223140107,2.992980994543521,14.134156733834665,0.0,6.032009437245921,4.2285047744051445,-4.624726266904833,-0.08934339737947525,-0.031098447153559996,1.0214411587190935,-0.8212352441744002,0.8683551159328609,-1.4279381271032228,-2.169590896446872,45
0.0,5.0496502877574345,0.18489999999999998,0.0,0.10795714150509228,0.48418381194589716,1.1239235424399112,0.019611550849729795,0.15168151999999027,0.35364766214801746,1.3173754374983664,0.6648240933323804,-0.06400401984730356,-2.7436800031276096,0.48753291138527083,-0.7375080781462516,-0.5900407732745775,-1.6494211484660601,0.23391972324919094,0.576578134086376,46
0.2466643809766059,0.5130072268723961,0.06760000000000001,0.0,0.07138999608667293,0.0,0.0,0.03685919531537657,1.056314484934064,0.39402604307736266,1.3173754374983664,0.6648240933323804,0.8786720308337271,-0.3950865492488385,-1.7835916498005442,-0.9226516377445795,-0.44733386931395586,-0.5614338094514795,-0.5306264455622626,0.5110331785449107,50
0.0,0.003984229648887772,0.0016,0.0,0.06672363204290818,0.0,0.0,0.34481102633060623,0.32262357151473864,0.0,0.9272925279793011,0.181133596355019,-0.974906167638821,0.3527047181941198,-1.031114236881849,-0.24444257951508908,-0.38607232008555825,0.7898564471217229,0.1787220596637612,1.0875891855353301,51
0.0,0.03043585615848893,0.0016,0.0,0.0657877405380031,0.0,0.0,0.40851573872208874,0.2541861521208982,0.0,0.9272925279793011,0.181133596355019,-0.9439425793122346,0.5020675619035528,-1.133496694879328,-0.3457553518957098,-0.3893308768715503,0.8206013649929174,0.0762604728844161,1.1336314672887196,52
0.1529841784803131,0.7097839023091328,0.1296,0.29642485248943906,0.07788653865707124,0.8768430875563626,1.172304112038367,0.019611550849729795,0.5021385692059677,0.0,0.9272925279793011,0.6648240933323804,0.7701901728616188,-1.9632299271038332,1.757624747673887,-0.7531995084004521,1.1753957935841999,0.6020247382845336,-0.40571648746501326,0.05234979901429349,53
0.0,0.014111005480515507,0.0225,0.18026934961129024,0.10436001532424277,0.9917579743817846,0.6022490942726989,0.40851573872208874,0.8101978546601726,0.0,0.05005171376274625,0.181133596355019,-0.13036048552889817,-0.6002014222765525,1.6688708984409237,-0.47966366921115194,0.8488951816920972,-0.3262092785104382,0.020210350502415084,0.6385657528200812,54
0.7327766880855823,0.3841653560507208,0.32489999999999997,0.49472348894674767,0.06765864847381481,0.0,0.0,0.03685919531537657,2.9925919096937097,0.0,0.6055187008462087,0.6648240933323804,1.9974680668006812,0.30011209149242446,-1.4367146805360362,0.0018274946194448104,0.6346738346140968,0.21319834481211275,-1.3308120142035433,0.4131249328195483,56
0.0,0.10664289452517259,0.0324,0.0,0.07325046173959267,0.12669271367382126,0.22044990654106972,0.15981801108275867,0.5768283576615741,0.0,0.16689829373793028,0.6648240933323804,-0.4446158069590149,-1.1025040733866778,-0.35888261709557795,0.030401447644812948,-0.2204861321094193,0.4207720226850276,0.16586579190645698,-0.4452311138700854,58
0.0,0.6190821534750112,0.0961,0.0,0.07138999608667293,0.0,0.0025987038478202254,0.07591605158168345,0.3992097455694669,0.0,0.9272925279793011,0.181133596355019,-0.5338275994953977,0.09010010575040385,-0.43124980767773147,-0.18819738858168517,0.2966147427504213,1.331915131373727,0.2752819272284967,0.8255285545543719,59
0.2466643809766059,0.5345784794872352,0.16000000000000003,0.0,0.07603468627599762,0.2853149261682657,0.17027312080173776,0.4349450660776436,0.6778607956989522,0.0,1.3173754374983664,0.6648240933323804,0.3761435237667969,-0.9608074408381635,-0.1626821602886546,-0.5511983246912969,-0.23423327534416616,1.3843243698139922,0.26361907147272556,-0.5903751554463031,60
0.0,0.7801344920021048,0.24009999999999998,0.0,0.10885440491208209,0.35609082721260205,1.1038963243083657,0.00130673328986092,0.41574965004300457,0.26764376658974054,1.1137953474405857,0.6648240933323804,0.15609180998586963,-2.041110924414462,0.6259051371925407,-1.2562926319927363,-0.05363891879315922,-0.7981387825904592,-0.1787868227369291,0.45636304885671375,61
0.0,1.285417902728753,0.0025000000000000005,0.0,0.07788653865707124,0.0,0.22044990654106972,0.004589210891891607,0.2541861521208982,0.0,0.3520539560990836,0.6648240933323804,-0.9820888194880174,-1.3416947961327075,-0.8601452143330124,-0.10079530626009403,-0.22950921919715772,-0.2261170926621387,0.06151419206932282,0.1568277631813808,63
0.0,1.162286069363948,0.0025000000000000005,0.9407607656324869,0.08250122151174369,0.0,0.0,0.07591605158168345,0.3992097455694669,0.0,0.17902270763911277,0.6648240933323804,-1.0401109106285729,-0.5038123601968295,-1.5960402854276108,2.3632818226083003,0.23874374366119272,0.08111088304763699,-0.7921008905388435,0.28161990973305073,64
0.0,1.162286069363948,0.0025000000000000005,0.9407607656324869,0.08250122151174369,0.0,0.0,0.07591605158168345,0.3992097455694669,0.0,0.17902270763911277,0.6648240933323804,-1.0401109106285729,-0.5038123601968295,-1.5960402854276108,2.3632818226083003,0.23874374366119272,0.08111088304763699,-0.7921008905388435,0.28161990973305073,65
0.0,0.9346166271733762,0.004900000000000001,0.0,0.07325046173959267,0.0,0.0,0.07591605158168345,0.6778607956989522,0.0,0.056787499263402444,0.6648240933323804,-1.5536360799226205,-0.17874716244778105,-1.7028469763000693,0.1703605134574252,-0.4635852781824894,-0.16094803584069192,-0.20763515375818545,-0.24931465793674676,67
0.0,0.9346166271733762,0.0025000000000000005,0.0,0.07138999608667293,0.0,0.0,0.07591605158168345,0.034230375064955826,0.9989182187758804,0.002861373273662736,0.181133596355019,-0.25058669639645587,0.8770158943434232,-0.6537863648583662,-0.45172332277507593,-1.7372963324451578,-0.9933596356848677,0.08860986910364539,0.340806347571974,69
0.0,0.7801344920021048,0.0484,0.0,0.08065790301745447,0.20914565395635606,0.90292761449833,0.10723982123031667,4.196476200635395e-05,0.0,0.7578669791145087,0.6648240933323804,-0.6583625087009818,-1.9729121983134337,-0.0618177986666587,-0.5130906114482042,0.7850644818757763,-0.3475807493410079,0.07804916183042462,0.27464338663371446,72
0.0,0.6395980252351121,0.06760000000000001,0.0,0.08065790301745447,0.0,0.0,0.20404977450078587,4.196476200635395e-05,0.0,1.3173754374983664,4.2285047744051445,0.09834862343510212,-1.966005289973866,-1.6540745813936168,-0.29245848518783757,0.0620232118470675,0.17064544424676723,-0.5959671237898186,-0.41260859568586306,73
0.2466643809766059,0.45627288034580543,0.4096,0.0,0.08892620919440151,0.0,0.0,0.943192717157289,2.1363666824214076,0.013362382868697018,0.002861373273662736,0.6648240933323804,0.05418747308151522,-0.08218185416909522,-0.6593063872451077,0.1812089230696603,-0.6867803999464249,1.2482612182090684,0.1444412395293659,-1.2770895555351862,76
0.0,1.9940481922479605,0.0,0.0,0.09893994785490356,0.0,0.0,0.004589210891891607,1.77947546778984,0.0,0.056787499263402444,0.181133596355019,-1.6332683852172427,-0.2882361929976582,-0.7137354493237805,0.9262943705412218,-0.5024851172457612,-0.31368750081601676,0.9958504444691838,0.14427650539031506,77
0.0,1.4817370431128576,0.0144,0.0,0.08250122151174369,0.0,0.7128284753944212,0.23359207291906567,0.19389748738793933,0.0,0.09993636845209211,0.6648240933323804,-1.3720441036664908,-1.5251602874032282,-0.47375226691813477,-0.09116732757681625,0.19286018783356465,-0.5130803410259371,-0.14575263114753303,0.2857873046629711,78
0.0,0.27186185226491705,0.04000000000000001,0.0,0.07696104113612832,0.7469872683844655,1.172304112038367,0.059503663571498236,0.9291817924666731,1.3118409672473026,1.5380327981526363,4.2285047744051445,1.0630005725655733,-2.323481517436881,1.4219184206160271,-2.601123288818916,-1.7184052295505274,-1.0396118734536999,-1.2241743868772665,-0.3969713076064142,79
0.0,0.2050312322435411,0.04000000000000001,0.0,0.06672363204290818,0.0,0.0,0.23359207291906567,0.3992097455694669,0.0,1.3173754374983664,0.6648240933323804,-1.1365409748721287,-0.16470487817001792,-1.8009849096800643,-0.662557934812283,-0.15140685204054224,1.3497297015846608,-0.5503205838788907,0.5741952901114371,80
0.0,0.03043585615848893,0.22089999999999999,0.0,0.08250122151174369,0.42218689553501815,0.6022490942726989,0.019611550849729795,0.09776642190467841,0.0,1.5380327981526363,0.6648240933323804,-0.28366873910057205,-1.5692883679132614,0.09990592113032506,-0.7905310517251104,0.2412885303177158,0.8261791689756919,0.07200833978994645,0.09784054985493802,82
0.0,1.6585285874505502,0.2304,0.0,0.06672363204290818,0.20914565395635606,0.37855180047175346,0.1860778318990078,0.6778607956989522,0.5409761286623967,0.017244329669892283,0.181133596355019,-0.9672085138273752,0.5713010885201325,0.9869827713240835,-0.9763678771172066,-0.5669079477846583,1.1744858086748373,-0.018291927259150756,0.2281815776784093,84
0.0,0.010792351232078716,0.0225,0.0,0.07325046173959267,0.2853149261682657,0.0,0.10723982123031667,0.3992097455694669,0.0,0.09993636845209211,0.6648240933323804,-1.0650700470292302,-0.7600819485018067,-0.2927064027030256,-0.18288911669289087,-0.06296874632791144,0.5062168459848206,-0.24302764761281134,-0.1930313331492089,85
0.1529841784803131,0.05295878168280805,0.07840000000000001,0.0,0.10436001532424277,0.35609082721260205,1.3212224274741962,0.059503663571498236,5.914868648420388,2.1498920494448535,0.2509374896202608,0.181133596355019,3.008881290620158,0.7839027785974548,3.6802695522480704,-3.9534544363201714,-4.707713943094281,-2.4915128019912993,-1.6538723586054234,1.043510254557764,86
0.0,0.05295878168280805,0.06760000000000001,0.0,0.06015392281974709,0.0,0.0,0.004589210891891607,0.2541861521208982,0.0,0.6055187008462087,0.6648240933323804,-0.37784707763171116,-0.3390231031120538,-1.0812788172320809,-0.514264560574905,-0.31079488647394465,0.7878752802139092,-0.32514861355310526,-0.050112433488239676,87
0.44843328352162587,0.6190821534750112,0.1936,0.0,0.10165365372649983,1.0273046342358119,1.2274309694467074,0.30870377270826505,1.1915959320623335,1.4585828892461687,0.7578669791145087,0.6648240933323804,1.985171745664304,-1.167706033020505,2.892167873188809,-2.5428954973552558,-1.648899110214973,-0.46668101887214725,-0.7582680610368784,-0.42460863617729394,88
0.0,0.24361058788162282,0.0064,0.0,0.07325046173959267,0.0,0.0,0.30870377270826505,1.1634780944573193,0.0,1.7757674294033978,0.6648240933323804,-0.7273389470709503,-1.1188786192740001,-1.8140488412051419,-0.11978640503620308,-0.4965063187266743,1.018884873004931,0.4492684034306611,0.14308990166014346,89
0.0,0.003984229648887772,0.06760000000000001,0.0,0.07603468627599762,1.273678951738023,1.3532591406702557,0.02945898365584165,0.2674180756997283,0.0,0.7578669791145087,0.6648240933323804,-0.1437638099528793,-2.753449485071159,2.4303114558193806,-1.3656528280019269,1.3487316807524967,-0.09863964501530867,0.2197663115364071,-0.2112396989418445,90
0.1529841784803131,0.05295878168280805,0.07840000000000001,0.0,0.10436001532424277,0.35609082721260205,1.3212224274741962,0.059503663571498236,5.914868648420388,2.1498920494448535,0.2509374896202608,0.181133596355019,3.008881290620158,0.7839027785974548,3.6802695522480704,-3.9534544363201714,-4.707713943094281,-2.4915128019912993,-1.6538723586054234,1.043510254557764,91
0.0,0.05295878168280805,0.06760000000000001,0.0,0.06015392281974709,0.0,0.0,0.004589210891891607,0.2541861521208982,0.0,0.6055187008462087,0.6648240933323804,-0.37784707763171116,-0.3390231031120538,-1.0812788172320809,-0.514264560574905,-0.31079488647394465,0.7878752802139092,-0.32514861355310526,-0.050112433488239676,93
0.0,7.400190867158242,0.0016,0.0,0.04401688541677433,1.246003185508219,0.7849396424473999,2.317209889320302,7.851648686656491,0.0,0.002861373273662736,4.2285047744051445,-4.305970810347254,-3.4986974734829097,0.6601552483956656,-0.0015982847860707152,-0.41424073464848077,-0.7958140879271814,0.500730332835362,-1.3502870980368393,94
0.0,1.8399259846514278,0.0,0.29642485248943906,0.09712671073072274,0.0,0.0,0.014325685378619286,0.7870419883972198,0.0,0.056787499263402444,0.6648240933323804,-1.3153281378808785,-0.6567052977569396,-1.3417260346538484,1.086078216294932,-0.5765015314672428,-0.2877815664889569,-0.28111091594311605,-0.04596591526068238,96
0.0,4.2119402091891835,0.0036,0.0,0.07603468627599762,0.0,0.0,0.000249560195638818,0.2541861521208982,0.0,0.3520539560990836,0.6648240933323804,-0.8283826327227166,-0.9728738566938792,-2.240933869282042,0.7082520467156654,-0.6336161926287592,-0.7230894684427922,0.08049445975935818,0.30391410221316095,98
0.0,0.005783867522580835,0.0324,0.0,0.07696104113612832,0.0,0.0,0.059503663571498236,0.004943337316125731,0.0,1.7757674294033978,0.181133596355019,0.1961776186378745,-0.3184367215564144,-0.794632198945017,-0.535411148107809,0.11878062335518658,0.49329859243288,0.7478742680425928,0.8279136857393604,99
0.0,0.19175661524979373,0.09,0.0,0.08065790301745447,0.0,0.11744500439534311,0.059503663571498236,0.32262357151473864,0.0,0.05005171376274625,0.181133596355019,-0.27030672213644863,-0.07496345177545487,-0.453598082847119,0.11107613798080054,-0.14573052566240724,-0.00768728854024501,0.7628588251379376,0.14640409164541326,100
0.0,0.005783867522580835,0.0324,0.0,0.07696104113612832,0.0,0.0,0.059503663571498236,0.004943337316125731,0.0,1.7757674294033978,0.181133596355019,0.1961776186378745,-0.3184367215564144,-0.794632198945017,-0.535411148107809,0.11878062335518658,0.49329859243288,0.7478742680425928,0.8279136857393604,102
0.0,0.059077550453364165,0.0484,0.0,0.07417939817425151,0.0,0.4588075223140107,0.000249560195638818,0.017993464531129294,0.0,1.3173754374983664,0.6648240933323804,-0.04165338313144338,-1.3369643699127454,-0.7427855558886213,-0.47780206279691423,0.5792033373580596,0.3033901053555941,-0.13822057021531695,0.3528165279186888,103
0.0,0.05295878168280805,0.0576,0.0,0.06765864847381481,0.0,0.0,0.14396041466942477,0.014685483636421763,0.0,0.9272925279793011,0.6648240933323804,-0.5875789317916491,-0.564684996956976,-1.413144839154499,-0.24011247999147237,0.5284348241580221,0.8845280914119679,-0.577655537899269,0.5441899823709048,104
0.0,0.059077550453364165,0.0484,0.0,0.07417939817425151,0.0,0.4588075223140107,0.000249560195638818,0.017993464531129294,0.0,1.3173754374983664,0.6648240933323804,-0.04165338313144338,-1.3369643699127454,-0.7427855558886213,-0.47780206279691423,0.5792033373580596,0.3033901053555941,-0.13822057021531695,0.3528165279186888,105
0.0,0.45627288034580543,0.4624000000000001,0.0,0.3832194991608447,0.20914565395635606,0.5330980419330561,0.08754495561809479,2.1744084627105447,1.5744395167763112,1.1137953474405857,0.6648240933323804,1.7094395973035035,-0.030355259566146413,1.1296518996957252,-2.752857536288376,-2.443239337705944,-0.42300016423888587,-1.46338298554083,0.40296101297785314,106
0.0,0.3016626353597976,0.0961,0.0,0.08434114843375087,0.0,0.4393393195580633,0.007760730174557911,0.9043719357563667,0.5745711749545842,1.1137953474405857,0.6648240933323804,-0.9455277853184745,-1.2696311259151691,-0.2192955531818937,-0.9427982977592932,-1.3884961452838442,0.36298683233150636,-0.00873705207370992,0.21410202254181843,107
0.0,0.025457874785833744,0.0361,0.0,0.09893994785490356,0.0,0.032570289690610876,0.02945898365584165,0.5966762430298194,0.954730776801224,0.7578669791145087,0.6648240933323804,0.48468840196431423,-0.32241016667329553,-0.3145768409626626,-1.4734516785958636,-1.1453782333033315,-0.40608992781816033,-0.9250410831203525,0.41327230797408643,110
0.0496122560132309,0.24361058788162282,0.0081,0.0,0.08065790301745447,0.0,1.0625969067170777,0.02945898365584165,1.056314484934064,0.013362382868697018,0.3520539560990836,0.6648240933323804,0.45485223996132906,-1.380887147638558,0.22162545499976014,-0.8589592530267041,0.42392477385563704,-0.8366905266983997,-0.733776749404011,0.5060853805038169,111
0.7048924198238723,1.5182422398456628,0.1936,0.0,0.07696104113612832,0.48418381194589716,0.0025987038478202254,1.1557831911742777,0.0032893468687716027,0.06965473649295341,0.47024769317440096,0.181133596355019,1.43104532117121,0.14466371636923733,0.44875319053530405,-0.45071128261736576,0.19941999054192766,1.1307913234245945,0.876660803854584,-0.4683847127844234,113
0.0,0.025457874785833744,0.0361,0.0,0.09893994785490356,0.0,0.032570289690610876,0.02945898365584165,0.5966762430298194,0.954730776801224,0.7578669791145087,0.6648240933323804,0.48468840196431423,-0.32241016667329553,-0.3145768409626626,-1.4734516785958636,-1.1453782333033315,-0.40608992781816033,-0.9250410831203525,0.41327230797408643,114
0.48432465704599104,0.5345784794872352,0.0961,0.0,0.08617769624105233,0.0,0.39922760605999,0.004589210891891607,2.3667311924650134,0.0,0.002861373273662736,0.181133596355019,1.1307299050809223,0.5665782435247899,0.2918134722929665,-0.623334455580514,1.1147159466020127,-0.32217574372399593,-0.32458267759816445,0.42349561381695927,115
0.0,0.0023249025246693767,0.07840000000000001,0.0,0.07417939817425151,0.0,0.0,0.30870377270826505,0.2541861521208982,0.0,0.16689829373793028,0.181133596355019,-0.007951007643223233,0.06701986398933961,-0.6276335820523845,-0.07075000572388623,-0.14862889251369343,0.40654445341274204,0.8426867025267412,0.09305809966831531,116
0.0,8.992046822281711,0.0081,0.0,0.16381808522939498,0.0,0.8391039440872766,0.07591605158168345,0.004943337316125731,0.0,1.7757674294033978,0.6648240933323804,-0.8962063704248798,-2.626093157599016,-1.1723453452195811,-0.38791500121102473,-0.28788229362943873,-1.8249705680526143,0.4100655588247335,0.9799621271035036,120
0.2466643809766059,0.010792351232078716,0.0016,0.0,0.11243542932978817,0.0,0.26822882093429734,0.07591605158168345,0.41574965004300457,0.0,0.17902270763911277,0.181133596355019,0.09985569462554277,0.3582922912210464,0.09742822381121638,-0.0737726247023681,0.7288770803209321,-0.6416860983097505,0.05786900587122161,0.17903307964221096,121
0.0,0.8300790183476088,0.0,0.0,0.07232066157962612,0.0,0.0,0.4349450660776436,1.3052543057991257,0.0,1.3173754374983664,0.6648240933323804,-0.6010651346717159,-1.0040903211587193,-2.2622486191652555,0.5954878552292534,-0.7062558977726718,0.7809334631282165,0.34133467502348214,0.22480041046922006,122
0.0,0.03043585615848893,0.028900000000000006,0.0,0.0788111804242897,0.42218689553501815,0.9972621735942436,0.14396041466942477,0.2541861521208982,0.0,0.7578669791145087,0.6648240933323804,-0.7812128521319268,-1.7216640211075223,0.4630772739296745,-0.8807881592972272,0.9413021470397441,0.5569320584608192,0.12767220202948357,-0.1457044694838983,124
0.0,19.767521952001044,0.0,0.0,0.07788653865707124,0.0,0.0,0.02945898365584165,1.9538466977751774,0.0,0.17902270763911277,0.6648240933323804,-2.0074835276287777,-1.412927138435061,-3.0203778934458008,1.491925225566904,-0.9037063615935689,-2.6293805791406797,1.0451129654112865,-0.49091952073543965,126
0.0,19.767521952001044,0.0,0.0,0.0788111804242897,0.0,0.0,0.02945898365584165,2.1363666824214076,0.0,0.17902270763911277,0.6648240933323804,-2.0659302620672477,-1.4448998822216257,-3.01283285282974,1.579969850381613,-0.9023488937594446,-2.5715376159385963,1.0441903258900826,-0.46780121049622136,127
0.0,0.10664289452517259,0.0256,0.0,0.06297479916138844,0.0,0.0,0.07591605158168345,0.4839446742850763,0.9318826106865664,0.002861373273662736,2.7774332834730595,-0.3730049425662085,1.8983639113843824,-0.5765823658420591,-0.2937239601987609,-1.6384707440193882,-0.36774092049804596,0.8403927663549949,0.7882362908492205,128
0.0,1.4147478109399028,0.31360000000000005,0.0,0.11154137473290741,0.8768430875563626,1.3048107836498861,0.00130673328986092,0.2054754205194157,0.013362382868697018,0.9272925279793011,0.6648240933323804,0.014222518093859285,-2.7407441343161922,1.4621734866833462,-1.089567819919691,0.26902071964883195,-1.0343754694921996,0.21360422788114028,0.14955037465374055,130
0.0,0.03043585615848893,0.0081,0.0,0.04783732941416013,0.12669271367382126,0.962921061024491,2.4780574299403444,4.145740503977245,0.0,5.586653244636987,0.6648240933323804,-3.243770340850895,0.07894270609416389,1.4859240596016332,0.4938527765115937,-0.11732634170646535,-0.07398836380827056,-1.0150742354109703,-1.2993572795557682,131
0.0,8.018339024668593,0.0025000000000000005,0.0,0.08065790301745447,0.0,0.0,0.1860778318990078,0.33750948554092247,0.0,0.2509374896202608,0.181133596355019,-0.6520572383506708,-0.8849290099975751,-1.3607562220949403,0.4199271950120865,0.062456502337876425,-2.0765085477761116,0.8114365147178701,1.1320106418846885,134
0.0496122560132309,1.4147478109399028,0.0121,0.0,0.08617769624105233,0.03682537009038924,0.4194845680225318,0.014325685378619286,0.5966762430298194,0.669072844505199,0.6055187008462087,0.6648240933323804,0.36308596625124107,-1.1235560428636089,-0.2580450929537079,-1.023064612851647,-0.6921645490589712,-1.2000429611535541,-0.40912013493679517,0.2878676949093073,135
0.0,0.41944435884246994,0.1296,0.0,0.07788653865707124,0.0,0.0,0.059503663571498236,1.1634780944573193,0.0,1.3173754374983664,0.6648240933323804,-0.4943936718851318,-0.7559979941092667,-0.5844003212369746,-0.6096463092548227,-0.5172804043296245,1.5316513993539749,-0.033276943680354915,-0.10748478581506886,137
0.0496122560132309,1.4147478109399028,0.0121,0.0,0.08617769624105233,0.03682537009038924,0.4194845680225318,0.014325685378619286,0.5966762430298194,0.669072844505199,0.6055187008462087,0.6648240933323804,0.36308596625124107,-1.1235560428636089,-0.2580450929537079,-1.023064612851647,-0.6921645490589712,-1.2000429611535541,-0.40912013493679517,0.2878676949093073,140
0.0,1.1345716461090758,0.0,0.0,0.048790164169432,0.7469872683844655,0.4194845680225318,7.102522078561552,5.547265706861457,0.5745711749545842,10.808692347568496,0.181133596355019,-4.084808327107571,2.0763678146286892,2.5348750042855235,0.08005253032628891,-0.38712968890571225,0.03525641878091228,-0.7721904220659598,-1.4559734262844046,142
0.0,0.6190821534750112,0.0064,0.0,0.0639133257436528,0.0,0.0,0.477617274904126,0.034230375064955826,0.0,0.9272925279793011,0.6648240933323804,-0.9419390182137104,0.07565916794124274,-1.5193489493892904,-0.8130479874166389,0.08555398429256768,1.267886958262823,-0.9350502840928387,0.659703524048309,143
0.0,1.1345716461090758,0.0,0.0,0.048790164169432,0.7469872683844655,0.4194845680225318,7.102522078561552,5.547265706861457,0.5745711749545842,10.808692347568496,0.181133596355019,-4.084808327107571,2.0763678146286892,2.5348750042855235,0.08005253032628891,-0.38712968890571225,0.03525641878091228,-0.7721904220659598,-1.4559734262844046,144
0.0,0.5958515737359537,0.30250000000000005,0.0,0.11064652008706356,0.9549010302251432,1.3611104816301818,0.00130673328986092,0.8101978546601726,0.0,0.9272925279793011,0.6648240933323804,0.24851918773161907,-2.728620331328019,1.7023724471982202,-1.3720324738081304,0.8003220228804492,-0.9177610857005181,0.10267064648183208,0.16646435631615275,145
0.0,0.6848939954458569,0.0004,0.0,0.08342160813907239,0.42218689553501815,0.90292761449833,1.4654579452000192,2.1363666824214076,0.0,0.16689829373793028,0.6648240933323804,-2.5332769188157314,-1.7848655245945877,0.4320381585996978,-0.39344279285398276,0.12555787552715847,0.0923676487844601,0.026095994274791784,0.08083327530005587,146
0.0,0.05295878168280805,0.010000000000000002,0.0,0.07138999608667293,0.0,0.0,0.1860778318990078,0.4839446742850763,0.0,0.05005171376274625,0.181133596355019,-1.0457879408238029,0.369775629005765,-0.4272149538100172,0.0851254529444635,0.005452897810894126,0.6979655857596696,0.26035897678841413,0.5023500163236331,148
0.0,1.2562637691749257,0.22089999999999999,0.0,0.07417939817425151,0.0,0.0,0.23359207291906567,0.014685483636421763,0.0,0.017244329669892283,0.181133596355019,-0.5547908971654275,1.2201731188315963,-1.0038776280198143,-0.08841613452311001,0.6018683369873802,1.1628483104024676,-0.22335883425918307,0.5495403987988009,150
0.4112056088378546,0.003984229648887772,1.0,0.49472348894674767,0.4762341789963716,0.9549010302251432,0.5330980419330561,2.222018038861401,13.284832639118573,2.18350434512781,0.9272925279793011,4.2285047744051445,4.719898323737483,-0.5143390805336198,2.759963243368885,-3.4489632563217225,-5.172853031831434,-2.1950146726434796,-3.1811603236309947,-0.04706962890656576,151
0.0,0.1461007174643103,0.0009,0.0,0.09075436326846414,0.6499885853699919,0.962921061024491,0.8079916575367286,0.06192402115437553,0.0,0.09993636845209211,0.6648240933323804,-1.1740378684124049,-1.608114921024882,0.8271182329929528,-0.7429302561861104,0.7928702793170029,-0.26523964648957205,-0.168005390546793,-0.14872976446967656,152
0.0,0.1461007174643103,0.0009,0.0,0.09075436326846414,0.6499885853699919,0.962921061024491,0.8079916575367286,0.06192402115437553,0.0,0.09993636845209211,0.6648240933323804,-1.1740378684124049,-1.608114921024882,0.8271182329929528,-0.7429302561861104,0.7928702793170029,-0.26523964648957205,-0.168005390546793,-0.14872976446967656,153
0.0,0.3182559066019819,0.17639999999999997,1.1596482826017465,0.06859279146561172,0.7921722744537854,1.253895140234426,0.08754495561809479,0.4839446742850763,0.26764376658974054,0.002861373273662736,0.6648240933323804,0.028092696138256164,-1.8621525548430173,2.7057007456222877,1.0892493658770617,-0.46604625302968256,0.838007162213226,-0.9502331844123064,-0.020438672512646517,155
0.0,0.3182559066019819,0.17639999999999997,1.1596482826017465,0.06765864847381481,0.8354035567659245,1.2625631520173444,0.08754495561809479,0.4839446742850763,0.31157001331400547,0.002861373273662736,0.6648240933323804,0.03440494700898105,-1.8892372825055446,2.7967256843092207,1.0559992499645745,-0.4975617214674415,0.8225873410688717,-0.9386936161557051,-0.04284505638500479,156
0.0,0.3182559066019819,0.17639999999999997,1.1596482826017465,0.06859279146561172,0.7921722744537854,1.253895140234426,0.08754495561809479,0.4839446742850763,0.26764376658974054,0.002861373273662736,0.6648240933323804,0.028092696138256164,-1.8621525548430173,2.7057007456222877,1.0892493658770617,-0.46604625302968256,0.838007162213226,-0.9502331844123064,-0.020438672512646517,157
0.0,0.6848939954458569,0.0,0.0,0.07045846364856141,0.0,0.0,0.007760730174557911,1.1634780944573193,0.0,1.1137953474405857,0.6648240933323804,-1.0579295017643775,-1.1892575854205338,-1.5619729937853006,0.22758349045234272,-0.27619379754416734,0.6456420050627151,0.3499404343176664,0.1044788424052664,158
0.0,0.1461007174643103,0.0324,0.0,0.07603468627599762,0.20914565395635606,0.7987582329804733,0.00130673328986092,3.1711979255658025,0.0,1.1137953474405857,0.181133596355019,-1.3738410605879574,-1.2223177651916801,0.34082632017918635,-0.25066838827472177,-0.38555235594564596,0.817653466573885,1.348049478727618,0.41120851099651506,159
0.0,5.431911673531907,0.0009,0.0,0.08617769624105233,0.0,0.0,0.1860778318990078,0.5021385692059677,0.0,0.6055187008462087,0.6648240933323804,-0.5541189115307658,-1.159969943033288,-2.119629990088443,0.010391109257047722,-0.042889340458910276,-1.5207836717850416,-0.2304647859566328,0.8129093374078443,160
0.0,0.6848939954458569,0.0004,0.0,0.06952606264861023,0.0,0.0,0.014325685378619286,0.8101978546601726,1.246531992190883,1.3173754374983664,4.2285047744051445,0.5098668983367465,-0.7221092561299575,-1.3542226735967322,-1.9885830052768307,-2.1760378885961655,-0.8353088960206999,-1.6563390839306673,0.010669089070254302,161
0.0,5.552866360572911e-05,0.0016,0.0,0.07325046173959267,0.12669271367382126,0.0,0.02945898365584165,0.014685483636421763,0.0,0.16689829373793028,0.181133596355019,-0.5002303920518348,0.09635020504672993,-0.42907314150146225,-0.34620504270058605,0.4120271468343456,0.27556397401012417,0.6225902838395803,0.31044659595181096,162
0.0,0.1461007174643103,0.06760000000000001,1.507698819550834,0.06765864847381481,1.0948180332928596,1.191019433785446,0.5827736546089219,0.14175757731586763,0.0,0.9272925279793011,0.6648240933323804,0.5458575287158649,-3.3700785053183857,2.5251942256855218,2.367559004341019,0.19254114515419452,0.8829659487344851,-0.43924985774289177,0.7244344645819393,163
0.0,0.10664289452517259,0.06760000000000001,1.4912341958551796,0.06765864847381481,1.0616309829709105,1.191019433785446,0.5061609484480453,0.14175757731586763,0.0,0.9272925279793011,0.6648240933323804,0.4863574144710759,-3.3068140901182246,2.4710928962752265,2.296108180159808,0.20339725937361702,0.9155609974738124,-0.48140757905422066,0.7567396821879179,164
0.0,0.3016626353597976,0.2304,0.0,0.09531017980432487,0.0,0.9273585686054993,0.10723982123031667,0.5966762430298194,0.0,0.7578669791145087,0.6648240933323804,-0.014093014340830877,-1.4879272032747877,0.01617872043352875,-1.1158069061621112,0.49031120952211027,-0.5938321998244473,-0.47483951236616956,0.5218833695052845,165
0.0,0.3659127576843181,0.010000000000000002,0.0,0.08157998699242289,0.20914565395635606,0.9859456665095397,0.34481102633060623,0.034230375064955826,0.0,0.05005171376274625,0.6648240933323804,-1.191147992666986,-1.6349788217934336,0.43451888749228756,-0.36774233156035574,0.6113358699325119,-0.3017288612221366,-0.3208402867772651,0.18420906422396877,166
0.0,0.010792351232078716,0.0009,0.0,0.06952606264861023,0.12669271367382126,0.0,0.34481102633060623,0.14175757731586763,0.0,1.7757674294033978,4.2285047744051445,-0.9792359631803608,-1.8432277499043102,-1.2076894986724198,-0.8781371635255414,0.5292265498872357,0.8192575293646429,-0.7688126382549174,-0.2995872713154678,167
0.0,0.3016626353597976,0.004900000000000001,0.0,0.08525984395082342,0.0,0.0,0.5521156348765642,1.0298506377764036,0.0,0.001514216173531351,0.181133596355019,-1.6319726498639886,0.02803126335690549,-0.47654414625121977,0.23488563058304832,-0.005993118791391623,0.08209056672085861,0.4672236810295856,0.4835818937990273,168
0.0,3.8761643847623,0.0009,0.0,0.05638033343610754,0.0,0.0,0.059503663571498236,0.09776642190467841,0.0,1.5380327981526363,4.2285047744051445,-0.7619855704999623,-2.1051900477891885,-3.314904161686502,0.40685733805424135,0.42593445811033354,-0.2020857214261839,-0.14449811190806652,-0.15804191595114428,170
0.0,0.3841653560507208,0.028900000000000006,0.0,0.07045846364856141,0.0,0.0,0.059503663571498236,0.017993464531129294,0.0,1.3173754374983664,0.181133596355019,0.3525487032312662,0.4587164370959238,-1.201958398028318,-0.4855581465753202,0.053845665319417625,0.9904978979572713,0.30192153138352246,0.8605152858930516,172
0.0,0.24361058788162282,0.0025000000000000005,0.0,0.0657877405380031,0.5977164317993333,0.0,0.10723982123031667,0.4839446742850763,0.0,0.9555828270820602,0.181133596355019,-1.3706008143515662,0.1759077231818089,0.42595022921228126,0.3227702742967169,0.2713440848156489,-0.3939351014546814,0.7021524989350412,-0.5121908215284586,173
0.0,0.03043585615848893,0.0016,0.0,0.08157998699242289,0.2853149261682657,0.08994614192826365,0.23359207291906567,0.06192402115437553,0.5409761286623967,0.7578669791145087,0.6648240933323804,-0.6840474021429668,-0.6465828388794354,-0.01882526346847568,-1.3536250345357381,-0.6708207211598504,0.41196100613826037,-0.44903308770739225,0.09212898717090108,175
0.0,0.7097839023091328,0.04409999999999999,0.0,0.07696104113612832,0.0,0.0,0.10723982123031667,0.014685483636421763,0.0,0.7578669791145087,0.6648240933323804,-0.49931989791849163,-0.32959131518621965,-1.1936046239468991,-0.4460525559315268,0.7573455793483762,1.3001455469490228,-0.6103074591962389,0.3083277113084618,176
0.0,0.003984229648887772,0.17639999999999997,0.0,0.08342160813907239,0.0,0.0,0.059503663571498236,2.9479341676151587,0.0,0.002861373273662736,0.181133596355019,-1.002168208694817,0.35916787876430045,-0.5638994618026064,0.5293373670367384,-0.6354350531464811,0.8838734798164188,0.7892739815985428,-0.17560848273520216,177
0.0,2.3208868319800633,0.0,0.0,0.0657877405380031,0.0,0.0,0.007760730174557911,1.1634780944573193,0.0,0.6055187008462087,0.6648240933323804,-1.1245132342639674,-1.1181590161374595,-1.8542512925283827,0.5948867989846667,-0.7911391290885107,0.012260995924162566,0.20752091206291676,0.2367352061113881,178
0.2466643809766059,0.19175661524979373,0.019600000000000003,0.0,0.06485097231961633,0.0,0.0,0.007760730174557911,0.5966762430298194,0.0,0.7578669791145087,0.6648240933323804,0.5911656374508687,-0.8189821758023141,-1.0769367078130592,-0.3070356544890739,0.3481107316133176,-0.2177992721361489,-0.4587370429659018,0.3306909745510408,179
0.2466643809766059,0.19175661524979373,0.019600000000000003,0.0,0.06485097231961633,0.0,0.0,0.007760730174557911,0.5966762430298194,0.0,0.7578669791145087,0.6648240933323804,0.5911656374508687,-0.8189821758023141,-1.0769367078130592,-0.3070356544890739,0.3481107316133176,-0.2177992721361489,-0.4587370429659018,0.3306909745510408,180
0.29040662823005287,0.19175661524979373,0.24009999999999998,0.0,0.23901690047049992,0.5425604642575216,1.0834598055989593,0.059503663571498236,1.486605090301532,1.1398003132831975,1.1137953474405857,0.6648240933323804,1.3903428617324967,-1.4571574618733012,1.349655960304015,-1.9238859115989106,-1.0974454372462932,-1.1049737884803463,-0.6249593010058867,0.2276164651974797,181
0.0,1.2230772266905572,0.0004,0.0,0.07325046173959267,0.03682537009038924,0.0,0.059503663571498236,0.6778607956989522,0.0,1.1137953474405857,0.6648240933323804,-0.8099070350849633,-1.6638349891030761,-1.0015811836517101,0.26832867243590397,-0.26665291278277253,0.2818188012621372,0.3918925140931223,0.17230094868790136,182
0.0,0.19175661524979373,0.04000000000000001,0.0,0.07417939817425151,0.0,0.4588075223140107,0.03685919531537657,2.1363666824214076,0.0,1.1137953474405857,0.6648240933323804,-1.1454789894903337,-1.4273972652001823,-0.7648218949410504,-0.32554417856237367,-0.5803148826526878,0.8396008505104228,0.36969689149279283,-0.0088034850535476,183
0.0,0.24361058788162282,0.04409999999999999,0.0,0.07603468627599762,0.0,0.39922760605999,0.019611550849729795,1.77947546778984,0.0,1.1137953474405857,0.181133596355019,-1.0914043013699724,-0.6843142763615251,-0.6559310312413359,-0.12671458875447722,-0.5309535079576834,0.6797223502310842,1.006803511559721,0.7701072796330086,184
0.29040662823005287,1.5182422398456628,0.32489999999999997,0.0,0.10526051065749295,0.6996635591645785,0.7849396424473999,0.03685919531537657,0.10603637414144908,0.0,0.47024769317440096,0.6648240933323804,0.5398536787269352,-1.1170399840859215,0.8747378669099429,-0.9673051866223871,1.2340672757395805,0.994951650464668,-0.18513976123906797,-0.5387160947583933,185
0.0,0.6190821534750112,0.2304,0.0,0.0788111804242897,0.0,0.4966425086978604,0.059503663571498236,0.034230375064955826,0.0,1.3173754374983664,0.6648240933323804,-0.062218475678872544,-1.0556412174064735,-0.2680901804219542,-0.77647712516438,0.39892010964226343,1.2676165376741737,-0.241442342107168,0.16476812646671202,186
0.0,0.03043585615848893,0.10890000000000001,0.0,0.08065790301745447,0.0,1.3766306181947685,0.00130673328986092,0.5021385692059677,0.0,0.7578669791145087,0.6648240933323804,0.27505814177353255,-1.9928885773171687,0.9337886387231161,-1.1107471848938233,1.0340196936256498,-0.055392436348477556,-0.45653108321145397,0.46697503732249646,188
0.0,0.03043585615848893,0.12249999999999998,0.2400326664001431,0.07417939817425151,0.42218689553501815,1.2451513365797056,0.20404977450078587,0.2674180756997283,0.0,0.9272925279793011,0.6648240933323804,0.7024873417996259,-2.0724621136093115,1.2353694765942744,-0.6288159262403222,0.48232624440663974,0.18095388407224428,-0.3475660241499365,0.2921686541718256,190
0.0,0.8066837259896001,0.0625,0.0,0.07138999608667293,0.42218689553501815,0.08994614192826365,0.12098307145516621,2.7328191643253894,0.0,0.3520539560990836,0.181133596355019,-1.121522076689009,-0.16814426979961594,0.42492442312492956,-0.32874411380783386,-0.46655425139419104,1.757262810433715,0.9886655373873436,-0.03532115119809885,191
0.0,0.010792351232078716,0.04409999999999999,0.0,0.06859279146561172,0.0,0.0,0.02945898365584165,0.03919234640701822,0.0,0.47024769317440096,0.6648240933323804,-0.2516354026625531,-0.43842961467920344,-1.3788307737387189,-0.21047529103926813,0.2643950049690835,0.35940669003509457,-0.5695188527848347,0.3448093592034711,193
0.0,0.010792351232078716,0.04409999999999999,0.0,0.06859279146561172,0.0,0.0,0.02945898365584165,0.03919234640701822,0.0,0.47024769317440096,0.6648240933323804,-0.2516354026625531,-0.43842961467920344,-1.3788307737387189,-0.21047529103926813,0.2643950049690835,0.35940669003509457,-0.5695188527848347,0.3448093592034711,194
0.0,0.07338314643238054,0.09,0.0,0.07138999608667293,0.0,0.2446246896822607,0.00130673328986092,0.9043719357563667,0.0,0.05005171376274625,0.6648240933323804,-0.8775366666628116,-0.920599304984939,-0.32213680454510024,0.11918570937559349,-0.259060378606031,0.46366863262115937,-0.07495587027607922,-0.34884830999560273,196
1.0384127510221777,1.6585285874505502,0.36,0.0,0.06485097231961633,0.0,0.0,0.5061609484480453,1.6463328014124616,1.0412354779247281,0.09993636845209211,0.181133596355019,2.6444155056051297,1.5269380310320888,0.05933162841973336,-1.2355397305769866,-0.5534708120975356,-0.0036063845618159837,-0.1670791436810654,-0.33629025807460144,197
0.0,9.67217572825552,0.0036,0.0,0.05921185963184609,0.0,0.0,1.0055597915958796,1.6132529924653793,0.0,0.7834629640170051,4.2285047744051445,-2.725502126153943,-1.8266297863391894,-1.9077165520655568,1.180260868862899,-0.10898101524665528,-1.7510181434725858,-0.4769091509882931,-1.027348275434166,199
0.5524596693304464,1.3841539670871217,0.22089999999999999,0.0,0.05448818528406963,0.0,0.0,0.01301153753833449,0.33750948554092247,0.669072844505199,0.017244329669892283,2.7774332834730595,1.079959857365479,2.1336705858153233,-0.057577899886963484,-1.0198744703402147,-0.1253166647531949,0.24640790867146115,0.6994256421885628,0.48298201848992256,200
0.0,0.3182559066019819,0.1296,0.0,0.08525984395082342,0.0,0.0,0.0909033334321907,0.034230375064955826,0.0,1.3173754374983664,0.181133596355019,-0.5641445717180792,-0.015570447873525118,-0.48928215536818165,-0.8172509713982398,0.37832855991963155,1.0167909314998989,0.4526347294830008,0.8693579882485662,204
1.2721759801264265,1.6585285874505502,0.5476,0.0488266144487674,0.09075436326846414,0.0,0.0,1.923078384196642,0.5021385692059677,0.5062131032589602,0.10936646815301185,2.7774332834730595,2.908850524670883,2.1407488518085365,0.03870216216253087,0.1449341962572315,0.2067811450762379,0.16552409942614585,1.104316483461088,-0.5126363749129075,205
1.2721759801264265,1.6585285874505502,0.5476,0.0488266144487674,0.09075436326846414,0.0,0.0,1.923078384196642,0.5021385692059677,0.5062131032589602,0.10936646815301185,2.7774332834730595,2.908850524670883,2.1407488518085365,0.03870216216253087,0.1449341962572315,0.2067811450762379,0.16552409942614585,1.104316483461088,-0.5126363749129075,206
0.0,0.25854453199958866,0.07840000000000001,0.11670607820206329,0.09531017980432487,0.20914565395635606,0.9152176986363139,0.004589210891891607,0.33750948554092247,0.06965473649295341,0.9272925279793011,0.6648240933323804,0.41956046009794085,-1.3066960795134368,0.7361620091789367,-0.8602881098905554,0.2857290288890971,0.4021978047371586,-0.7613169332069103,0.45266572548226625,208
0.5848618305138175,5.552866360572911e-05,0.36,0.0,0.038258712117090345,0.0,0.0,0.20916034943522738,0.004943337316125731,0.7826083945763022,3.273138771509722,0.181133596355019,0.08955706613860821,2.207578447006375,-0.32875690111854416,0.1371699753648899,-0.606400365123139,-1.1159665908119178,-0.4574088268742628,-0.859171408438946,210
0.0,1.162286069363948,0.0576,0.18026934961129024,0.07973496801885356,0.0,0.39922760605999,0.003859128758400055,0.06192402115437553,0.0,0.16689829373793028,0.181133596355019,-0.3155550659342046,-0.6239173362194756,-0.4368540686697132,0.5321173399873996,0.024427925944847627,-0.47012617663498,0.6085512774518202,0.7316556277987726,211
0.0,0.0463214731859342,0.06760000000000001,0.0,0.05826890812397577,0.7921722744537854,0.4588075223140107,0.1860778318990078,0.004943337316125731,0.0,0.09993636845209211,0.6648240933323804,-0.6028499650507477,-1.4329650866184378,0.33058158501361007,-0.1986386118395565,1.3152684063480395,0.04941298421834626,0.01725644904238663,-0.385400672132224,213
0.0,1.285417902728753,0.0064,0.0,0.0880108773227133,0.0,0.0,0.12098307145516621,0.2054754205194157,0.26764376658974054,0.3520539560990836,0.181133596355019,0.22894129909214778,-0.288585607020487,-0.6994029538897373,-0.05196114453222297,-0.5833413776428965,-0.7661200537662756,0.4276202228784846,0.9387310705909727,214
0.0,0.05295878168280805,0.24009999999999998,1.1825128743555846,0.05826890812397577,0.6996635591645785,1.191019433785446,0.12098307145516621,0.034230375064955826,0.470197951593395,0.002861373273662736,0.6648240933323804,0.3022685751961372,-1.7833716924091347,2.4886993796830206,1.0675230331336012,-0.6622238010185608,0.3929778064360358,-1.1661111396468855,0.25581320076471414,215
0.200920876370925,0.27186185226491705,0.0256,0.0,0.09621885774054283,0.0,0.08994614192826365,0.07591605158168345,1.1915959320623335,0.0,0.2657562177217061,0.6648240933323804,0.10789385134966412,-0.2969470302701802,-0.5591313022986378,-0.19444595442378187,0.8622608911685766,-1.0170237140570195,-0.7559938829634082,-0.2853338324009331,216
0.0,1.162286069363948,0.0484,0.0,0.06952606264861023,0.0,0.0,0.000249560195638818,0.09776642190467841,0.0,1.5380327981526363,0.6648240933323804,-0.33001869334084694,-1.3665832838769174,-1.357251807667687,-0.12083985419612578,-0.08447660536328033,-0.042814785999034044,0.152794995923016,0.32358254738616443,217
0.0,0.05295878168280805,0.0361,0.0,0.07325046173959267,0.0,0.0,0.28650313772959846,0.2541861521208982,0.0,0.47024769317440096,0.6648240933323804,-0.82768963936747,-0.5367669367099612,-0.8907442304927065,-0.44559560008326604,0.31755067754680744,0.7401318298604259,-0.39897338946907845,0.06365815093150502,218
0.0,1.1345716461090758,0.1369,0.0,0.0788111804242897,0.5977164317993333,0.313828630344137,0.02945898365584165,0.034230375064955826,0.0,0.9272925279793011,0.181133596355019,-0.13889456632207783,-0.23819833404864127,0.6968165361930123,-0.8460183836665043,0.5885054438940642,1.1770799907614626,0.5217777928788371,0.387956042157082,220
0.0,5.552866360572911e-05,0.06760000000000001,0.0,0.09621885774054283,0.03682537009038924,0.585404443780831,0.28650313772959846,1.056314484934064,0.0,0.9272925279793011,0.6648240933323804,-0.05719860711155704,-1.1588607464298004,-0.11516957416730572,-1.0253809653126666,0.8387402817846064,-0.062019102396697,-0.7680280972107687,0.7211260255693318,221
0.0,0.19175661524979373,0.0016,0.0,0.055434706888100586,0.0,0.0,0.5913886237842115,0.4839446742850763,0.0,0.7578669791145087,0.6648240933323804,-1.3391300542421463,-0.23222803747990456,-1.8957388851809935,-0.512510424433927,-0.3823276038189439,0.4509362929160818,-0.36963754012244504,0.3492494510584948,222
0.1529841784803131,0.400362096913958,0.0625,0.0,0.07973496801885356,0.0,0.0,0.5437926985546742,0.03919234640701822,0.0,0.16689829373793028,0.181133596355019,0.4345799130647077,0.0582195655756985,-1.1784931220311265,0.10160131411480823,-0.0627058351434649,-0.23472405309601835,0.7601555401582225,0.36140531357631817,223
0.0,0.3182559066019819,0.0625,0.0488266144487674,0.07045846364856141,0.8354035567659245,0.4194845680225318,0.0909033334321907,0.14175757731586763,0.0,0.002861373273662736,0.181133596355019,-0.5918135835472272,-0.2329450538325854,1.28403550073499,-0.06822180650835544,0.5917898961568683,0.5467708628868251,0.4567751413735131,-0.06423971638919164,225
0.29040662823005287,0.10664289452517259,0.25,0.0,0.29042829811980614,0.7469872683844655,0.7276727158637448,0.02945898365584165,2.9925919096937097,1.88534262669937,0.7578669791145087,0.181133596355019,2.0934076600446154,0.46026540398041993,2.482335120716627,-2.986492718127593,-3.5293699265478113,-2.0003246871309863,-0.8075993221376722,0.810210365322219,226
0.0,0.08167978205347286,0.0016,0.0,0.05259245011917058,0.2853149261682657,1.0412894561813673,4.383358144617131,2.1363666824214076,0.0,2.6385854452392365,2.7774332834730595,-3.26711833476206,1.0765163524956987,2.140445357866448,-0.1951868224730413,0.42863046730903703,-0.2839525459490164,0.4639100332438442,0.5089709299095743,230
0.0,0.7097839023091328,0.0036,0.0,0.07510747248680541,0.0,0.08994614192826365,0.062277975678794915,0.14175757731586763,0.0,0.2509374896202608,0.181133596355019,-0.42217069594938245,0.2676105769644712,-0.274025062974022,-0.41877490674245793,0.7203221390177419,0.976347211642154,0.4162836041663069,0.32527264379941917,231
0.10263334224906732,0.8066837259896001,0.04000000000000001,0.18026934961129024,0.08617769624105233,0.20914565395635606,0.313828630344137,0.4349450660776436,0.034230375064955826,0.22169899923487,0.6055187008462087,0.181133596355019,0.7303519640078322,-0.0971660010952987,0.5470615151650018,-0.2733818709675586,-0.21872624841935404,1.0313927604944557,0.4592206331049283,0.2784230628792327,232
0.0,6.806835009033277,0.0081,0.0,0.06297479916138844,0.0,0.0,0.003859128758400055,0.0032893468687716027,0.0,1.7757674294033978,0.181133596355019,-0.33167193461068595,-1.2184680257312297,-1.7628295433991386,0.3991679054923744,-0.3493079055855546,-1.312624098755679,1.1802075324332522,1.3026990977437438,234
0.0,0.3016626353597976,0.0,0.0,0.0925791812930931,0.0,0.0,0.00010354376894050763,0.14175757731586763,0.0,1.7757674294033978,0.181133596355019,-0.5462900453966707,-0.6239353211287157,-0.7756353693702002,-0.3899044207219592,-0.1410637147134215,0.3701649389689518,0.8823241774472151,0.9796146000014812,235
0.29040662823005287,0.3330129371662647,0.1369,0.0,0.23348984336835407,0.0,0.39922760605999,0.03685919531537657,3.9411554312510293,1.2632634378525511,1.1137953474405857,0.6648240933323804,1.820459146704055,-0.25802157345199933,-0.4713619896561729,-1.9908044108106102,-1.5197563391263884,-1.4301107004764941,-1.2919239312662547,0.7946381169195104,240
1.1348919442523937,0.7097839023091328,0.31360000000000005,0.0,0.08892620919440151,0.0,0.0,1.7130403056481982,1.1915959320623335,0.26764376658974054,0.17902270763911277,0.181133596355019,2.5200818026208807,1.4331700856502776,-0.7734719736326029,-0.08832156245489914,0.3944825170537893,-0.15379462148471437,0.28844174043919185,-0.8027687104489946,241
0.0,0.07338314643238054,0.010000000000000002,0.0,0.09712671073072274,0.7921722744537854,1.0730827627400388,0.314982479056293,2.1744084627105447,0.0,0.3520539560990836,0.181133596355019,-0.05536381559824696,-1.2989859358702143,1.346905389990258,-1.0431717263881521,1.7659151716350205,-0.8005516116795057,0.3084532024396484,1.0217657867544656,242
1.5743250561491178,3.2000190839800893,0.1936,0.0,0.07232066157962612,0.0,0.0,2.9735608097926427,2.3667311924650134,0.7274510450063292,1.3173754374983664,2.7774332834730595,4.587499201703241,1.9150656843748677,-0.266359868043279,-0.9106936963225064,0.35942288735747274,0.45721186205912234,1.355105337292052,-0.23515130290743855,243
1.5743250561491178,3.2000190839800893,0.1936,0.0,0.07232066157962612,0.0,0.0,2.9735608097926427,2.3667311924650134,0.7274510450063292,1.3173754374983664,2.7774332834730595,4.587499201703241,1.9150656843748677,-0.266359868043279,-0.9106936963225064,0.35942288735747274,0.45721186205912234,1.355105337292052,-0.23515130290743855,244
0.0,0.5130072268723961,0.0,0.0,0.08065790301745447,0.0,0.0,0.6647831845602733,3.642171705449754,1.0203006754530157,0.2509374896202608,0.181133596355019,-0.5470044956651393,0.3802474176178229,-0.8348858982617403,-0.0918692935769129,-2.8099416350750515,0.35703064600426565,0.9853407126514976,0.00022324740959518528,245
0.0,0.6848939954458569,0.004900000000000001,0.0,0.07232066157962612,0.03682537009038924,0.14420787327573903,0.003859128758400055,0.19389748738793933,0.0,0.7578669791145087,0.6648240933323804,-0.8306617710150171,-1.4752065957098794,-0.8286075974951704,-0.23414179726388384,0.08432219095227293,0.14807050443819755,0.22092309725644063,0.13811803581755522,246
0.0,0.5130072268723961,0.0,0.0,0.08065790301745447,0.0,0.0,0.6647831845602733,3.642171705449754,1.0203006754530157,0.2509374896202608,0.181133596355019,-0.5470044956651393,0.3802474176178229,-0.8348858982617403,-0.0918692935769129,-2.8099416350750515,0.35703064600426565,0.9853407126514976,0.00022324740959518528,249
0.8854930909232513,1.3841539670871217,0.1936,0.0,0.06109509935981088,0.03682537009038924,0.0,0.844992715834507,0.33750948554092247,0.5409761286623967,0.16689829373793028,0.181133596355019,1.8618247067992293,0.849847858689198,0.024681897006296853,-1.0071798101152851,0.02405583637578112,0.4717070051741409,0.5393339461168059,-0.5407974556861564,250
0.0,0.1461007174643103,0.0,0.0,0.07138999608667293,0.03682537009038924,0.0,0.059503663571498236,1.0298506377764036,0.22169899923487,0.2509374896202608,0.181133596355019,-0.8078218785022592,-0.10023049752312284,-0.34829974090891797,-0.2415166117161744,-0.8781290224670623,0.37867555327651736,0.927720846305339,0.2077162432952884,251
0.9539116751161125,1.019077597889572,0.2304,0.34980600355009,0.08617769624105233,0.0,0.0,0.943192717157289,0.8101978546601726,0.0,0.002861373273662736,0.6648240933323804,1.9972193491206875,0.41871599477627086,-1.2557813589637843,0.5147194939672207,0.9551388174499075,0.618993260309661,-0.689668391647771,-0.7776538037328357,252
0.0,1.8399259846514278,0.17639999999999997,0.0,0.0880108773227133,0.0,0.7987582329804733,0.1860778318990078,0.2674180756997283,0.0,0.7578669791145087,0.6648240933323804,-0.34451556936610583,-1.570413566434378,-0.7121851129779913,-0.6191571496370282,0.2403267857682302,-1.0073524638323925,-0.38260743475007847,0.7327410531949216,253
0.0,0.0463214731859342,0.0529,0.4004814320491596,0.07045846364856141,0.12669271367382126,1.172304112038367,0.00010354376894050763,0.10603637414144908,0.0,1.1137953474405857,0.6648240933323804,0.2679699653928776,-2.0866693832551166,0.7752045477101409,-0.2699499559590268,0.5238272623847039,0.05348628066620749,-0.4558875382140855,0.605959869362333,255
0.48432465704599104,1.1345716461090758,0.1369,0.0,0.07232066157962612,0.0,0.0,0.4349450660776436,0.33750948554092247,0.0,1.3173754374983664,0.6648240933323804,1.3514883643313664,0.11624698122179968,-1.5798414888022565,-0.5860220860346287,0.22809067126992238,1.193088669848338,-0.5469274660020091,-0.017764143278643663,256
0.0,0.8300790183476088,0.0,0.0,0.07232066157962612,0.0,0.26822882093429734,0.00130673328986092,1.3052543057991257,0.06965473649295341,1.3173754374983664,0.6648240933323804,-1.0694303711684283,-1.4548430736498512,-0.7768374246156966,-0.32331867668326325,-1.0381663098491625,0.35105497797869145,0.16720139928899588,0.30750591143215944,257
0.0,0.45627288034580543,0.5776,0.0,0.47685510419483734,0.0,0.0,0.00130673328986092,2.567202676880358,1.511738063984354,0.9272925279793011,0.6648240933323804,1.5987730788498415,0.5659570321057903,0.14658663770787758,-2.4450862309839643,-2.3158437657883377,-0.381102936129466,-1.8315979277337913,0.6918908624850076,258
0.6762082614831358,1.5182422398456628,0.22089999999999999,0.0488266144487674,0.08157998699242289,0.0,0.0,2.3001259673965975,0.09776642190467841,0.6070741818604354,0.002861373273662736,2.7774332834730595,1.6171700736943613,1.5522194924826873,0.46965309357671187,0.12608042630040148,-0.6568007646426471,0.9147215127716042,1.374925131679977,-0.17652469952667846,259
0.0,1.2562637691749257,0.0529,0.0,0.07417939817425151,0.20914565395635606,0.0,0.062277975678794915,0.017993464531129294,0.0,1.1137953474405857,0.6648240933323804,0.05147370796678167,-0.4320400981321265,-0.15546819412829774,-1.270051969885641,0.29867378655770693,1.147396965139143,-0.5256361062661188,-0.01553025834622761,260
0.0,6.1000043573877605,0.0016,0.0,0.08342160813907239,0.0,0.4966425086978604,0.314982479056293,0.06192402115437553,0.0,0.9272925279793011,4.2285047744051445,-1.2506081260164807,-2.6474143222944293,-1.362290955919187,-0.3016610626118532,-0.5177945221160052,-1.281397235972727,-0.6619082608527612,0.12215316401124474,261
0.0,0.003984229648887772,0.0009,0.0,0.06765864847381481,0.0,0.0,0.2593730023505227,0.034230375064955826,0.0,0.16689829373793028,0.6648240933323804,-0.6035973735549035,-0.27394242980274913,-1.0374716700359299,-0.4959560952802434,0.3229143135919535,0.31924578984238583,-0.4376362282568594,-0.12587211192154202,262
0.0,0.8066837259896001,0.0529,0.0,0.07417939817425151,0.5425604642575216,0.08994614192826365,0.0499891057235251,0.03919234640701822,0.06965473649295341,1.1137953474405857,0.6648240933323804,0.06837269960569563,-0.6951277455573853,0.1943020119105309,-1.2766364429183863,0.23771268820993152,0.9315583155667515,-0.4153739246146745,-0.06642507186175471,263
1.2228764562557497,0.025457874785833744,0.24009999999999998,0.0,0.06203539091945264,0.0,0.0,2.710903699286861,2.1744084627105447,0.8090866165833153,0.17902270763911277,0.6648240933323804,3.0768519457516,0.5632758523488092,-1.1135714709790596,-0.13852608258594157,-0.5559039429553554,-1.1084728278184046,-0.4859787726666971,-1.27491387595706,264
0.0,3.5543342287396955,0.0,0.4487122455572867,0.0916671885258238,0.6996635591645785,0.37855180047175346,3.3426591737334275,3.402610438177341,0.31157001331400547,0.3520539560990836,4.2285047744051445,-0.14895996177771686,-3.0264022919795344,-0.26917959930839114,0.9083194099493874,-1.9578403004373,0.024277212735979003,0.5615240575004355,-1.544664659997539,266
0.0,1.019077597889572,0.2116,0.58084389117525,0.07510747248680541,0.0,0.0,0.08754495561809479,0.06192402115437553,0.7826083945763022,4.747172671208599,8.453723154686502,0.10093499513548948,3.1114043074473394,1.84324165935621,1.189363337010747,-0.700845756863944,-0.1236401083868988,0.8578439849369174,0.36323005902372774,267
0.0,0.0023249025246693767,0.0016,0.29642485248943906,0.07417939817425151,0.0,0.0,1.046789542270546,5.852017011420945,0.9085001750121521,0.9272925279793011,0.181133596355019,-0.49162282868395896,0.10898844870502813,-0.5277976359491059,0.37330736682294235,-2.8335370136133444,1.4514460060663557,0.9512819660849345,0.22878416875460805,268
1.0384127510221777,3.8254145967241575,0.2601,0.7335928619575884,0.09893994785490356,0.0,0.0,2.222018038861401,0.03919234640701822,1.0412354779247281,0.09993636845209211,0.181133596355019,3.007928409925819,1.6808348445141992,-0.0021441669533187814,0.22960495084394134,-1.3119790440651546,1.3002148274180756,-0.33125778672701406,-0.35045540956232046,269
0.0,0.005783867522580835,0.0036,0.7335928619575884,0.08342160813907239,0.7469872683844655,0.37855180047175346,0.014325685378619286,0.09776642190467841,0.06965473649295341,0.056787499263402444,0.181133596355019,-0.22299921565506473,-0.3445106803853006,1.3891026043127237,0.8196238434209787,-0.12099495583325602,0.04055047781619914,0.16488982081764497,0.18657059864231773,270
0.0,0.005783867522580835,0.0036,0.7335928619575884,0.08342160813907239,0.7469872683844655,0.37855180047175346,0.014325685378619286,0.09776642190467841,0.06965473649295341,0.056787499263402444,0.181133596355019,-0.22299921565506473,-0.3445106803853006,1.3891026043127237,0.8196238434209787,-0.12099495583325602,0.04055047781619914,0.16488982081764497,0.18657059864231773,275
0.0,0.0023249025246693767,0.0016,0.29642485248943906,0.07417939817425151,0.0,0.0,1.046789542270546,5.852017011420945,0.9085001750121521,0.9272925279793011,0.181133596355019,-0.49162282868395896,0.10898844870502813,-0.5277976359491059,0.37330736682294235,-2.8335370136133444,1.4514460060663557,0.9512819660849345,0.22878416875460805,276
1.0384127510221777,3.8254145967241575,0.2601,0.7335928619575884,0.09893994785490356,0.0,0.0,2.222018038861401,0.03919234640701822,1.0412354779247281,0.09993636845209211,0.181133596355019,3.007928409925819,1.6808348445141992,-0.0021441669533187814,0.22960495084394134,-1.3119790440651546,1.3002148274180756,-0.33125778672701406,-0.35045540956232046,277
0.7599044703060609,1.3841539670871217,0.2025,1.3487401290115695,0.07045846364856141,0.0,0.0,0.20404977450078587,0.2674180756997283,0.669072844505199,3.976001180166172,8.453723154686502,1.8573513388771041,3.539879373944468,1.2439278479457991,2.8669431032684445,-0.4312575509083223,-0.047828035691969056,0.019661063356231887,0.874596023609321,278
0.29040662823005287,0.5345784794872352,0.1024,1.1825128743555846,0.08342160813907239,0.0,0.032570289690610876,1.515145080628323,0.19389748738793933,0.5062131032589602,0.002861373273662736,2.7774332834730595,1.4447921740155008,0.9789736818125133,0.9433039774453522,1.9334438836573347,-1.0206701039090103,0.9393240016762783,0.5377544435873668,0.9186419895716411,279
1.0179474241849529,2.2816547263335543,0.1936,0.58084389117525,0.06859279146561172,0.0,0.0,0.943192717157289,1.486605090301532,0.669072844505199,1.1137953474405857,0.181133596355019,3.0220434988174567,1.1322295230577897,-0.4828517821930356,-0.19465996796749205,-0.23032899909960375,0.878490928101632,-0.3341421775703884,0.43730331906386094,280
0.0,2.116576079343285,0.4624000000000001,0.538710494163671,0.3060130291365044,0.0,0.0,0.059503663571498236,0.15168151999999027,1.246531992190883,0.2509374896202608,2.7774332834730595,1.267722749870838,2.375995988148386,0.36332435319081013,-0.3988784590002386,-1.952876515883466,0.8882746004465489,-0.29356766657325556,1.4862800338569124,281
0.29040662823005287,0.5345784794872352,0.1024,1.1825128743555846,0.08342160813907239,0.0,0.032570289690610876,1.515145080628323,0.19389748738793933,0.5062131032589602,0.002861373273662736,2.7774332834730595,1.4447921740155008,0.9789736818125133,0.9433039774453522,1.9334438836573347,-1.0206701039090103,0.9393240016762783,0.5377544435873668,0.9186419895716411,283
0.6466769629007264,0.10664289452517259,0.004900000000000001,0.49472348894674767,0.09712671073072274,0.9549010302251432,0.5682711825506759,3.1554115798677977,4.196476200635395e-05,0.26764376658974054,0.3520539560990836,0.6648240933323804,1.587054665455076,-1.8657102218739263,0.9345114020780428,0.2628005106156714,-0.46634357297064954,0.12293131456921767,0.601018032463426,-0.9774402614595877,284
0.6466769629007264,0.10664289452517259,0.004900000000000001,0.49472348894674767,0.09712671073072274,0.9549010302251432,0.5682711825506759,3.1554115798677977,4.196476200635395e-05,0.26764376658974054,0.3520539560990836,0.6648240933323804,1.587054665455076,-1.8657102218739263,0.9345114020780428,0.2628005106156714,-0.46634357297064954,0.12293131456921767,0.601018032463426,-0.9774402614595877,285
1.1348919442523937,0.2050312322435411,0.30250000000000005,0.0,0.07045846364856141,0.6499885853699919,0.08994614192826365,2.3795831018794127,1.8142092671842687,0.470197951593395,0.017244329669892283,0.181133596355019,2.7558062062228914,0.21984872311394002,0.5614840683515808,-0.6558843203159036,0.38443875315527415,-0.4718863606232121,0.8851033289609309,-0.8678760466765204,286
0.0,0.5345784794872352,0.0144,0.29642485248943906,0.0880108773227133,0.8354035567659245,0.1956761943904252,0.000249560195638818,0.14175757731586763,0.22169899923487,0.017244329669892283,0.181133596355019,-0.24505593834515957,-0.08152483129423953,1.3651407986487556,-0.08100406899154161,-0.12753414778206254,0.764972743504454,0.3041717785820969,0.0616129710412424,287
0.200920876370925,0.003984229648887772,0.0081,0.0,0.08709470685093376,0.35609082721260205,0.08994614192826365,0.20404977450078587,0.034230375064955826,0.7826083945763022,0.021285800970286428,2.7774332834730595,0.4785546165395137,0.9842629271933134,1.026488773683432,-0.11902427306062581,-0.905132444067374,-0.252462648865781,1.1779271013667987,0.371383907761522,288
1.0584676340849346,0.3841653560507208,0.28090000000000004,0.4487122455572867,0.09984533496971613,0.9917579743817846,0.9512068579605802,4.919039886046781,0.5021385692059677,0.9989182187758804,1.3173754374983664,0.6648240933323804,3.3043689818217143,-1.6845490448774227,1.8217843866948353,-0.8380842896600714,-0.9460545942170409,0.2633203413165594,0.31576265280274374,-1.0820631313988378,289
0.200920876370925,0.003984229648887772,0.0081,0.0,0.08709470685093376,0.35609082721260205,0.08994614192826365,0.20404977450078587,0.034230375064955826,0.7826083945763022,0.021285800970286428,2.7774332834730595,0.4785546165395137,0.9842629271933134,1.026488773683432,-0.11902427306062581,-0.905132444067374,-0.252462648865781,1.1779271013667987,0.371383907761522,290
0.7863157308235277,0.010792351232078716,0.0529,0.11670607820206329,0.08709470685093376,0.20914565395635606,0.06166965793063503,1.923078384196642,0.33750948554092247,0.0,0.017244329669892283,0.181133596355019,1.6791054253384765,-0.13512489811439637,-0.0007016488184414186,0.28388174625372653,0.2204191021256891,-0.22611736204883964,0.8842726806412428,-0.32510164431489463,292
0.0,0.9097816245164132,0.0625,0.0,0.0934903430873389,0.0,0.0,0.02945898365584165,0.3992097455694669,0.0,0.09993636845209211,0.181133596355019,-0.6430385118056483,0.9549892059924748,-0.8676822863442074,0.0652273870248398,-0.11748160890870178,1.3455039767836143,-0.04107504996242635,0.5902988246425086,293
1.349297546296027,1.1345716461090758,0.27040000000000003,0.4004814320491596,0.08984070399978947,0.12669271367382126,0.1956761943904252,5.883903213128832,2.7758229159565966,0.6385539155203055,0.7578669791145087,0.181133596355019,4.360143374492423,0.1894580115465044,0.31919920623374237,-0.2914681421036511,0.07531963957308271,0.20498047542785197,0.6822872749463903,-0.5011821698974422,294
0.8854930909232513,0.03043585615848893,0.2116,0.0,0.07045846364856141,0.0,0.0,3.0638115918562097,2.7758229159565966,0.0,0.7578669791145087,0.6648240933323804,2.761359866018688,-0.3504289137897395,-1.5987848660923967,-0.23460776609325731,0.3054011542246558,0.00847610174234922,-0.3040289032388451,-0.16652922923112734,295
0.8371334258927943,2.7642993026558846,0.1369,0.0488266144487674,0.08250122151174369,0.6996635591645785,0.5508392479985759,0.5061609484480453,0.9291817924666731,0.0,0.2509374896202608,0.6648240933323804,1.1711028947117916,-2.0279124776132047,-0.1235674020036406,0.17768554465397496,0.8592088617611433,-1.439103760834245,0.5213557765381831,-0.5169218105303148,296
0.0,0.3016626353597976,0.0036,0.0,0.07973496801885356,0.0,0.0,0.8934181135220886,5.2506631569628395,0.35364766214801746,0.6055187008462087,0.6648240933323804,-0.9441470912477318,-0.8214039582544022,-1.325414362163245,0.14375461045448176,-1.940149708773465,1.103672147388419,0.6699513728483226,-0.6243978084457353,297
0.0,0.4363609548551842,0.0004,0.0,0.08984070399978947,0.0,0.0,1.7817037925500607,5.2506631569628395,0.6070741818604354,0.47024769317440096,0.6648240933323804,-0.6020786772573995,-0.7662901582127077,-1.3565018457453968,0.33103540397879727,-2.4255892825019223,0.9987013130295341,0.6159229338919652,-0.6302841343249326,298
0.0,5.552866360572911e-05,0.0036,0.0488266144487674,0.08250122151174369,0.35609082721260205,0.0,0.014325685378619286,0.19389748738793933,0.0,0.056787499263402444,0.181133596355019,-0.6910931706791873,0.06967395780113876,0.334932255343385,0.32094173937749926,0.1652831659467,0.21682078983496794,0.42098197532419035,0.0734611729685453,300
0.9539116751161125,3.8254145967241575,0.2304,0.0,0.0657877405380031,0.0,0.0,0.08754495561809479,0.33750948554092247,0.0,0.09993636845209211,0.181133596355019,1.6188638359944634,1.6896098950652605,-0.8206786852424086,-0.863348896727961,0.873894998177945,1.0986906304302209,0.10396509725035176,-0.4535450747061992,301
0.0,0.9346166271733762,0.0144,0.0488266144487674,0.0880108773227133,0.0,0.0,1.923078384196642,1.6132529924653793,0.31157001331400547,0.16689829373793028,0.6648240933323804,0.07943342956333731,-0.9454656100016348,-1.117551699764653,0.5676502792407243,-1.5363232266767957,0.28065272798363095,0.5924553677660009,-0.7648004548692591,302
0.0496122560132309,0.4363609548551842,0.36,0.0,0.10616019582839055,0.0,0.8521987184079803,0.08754495561809479,0.5021385692059677,0.0,1.3173754374983664,0.6648240933323804,0.47648871445971847,-1.786891699438571,-0.45926820475546287,-0.5843591687921028,0.7223234540787035,-0.31787812419349765,-0.11365621438802179,0.49166314226625507,304
0.0,0.24361058788162282,0.1024,0.0,0.0788111804242897,0.0,0.22044990654106972,0.004589210891891607,0.09776642190467841,0.0,0.9272925279793011,0.6648240933323804,-0.46992184035119394,-1.1097306118404688,-1.1807770943952278,-0.14176689684580154,0.17174510596761483,0.3204008811241123,-0.1754729759221005,0.3724318198150832,306
0.7599044703060609,0.45627288034580543,0.17639999999999997,0.0,0.1930966299619131,0.0,0.0,1.923078384196642,0.5966762430298194,0.0,0.7578669791145087,0.181133596355019,2.039037056913259,0.5930757304763756,-1.3002049598110543,-0.06717264998940317,0.23638077242879527,0.6924451378960095,0.5599238582862969,0.2039498775801479,307
0.7599044703060609,0.3182559066019819,0.1936,0.0,0.19392069263730652,0.0,0.0,1.923078384196642,0.5966762430298194,0.0,0.7578669791145087,0.181133596355019,2.037720262346421,0.616594321036896,-1.404992223800299,-0.04242533032991063,0.14597097234314982,0.6071664460838391,0.552899165311142,0.23390337213707588,308
0.0,5.552866360572911e-05,0.0576,0.0,0.06952606264861023,0.0,1.0304630236997112,0.14396041466942477,0.06853998294379059,0.0,0.9272925279793011,0.181133596355019,-0.1783671301757425,-0.9581900570590292,0.5898222443861252,-0.7618470207847797,0.889003375125934,0.022721263592998926,0.4120424085329472,0.9971964523129382,311
0.3323154110779112,0.15771600733383928,0.0961,0.18026934961129024,0.08892620919440151,0.2853149261682657,0.9512068579605802,0.5437926985546742,0.0032893468687716027,0.0,0.7578669791145087,0.181133596355019,0.8631514882555029,-0.9093759248011895,0.9689516979090105,-0.24775508382712325,0.24410639325686787,0.5137877922682933,0.7330065639467215,0.34153987104242484,312
0.1529841784803131,0.11659885727048336,0.09,0.29642485248943906,0.07325046173959267,0.8768430875563626,1.3130502729408355,0.20404977450078587,0.004943337316125731,0.0,0.9272925279793011,0.6648240933323804,0.4981584535527503,-2.48902740371023,1.7964981374314748,-0.44979934509204156,0.9449929530526201,0.5112806184208893,0.09492251084104417,-0.14934722549227183,313
0.0,0.9097816245164132,0.0841,0.0488266144487674,0.08342160813907239,0.6996635591645785,0.585404443780831,0.02121773154342801,0.2541861521208982,0.122946425483153,0.2657562177217061,0.6648240933323804,-0.5827366661609016,-0.4505039186007666,1.2966087376540574,-0.27643532128327664,0.06321918566189433,0.7314558411760441,-0.6270539444860803,-0.8690437906993348,314
0.616246959504358,0.5130072268723961,0.1521,0.4004814320491596,0.07973496801885356,0.42218689553501815,0.33587176666578866,1.2701736638684844,0.14175757731586763,0.26764376658974054,0.9555828270820602,2.7774332834730595,0.7285037646159913,0.5838169147154778,1.019528781988625,1.1661042518904496,-0.4031350345643957,-0.849351357410952,1.669851182237352,-0.3069173167859254,318
0.5524596693304464,1.7651891589205408,0.0144,0.2400326664001431,0.0788111804242897,0.8768430875563626,0.6188146964961719,0.9943165267401081,0.004943337316125731,0.0,0.001514216173531351,0.181133596355019,0.6981844973418895,-1.2490887293609,0.9321015493407772,0.5081870070734124,-0.018732909092779585,-1.0466698988979308,1.3535670224063652,-0.3320988798953417,319
0.44843328352162587,0.19175661524979373,0.06760000000000001,0.49472348894674767,0.08617769624105233,0.6499885853699919,0.8123884698944145,2.4603894423098467,0.2054754205194157,0.0,0.47024769317440096,0.6648240933323804,1.4639458190210526,-2.0323222915262034,0.6477412062622923,0.270558951095902,0.05610317911393171,-0.03983483306099693,0.28363720668828163,-0.3773196572277832,321
0.6762082614831358,0.05295878168280805,0.04000000000000001,1.980326151715338,0.06859279146561172,0.0,0.11744500439534311,6.1386111043754035,0.9291817924666731,0.17354122620610013,1.3173754374983664,0.181133596355019,4.0433677028222625,-1.2258713862872739,1.213284228984903,4.610403472491927,-1.053922127824298,1.2794279782343871,-0.9842132038120562,2.008041356909428,324
0.6762082614831358,0.05295878168280805,0.04000000000000001,1.980326151715338,0.06859279146561172,0.0,0.11744500439534311,6.1386111043754035,0.9291817924666731,0.17354122620610013,1.3173754374983664,0.181133596355019,4.0433677028222625,-1.2258713862872739,1.213284228984903,4.610403472491927,-1.053922127824298,1.2794279782343871,-0.9842132038120562,2.008041356909428,325
1.0584676340849346,5.552866360572911e-05,0.43560000000000004,0.6012630544817279,0.11422114409002286,0.0,0.0,0.30870377270826505,2.7758229159565966,0.39402604307736266,0.9555828270820602,2.7774332834730595,2.3351756058553947,2.1881589573820994,-0.2560489106180687,1.0149498473639018,0.3650033595352885,-1.235067834134438,0.24953044433250632,0.3703887441318686,326
0.7599044703060609,0.25854453199958866,0.25,0.896619925069164,0.10165365372649983,0.0,0.0,0.4349450660776436,0.03919234640701822,0.6986878860637159,0.9555828270820602,0.6648240933323804,1.5325941950094994,1.0098967204350509,-0.5011176307557966,1.2938288888180056,-0.9235160596632783,0.06292287152157319,-1.3651804573697914,-0.9202586319110808,327
1.3640329837950875,2.116576079343285,0.3844,0.0488266144487674,0.0788111804242897,0.0,0.0,3.248360773826596,0.9291817924666731,0.06965473649295341,0.47024769317440096,0.181133596355019,3.55054988547112,1.0947049346907292,-0.9845629785946105,-0.09209241575818047,0.5456864159997008,0.8015910693083925,0.6292796558800811,-0.6992060290226318,328
0.0496122560132309,0.025457874785833744,0.0064,0.0,0.09984533496971613,0.03682537009038924,0.0,0.23359207291906567,1.3350261338514937,0.0,0.2657562177217061,0.6648240933323804,-0.06974797973310828,-0.236364271593758,-0.393632749994183,-0.19011859127578712,1.2217531393093362,-0.6960772003331691,-0.8731353029541339,-0.23795807705655328,333
0.0,0.4363609548551842,0.0001,0.0,0.07510747248680541,0.12669271367382126,0.0,0.0499891057235251,0.034230375064955826,0.39402604307736266,1.3510543650016476,2.7774332834730595,-0.613218275165142,1.3008602541455134,0.621236385873266,0.5697260882698302,-0.40635394900286265,-1.024951342875691,0.9133337024817856,0.3329833897570321,334
1.1163264246948226,0.8300790183476088,0.28090000000000004,0.49472348894674767,0.12044615307586716,0.0,0.0,1.6457260246939545,0.8101978546601726,0.7274510450063292,2.6385854452392365,2.7774332834730595,2.1936808352314885,1.9964320438463155,-0.1752629515923259,1.3903379593596539,-0.618532545030558,-1.9043407812348785,0.9083358223512586,-0.41798516996852375,335
0.29040662823005287,0.3182559066019819,0.2025,0.0,0.050693114315518116,0.0,0.0,1.0055597915958796,0.06192402115437553,0.22169899923487,3.6160313405397013,0.181133596355019,-0.751013810783269,2.302913164969883,-0.33717918602857366,0.251989858727465,0.2011067334248891,-0.44893737129975636,-0.5526904039468283,-0.8011959972312958,336
0.0,0.3182559066019819,0.1024,0.18026934961129024,0.07696104113612832,0.8354035567659245,0.313828630344137,0.12098307145516621,4.196476200635395e-05,0.0,0.017244329669892283,0.6648240933323804,0.08371531510187538,-0.9415649932892958,0.9078685804918135,-0.2088579884753151,0.1865188558315148,0.646375293292184,-0.30251526301522524,-0.5812165161868159,337
1.2228764562557497,1.9576955071993605,0.2916,0.0,0.0788111804242897,0.0,0.0,2.3795831018794127,1.6463328014124616,1.633440388562628,0.3520539560990836,2.7774332834730595,4.009692367820512,2.461203527372249,0.9182470426776557,-1.6406097204269305,-2.4313336275397974,-0.26955944378802793,0.543572797736965,0.026838538108322946,339
0.9088232930119424,0.6190821534750112,0.22089999999999999,0.0,0.11154137473290741,0.0,0.0,0.5827736546089219,0.004943337316125731,0.4328370920202075,0.3520539560990836,0.181133596355019,1.58452220985252,1.1339205069303449,-1.0840192137991143,-0.5225914025699984,-0.3076368935522281,0.559420399444131,0.5570876479019113,-0.34309492995675905,342
0.9088232930119424,0.6190821534750112,0.22089999999999999,0.0,0.11154137473290741,0.0,0.0,0.5827736546089219,0.004943337316125731,0.4328370920202075,0.3520539560990836,0.181133596355019,1.58452220985252,1.1339205069303449,-1.0840192137991143,-0.5225914025699984,-0.3076368935522281,0.559420399444131,0.5570876479019113,-0.34309492995675905,343
1.1163264246948226,0.0463214731859342,0.25,0.0488266144487674,0.0788111804242897,0.0,0.0,4.04052573961289,1.486605090301532,0.5409761286623967,0.056787499263402444,0.181133596355019,2.928944810860245,0.7408684543592922,-0.8296142916240427,0.2997586709954974,-0.34057384514416666,-0.8348583916879397,0.5914521379641985,-0.5590648790620191,344
1.420894873248694,0.05295878168280805,0.4489000000000001,0.29642485248943906,0.08892620919440151,0.0,0.0,0.943192717157289,3.4505761611506007,0.954730776801224,2.0723412013547255,0.181133596355019,3.3797374584413666,2.222314702801987,-0.3579377329964811,0.34346191090150663,-0.20265505655714516,-1.6659153788665497,-0.422732491735522,-1.1909029238586555,347
0.5524596693304464,0.025457874785833744,0.0961,0.18026934961129024,0.08525984395082342,0.0,0.0025987038478202254,0.3691260074977169,1.6463328014124616,0.9318826106865664,0.16689829373793028,0.181133596355019,1.7843734978607126,0.34519224072854426,0.2996583723997419,-0.558591700655222,-0.8253920466157573,-0.7997810384610077,-0.08668811818533724,0.4961217662787606,348
0.37253826621486796,2.1543684746908394,0.0,0.0488266144487674,0.0916671885258238,0.0,0.0,1.923078384196642,0.06192402115437553,0.6986878860637159,0.9272925279793011,0.181133596355019,1.016887125021175,-0.4555266771411473,-1.0035928120005042,0.2135916780899993,-1.6917626192798365,-0.5946382415069458,1.1867619059031398,0.3612891472704658,351
0.0,0.5536546409483818,0.0,0.0,0.08617769624105233,0.0,0.0,0.12098307145516621,0.06853998294379059,0.35364766214801746,1.1137953474405857,0.6648240933323804,0.2653064731179786,-0.6592419806730412,-1.4635432201797225,-0.30944724230512827,-0.8992483457439261,-0.061391413910265244,-0.3860325285890479,0.48612355571451904,352
1.3785544375049643,5.552866360572911e-05,0.6241000000000001,0.9830352832620172,0.11332868530700317,0.5425604642575216,0.6669260031341623,6.93511572085797,0.6993626715145513,0.5062131032589602,5.586653244636987,0.6648240933323804,3.424349969571598,-0.09492353233247484,1.416279255468373,1.9982085801186267,-0.038398491557875565,-1.2029316207345178,-0.250453332945002,-2.7833105509831286,353
0.0,3.2000190839800893,0.16000000000000003,0.0,0.0639133257436528,1.2318726694218327,1.5331244241272917,8.253213677346741,0.15168151999999027,0.0,1.8148349853072083,0.181133596355019,-2.3178479210644434,-0.12317895868747451,4.376919189460044,-1.8339724579737704,2.311076123682133,-0.19601176394275405,-0.9398705645075044,0.03450743856247522,354
0.0,1.4817370431128576,0.0001,0.0,0.07510747248680541,0.12669271367382126,0.0,0.40851573872208874,2.327035421728514,0.0,4.747172671208599,0.181133596355019,-2.3863369567005477,0.7513020227588837,0.14404130592058306,1.3442681294043117,-0.4473974312609197,-0.9712582142510727,0.44470038616278873,-0.847516198726782,355
1.0384127510221777,0.45627288034580543,0.27040000000000003,0.29642485248943906,0.07696104113612832,0.8354035567659245,0.2446246896822607,3.0638115918562097,0.10603637414144908,0.8348817894015947,0.2657562177217061,0.6648240933323804,2.3620346840232074,-0.2715406868293938,1.1562411153435463,-0.07792992306967983,-0.6592698336647305,-0.0013965894771438947,0.019237810192482135,-1.9878720878295744,356
0.8120473483963531,0.3841653560507208,0.43560000000000004,0.268626216616091,0.10975086395911911,0.0,0.0,0.019611550849729795,0.2054754205194157,0.4328370920202075,1.3510543650016476,2.7774332834730595,1.1130505267381066,2.1905820624648134,0.5043592112145073,0.573256675554356,0.17446995071624197,-0.4672809363537589,0.5180309649814467,-0.12054399801478198,357
1.1163264246948226,0.3182559066019819,0.43560000000000004,0.34980600355009,0.10345870836822998,0.0,0.0,2.8846592336762975,1.056314484934064,0.7554099632452922,0.001514216173531351,2.7774332834730595,3.051065467583286,1.6696319496053285,-0.03096786834357273,0.2884667121976827,-0.4849647984627635,-0.22135417738471588,1.0745897598639347,0.08334766077882917,358
1.2395811408328468,0.7097839023091328,0.43560000000000004,0.0488266144487674,0.08434114843375087,0.0,0.0,4.919039886046781,0.8101978546601726,0.122946425483153,0.3520539560990836,0.181133596355019,3.349486123262874,0.41358097373582653,-0.5598656345124985,0.0037051834582092964,0.2756103692228379,0.41654576407122823,0.9383663198177246,-0.656837429662876,359
0.0,0.8815730634046994,0.0529,0.0,0.09440067542148432,0.0,0.7276727158637448,0.08754495561809479,0.5966762430298194,0.22169899923487,0.9272925279793011,0.6648240933323804,0.5037354723773991,-1.5343970900714075,-0.2595763946938828,-0.8508598546021651,-0.17790884571526777,-0.770984544843244,-0.24302158549039074,0.4200516214061655,360
0.1529841784803131,0.2050312322435411,0.0961,0.0488266144487674,0.08250122151174369,0.42218689553501815,0.11744500439534311,0.5827736546089219,0.14175757731586763,0.9085001750121521,0.2509374896202608,0.181133596355019,0.7860143079731147,0.14911089677909695,0.8155717438811491,-0.520176116024709,-1.336244162792548,0.4659014354204284,0.5134449955155186,-0.07567420186314779,361
1.1163264246948226,0.07338314643238054,0.43560000000000004,0.0,0.06952606264861023,0.0,0.0,1.6457260246939545,2.7758229159565966,0.0,0.16689829373793028,0.6648240933323804,2.612513295730791,-0.39028809705857126,-1.5062025452350047,0.06732647339337149,0.9290909593139809,-0.6584558398640493,-0.2289317467577103,-0.5269495032550041,362
1.2228764562557497,0.15771600733383928,0.39690000000000003,0.0,0.06859279146561172,0.0,0.0,1.1557831911742777,4.198668198292564,0.8090866165833153,0.05005171376274625,0.6648240933323804,3.234646818396742,0.7865559412147952,-1.2554237576173657,-0.9102905068113486,-0.13155887184695525,-0.7919584870495496,-0.8072003205417164,-0.8216124044697848,363
1.2721759801264265,0.21690884220991508,0.43560000000000004,1.2267310368699902,0.07973496801885356,0.0,0.0,8.072677409234705,2.3667311924650134,0.35364766214801746,0.16689829373793028,2.7774332834730595,4.4074216443075755,0.4079960217291651,-0.06860749892171518,2.2135890859337937,-0.38340491424995865,-0.6031029012789028,1.1445321828609119,0.77844171406424,364
1.2721759801264265,0.21690884220991508,0.43560000000000004,1.2267310368699902,0.07973496801885356,0.0,0.0,8.072677409234705,2.3667311924650134,0.35364766214801746,0.16689829373793028,2.7774332834730595,4.4074216443075755,0.4079960217291651,-0.06860749892171518,2.2135890859337937,-0.38340491424995865,-0.6031029012789028,1.1445321828609119,0.77844171406424,366
0.7863157308235277,0.059077550453364165,0.3721,0.0488266144487674,0.07325046173959267,0.0,0.0,2.8846592336762975,0.9291817924666731,0.17354122620610013,1.7757674294033978,0.6648240933323804,2.340600459145984,-0.8451986650595004,-1.38983302781547,-0.24478407588416534,-0.31718943734077704,0.14553073949639628,0.12140017500554487,-0.16833740147659895,367
0.48432465704599104,2.116576079343285,0.28090000000000004,0.0,0.07138999608667293,0.0,0.0,0.07591605158168345,0.5021385692059677,1.327522866574976,2.0723412013547255,2.7774332834730595,1.1381803426168864,3.534425084970436,0.835118186407092,-0.6090398410479085,-1.3955678225922383,-0.43463356059190306,-0.5292491023060475,0.08591490752507415,369
0.0,2.6304062448531313,0.16000000000000003,0.0,0.05448818528406963,0.0,0.0,0.000249560195638818,0.0032893468687716027,0.8090866165833153,2.5914349467346427,0.181133596355019,0.6061061279664003,0.8523381898680787,-0.2617096444114516,-1.6878228097985668,-0.8866655589807791,1.584477818025388,0.004087674478791202,0.784202352848935,371
0.37253826621486796,1.9576955071993605,0.2304,0.0,0.06485097231961633,0.6996635591645785,0.0025987038478202254,0.000249560195638818,0.0032893468687716027,1.1766578744694118,0.021285800970286428,0.181133596355019,0.7305757112092807,1.1853099479172582,1.5616404823347834,-1.447744746369078,-1.177585484795975,0.3910569099064206,-0.031940141180973616,-0.6541258221094678,372
1.0384127510221777,0.2050312322435411,0.25,0.29642485248943906,0.07510747248680541,0.2853149261682657,0.032570289690610876,3.438306779587457,0.10603637414144908,1.2959092227038718,0.2657562177217061,0.181133596355019,2.7300949143013953,0.9578901526254021,1.0461067366700114,-0.18686967424560252,-1.89658806286086,-0.45712078812902573,0.4144821438666202,-1.1697898305336505,376
0.48432465704599104,2.116576079343285,0.28090000000000004,0.0,0.07138999608667293,0.0,0.0,0.07591605158168345,0.5021385692059677,1.327522866574976,2.0723412013547255,2.7774332834730595,1.1381803426168864,3.534425084970436,0.835118186407092,-0.6090398410479085,-1.3955678225922383,-0.43463356059190306,-0.5292491023060475,0.08591490752507415,377
1.0179474241849529,0.27186185226491705,0.43560000000000004,1.3097013771259076,0.08434114843375087,0.0,0.0,1.1557831911742777,1.6463328014124616,1.0818344537090232,6.973953634253272,0.181133596355019,2.5935804542632566,1.9658235834337725,0.668200639378397,2.6904623387313644,-1.329184707159976,-1.9184940229475216,-1.3068224601780503,-0.6783497624721584,378
0.0,2.2816547263335543,0.17639999999999997,0.0,0.07696104113612832,0.0,0.0,0.12098307145516621,0.41574965004300457,0.6070741818604354,0.9272925279793011,0.181133596355019,1.0900948891068596,0.9350351714175914,-0.19325303702899949,-1.1705821995504238,-0.32022864457549827,1.125324766168989,-0.17279547017289681,0.6341656752059066,380
0.0,0.014111005480515507,0.07840000000000001,0.0,0.08342160813907239,0.5425604642575216,0.22044990654106972,0.4349450660776436,0.4839446742850763,0.39402604307736266,1.3173754374983664,0.6648240933323804,0.04576310524452428,-1.2698736392957686,0.12375071693441422,-0.7597774616916219,-0.8611334981549245,0.870661289562888,0.26390736776198986,-0.32708751050354057,384
0.0,0.15771600733383928,0.06760000000000001,0.0,0.08434114843375087,0.5425604642575216,0.1956761943904252,0.5061609484480453,0.5768283576615741,0.39402604307736266,1.3173754374983664,0.181133596355019,0.11474421418104709,-0.4985188119876705,0.4496841267250554,-0.7788152414066859,-0.7418988344119782,0.9939073787823208,1.0873417458065298,0.1497932689303962,388
0.0,3.1469206160050986,0.0025000000000000005,0.0,0.04401688541677433,0.0,0.8258354189080606,5.060186422934632,2.5258529156965137,0.669072844505199,5.158374322624548,8.453723154686502,-3.5249745653223585,1.965428163466972,1.6255796945511742,0.29296637834672523,-0.928332015792086,-2.334569967272661,1.3432689486066816,0.9753631412966148,390
1.406979638077119,0.41944435884246994,0.4624000000000001,0.2400326664001431,0.08157998699242289,0.12669271367382126,0.0,5.883903213128832,2.567202676880358,0.6070741818604354,0.16689829373793028,0.181133596355019,4.228993271239312,0.3992551800998369,0.06232139723031905,-0.11994901053718166,0.0957285220643865,-0.2695245026172974,0.8484052368996726,-0.8998077361682492,391
0.5189723484619305,0.8066837259896001,0.27040000000000003,0.0,0.0788111804242897,0.0,0.0,0.4349450660776436,0.6993626715145513,0.0,0.7578669791145087,0.6648240933323804,1.2670350276190616,-0.11482927080363413,-1.50073227391807,-0.47936778979278993,0.929815446032853,0.9047188695701216,-0.4427290872988836,-0.11442551361632507,392
1.1348919442523937,0.8066837259896001,0.5776,0.8020244992227875,0.0639133257436528,0.0,0.0,3.633649609138793,0.33750948554092247,0.0,5.586653244636987,2.7774332834730595,2.4292486126746664,2.3184552870017523,0.46268130824942855,2.254493229033725,0.7194752549005842,-0.3054714941542757,0.7500786286831231,-1.0483480610751772,395
0.0,1.285417902728753,0.0004,1.6011699781696676,0.11511280710050457,1.8099991050869095,1.218451623332781,1.923078384196642,1.0298506377764036,0.0,0.2509374896202608,0.6648240933323804,0.00266543487361854,-4.634376541914,4.499173473167654,2.880384947672783,-0.2809810693836249,0.6164501612307405,0.5899034789576183,-0.2159126467162055,396
1.0384127510221777,0.10664289452517259,0.34809999999999997,0.0488266144487674,0.08342160813907239,0.0,0.08994614192826365,1.1557831911742777,0.6993626715145513,0.0,0.2657562177217061,0.181133596355019,1.869850349455212,0.39546146842810886,-0.19486251445181435,0.4363754859026498,0.4575781038997928,-0.9336941343618769,0.6191493478946122,-0.6549807314599498,397
0.200920876370925,1.69200185190124,0.0484,0.0,0.06203539091945264,0.0,0.0,0.0499891057235251,1.8142092671842687,0.0,0.9272925279793011,0.6648240933323804,0.4925478716487987,-1.1294864481492435,-1.4236474961420078,-0.30162233556669543,0.6192318203917341,-1.0708251890233127,-0.510827301545434,0.7630216420935781,399
0.0,1.285417902728753,0.0004,1.6011699781696676,0.11511280710050457,1.8099991050869095,1.218451623332781,1.923078384196642,1.0298506377764036,0.0,0.2509374896202608,0.6648240933323804,0.00266543487361854,-4.634376541914,4.499173473167654,2.880384947672783,-0.2809810693836249,0.6164501612307405,0.5899034789576183,-0.2159126467162055,400
1.1710198833416092,0.08167978205347286,0.2916,0.0488266144487674,0.08157998699242289,0.2853149261682657,0.4393393195580633,2.8846592336762975,1.8142092671842687,0.0,0.002861373273662736,0.181133596355019,2.794653221983982,-0.04288933261198601,0.30580990225606464,0.09906476716376142,0.9857479409524982,-0.4883696670924653,0.8578815623161049,-0.716644982922113,402
1.0179474241849529,0.1461007174643103,0.24009999999999998,0.11670607820206329,0.08157998699242289,0.0,0.0,1.923078384196642,1.056314484934064,0.0,0.002861373273662736,0.181133596355019,2.181581735817047,0.24092263379253287,-0.6639036705100531,0.4587544882011913,0.40024346927024934,-0.7460964021739267,0.6872001485769769,-0.3087284355675589,403
0.0,0.7801344920021048,0.0025000000000000005,0.11670607820206329,0.07232066157962612,0.0,0.0,0.12098307145516621,0.10603637414144908,0.0,1.5380327981526363,0.6648240933323804,0.1848115131364621,-1.2803577415783711,-1.126896118471798,-0.060922300195212074,-0.27408634746622973,0.005124067891220388,-0.11841692631152514,0.5328297966973601,404
0.616246959504358,0.25854453199958866,0.22089999999999999,0.0,0.06109509935981088,0.0,0.0,0.5061609484480453,0.2054754205194157,0.0,0.10936646815301185,0.181133596355019,1.1269507522509465,0.9504871232287523,-0.5095002320451131,0.23898527640815878,0.24553094910959292,0.10338687360807401,0.20518254889645238,-0.25932149638311486,406
1.1348919442523937,0.6190821534750112,0.43560000000000004,0.29642485248943906,0.08892620919440151,0.0,0.0,2.222018038861401,0.6993626715145513,0.0,0.10936646815301185,2.7774332834730595,2.5556073861062916,1.5338066149215681,-0.006276566247043639,0.688086231445234,0.6861412434910177,0.037953193504274126,1.2735106976978727,-0.21553698391347773,407
1.2228764562557497,0.15771600733383928,0.24009999999999998,0.896619925069164,0.06765864847381481,0.6996635591645785,0.08994614192826365,0.5061609484480453,2.7758229159565966,0.0,0.6055187008462087,4.2285047744051445,2.896319792929966,-1.661810260413721,0.08573469467301728,0.4407471402613176,1.2194639785841033,0.018572956760168246,-1.3081197596230656,-1.066781984606462,409
0.3323154110779112,0.3182559066019819,0.11560000000000002,0.0,0.07696104113612832,0.6996635591645785,0.7987582329804733,1.046789542270546,0.19389748738793933,0.0,0.7578669791145087,0.181133596355019,0.7469766687503304,-0.9665327386346327,1.1224302919804483,-0.31487217777964155,0.1798685458297749,0.8754213833385907,1.1782591804969513,-0.1274906408066331,410
0.0,1.285417902728753,0.0256,0.0,0.09531017980432487,0.0,0.6669260031341623,0.004589210891891607,0.06853998294379059,0.0,1.1137953474405857,0.6648240933323804,-0.4016817703242642,-1.7337184350961203,-0.37462510541213767,-0.7465514984177603,-0.17994781386699385,-0.556150319630324,-0.1294063521251637,0.6044926691844629,412
0.6466769629007264,0.5345784794872352,0.28090000000000004,1.4045814132903134,0.0925791812930931,0.0,0.0,0.943192717157289,0.06853998294379059,0.669072844505199,1.3510543650016476,2.7774332834730595,2.0011996469067723,2.073897096272378,0.7962162270551967,2.8261583312646676,-0.9455524756749549,0.2692226032772428,-0.32282771612677225,0.6765849041395365,413
0.2466643809766059,0.003984229648887772,0.11560000000000002,0.11670607820206329,0.08342160813907239,0.5977164317993333,1.20024736395251,0.5827736546089219,0.10603637414144908,0.0,0.7578669791145087,0.6648240933323804,0.8564970238138019,-2.1308969730148863,1.2061871990781072,-0.5593644146967347,0.4715884153516874,0.1450299900677539,0.03897335757055151,-0.1440681555183007,414
0.1529841784803131,1.162286069363948,0.0576,1.3863119448122445,0.11064652008706356,0.9166334959107316,1.3048107836498861,5.883903213128832,0.0032893468687716027,1.2295158348627038,1.1137953474405857,0.6648240933323804,2.448439438264327,-3.0945058412708715,2.7854156289295178,1.23382758190186,-2.7860888047746375,-0.2980472844106248,-0.22224515716879253,0.27892627938645875,415
0.8371334258927943,0.08167978205347286,0.4096,0.0,0.10526051065749295,0.0,0.0,0.019611550849729795,0.10603637414144908,0.013362382868697018,1.3510543650016476,0.181133596355019,0.7958287047337427,1.639751211174606,-0.6992371657384798,0.3980854405500142,0.38585009326273567,-0.5228005347852198,0.014356016197512521,-0.7871809188029092,416
0.0,0.07338314643238054,0.0144,0.0,0.08709470685093376,1.0273046342358119,1.218451623332781,0.34481102633060623,0.6778607956989522,0.0,0.002861373273662736,0.6648240933323804,-1.602743662240942,-2.165374156387402,1.7883946830937392,-0.49281971907492644,0.9762185526205506,0.0029659008739162415,0.25109403666552166,-0.6396055431178452,417
1.1163264246948226,0.7097839023091328,0.2601,0.0,0.11422114409002286,0.0,0.0,2.222018038861401,0.2054754205194157,0.470197951593395,0.001514216173531351,0.181133596355019,2.40230638362661,1.2413398634200656,-0.8475377452830651,-0.21801035950345693,-0.1825411993459909,0.26436811403889304,0.6449907728518885,-0.8627591314565822,418
0.0,1.7651891589205408,0.0,0.0,0.0639133257436528,1.0273046342358119,0.17027312080173776,0.20404977450078587,3.889881727383062,0.122946425483153,0.2509374896202608,0.6648240933323804,-1.582076100045175,-1.9820933345765903,0.38602439475627565,-0.12080884792251052,-1.232570131890032,0.16466773049078423,1.191203603614143,-1.0006950178447818,419
0.0,2.952510921907319,0.0009,0.0,0.05732506661926941,0.9549010302251432,0.06166965793063503,0.6320108186394775,1.77947546778984,0.0,2.947323473076236,2.7774332834730595,-2.5248581433787094,0.3360547717267968,1.2951573924385833,1.1738531238372316,0.044640102905866126,-1.3896996648052746,1.7323415737370567,-0.1742192090116733,421
0.0,5.69450019093949,0.04000000000000001,0.0,0.045928931888399804,0.0,0.35743946444942853,0.40851573872208874,0.09776642190467841,0.0,0.17902270763911277,0.6648240933323804,-1.5556257429813893,-1.4938030785270207,-0.9145018715385473,0.612262616987784,0.5540646716446916,-1.675164819343697,0.17364650097527576,-0.2384202833253026,422
0.8120473483963531,2.6304062448531313,0.22089999999999999,0.0,0.0639133257436528,0.0,0.0,0.30870377270826505,1.056314484934064,0.8845578841437388,0.2657562177217061,2.7774332834730595,1.9821900885353723,2.7305241247867476,0.21291836482097795,-0.6242240105729144,-0.27068842166074847,0.136094304960212,0.24202483660384194,0.16919981605132964,423
0.0,2.952510921907319,0.0009,0.0,0.05732506661926941,0.9549010302251432,0.06166965793063503,0.6320108186394775,1.77947546778984,0.0,2.947323473076236,2.7774332834730595,-2.5248581433787094,0.3360547717267968,1.2951573924385833,1.1738531238372316,0.044640102905866126,-1.3896996648052746,1.7323415737370567,-0.1742192090116733,425
0.0,0.5958515737359537,0.0064,0.0,0.04401688541677433,0.2853149261682657,0.06166965793063503,0.9040773126710665,1.3052543057991257,0.0,0.7834629640170051,0.181133596355019,-2.287212389697855,0.013140251151203774,0.15309889673928223,0.6096020502921476,0.3856522049772065,-0.315170070430982,0.5357798490539852,-0.04294781490557499,426
0.5189723484619305,1.9162123290939006,0.0484,0.0,0.07417939817425151,0.0,0.0,1.1557831911742777,0.10603637414144908,0.0,0.021285800970286428,0.181133596355019,0.6527219019797146,-0.024365990512300973,-1.462704967189472,0.5416262623853535,0.08875418919845976,-1.0624526353046013,1.0472401454502747,-0.04447515048729857,427
0.37253826621486796,0.003984229648887772,0.10890000000000001,0.0,0.06765864847381481,0.0,0.0,0.30870377270826505,0.2054754205194157,0.0,1.1137953474405857,0.6648240933323804,0.7487351872636946,-0.5104923197136194,-1.50046138309558,-0.9068577297059536,0.24669389222368832,0.3368661949710235,-0.0036541770394911393,-0.15489232378340723,428
1.2721759801264265,2.952510921907319,0.39690000000000003,0.0,0.08434114843375087,0.0,0.0,2.3795831018794127,1.8142092671842687,0.0,0.001514216173531351,0.181133596355019,2.553244794549496,-0.2729134625347818,-1.1353252106817342,0.6035935767666192,0.531465446142156,-1.9340928556806816,1.3002424627291276,-0.5315342422115092,429
0.8120473483963531,2.6304062448531313,0.22089999999999999,0.0,0.0639133257436528,0.0,0.0,0.30870377270826505,1.056314484934064,0.8845578841437388,0.2657562177217061,2.7774332834730595,1.9821900885353723,2.7305241247867476,0.21291836482097795,-0.6242240105729144,-0.27068842166074847,0.136094304960212,0.24202483660384194,0.16919981605132964,430
0.0,0.010792351232078716,0.12249999999999998,0.0,0.07138999608667293,0.42218689553501815,0.47790394060861674,0.12098307145516621,0.15168151999999027,0.0,1.3173754374983664,0.6648240933323804,0.23229278367923473,-1.5727593390516743,-0.0804196118265573,-0.6424235902547795,0.4520760576493721,0.3613950000263494,-0.03644041256395589,0.22152465819108724,431
1.1886058958707477,0.6190821534750112,0.39690000000000003,0.0,0.08709470685093376,0.0,0.0,3.633649609138793,0.9291817924666731,0.0,0.7578669791145087,0.6648240933323804,2.882446269632005,-0.17446999019454384,-1.8793676032224758,0.04822327751012593,1.0204248395990847,0.7885461633140713,0.24096800791839154,-0.9579882613644316,433
0.7863157308235277,0.45627288034580543,0.30250000000000005,0.4004814320491596,0.07325046173959267,0.48418381194589716,0.22044990654106972,2.222018038861401,1.056314484934064,0.8600282693597463,0.2509374896202608,0.181133596355019,2.5539992125168203,0.12787806147787353,0.9527983882504896,-0.36970215164898623,-0.6450247272886493,0.08348179659542605,0.31298084675623444,-0.09519245536099398,434
1.1886058958707477,0.6190821534750112,0.39690000000000003,0.0,0.08709470685093376,0.0,0.0,3.633649609138793,0.9291817924666731,0.0,0.7578669791145087,0.6648240933323804,2.882446269632005,-0.17446999019454384,-1.8793676032224758,0.04822327751012593,1.0204248395990847,0.7885461633140713,0.24096800791839154,-0.9579882613644316,435
0.0,0.5958515737359537,0.09,0.0,0.05826890812397577,1.1580602180839163,0.39922760605999,0.23359207291906567,0.10603637414144908,0.0,0.05005171376274625,0.181133596355019,-0.5994301262537267,-1.0156752632558865,1.2455576186973727,-0.42987222079686543,0.8709325716560161,-0.7337853211758328,0.9309154270512395,0.08711253273466105,436
0.9539116751161125,0.2050312322435411,0.5328999999999999,0.4004814320491596,0.0639133257436528,0.0,0.0,0.943192717157289,0.8101978546601726,0.013362382868697018,0.4904550496763695,0.181133596355019,1.9694669751406433,1.2763019816486125,-0.6315976186373554,0.7867611432411552,0.36732942792932705,-0.2565704372297958,-0.031631386625472116,-0.4595041122422697,437
0.0,0.24361058788162282,0.0324,0.0,0.06015392281974709,0.0,0.11744500439534311,0.7173028261928656,2.1744084627105447,0.0,1.1137953474405857,0.6648240933323804,-0.208681481295953,-0.7374481664750973,-1.1582787529854086,-1.2645436721617387,0.6337061822414197,-0.58751946504344,-1.0555944235125685,1.2088102023740164,439
1.2395811408328468,1.5182422398456628,0.5184,0.0,0.06952606264861023,0.0,0.0,1.046789542270546,7.5691264433679075,0.669072844505199,0.3520539560990836,8.453723154686502,3.879435882686303,2.669746339599434,0.03861397090102857,-0.8682612378207457,0.7832034042417202,-0.5942289908831011,1.172599902364021,1.4004639864919277,440
1.6430295834500424,0.7317394843681883,0.5776,0.6212736051728601,0.09531017980432487,0.0,0.0,11.29435929551056,5.310206813067574,0.122946425483153,0.4904550496763695,2.7774332834730595,5.244102436942606,1.0115724059826878,-0.620197942139101,1.580688274784764,0.5697019460428595,-1.972697305087823,1.800493806509612,-0.6715084127370265,442
0.0,0.0463214731859342,0.0001,0.0,0.05259245011917058,0.0,0.0,2.992980994543521,2.7328191643253894,0.7274510450063292,3.6160313405397013,2.7774332834730595,-2.9690774003030462,2.5657532305641118,0.27688635651099,0.24896376305073117,-1.3103807544370172,-0.525198809219046,0.16289063632306472,0.43566516398242616,444
1.2228764562557497,0.7097839023091328,0.36,0.0488266144487674,0.07788653865707124,0.9166334959107316,0.585404443780831,2.222018038861401,1.8142092671842687,0.35364766214801746,0.002861373273662736,0.6648240933323804,2.9347258224861292,-0.675801666647989,1.1743810777935884,-0.5685252040792259,0.735202118918553,-0.2249229006155904,0.017990867409501926,-1.6902203938791946,446
0.44843328352162587,0.08167978205347286,0.0841,0.0,0.11955923505763925,0.0,0.0,0.00130673328986092,0.33750948554092247,0.31157001331400547,0.4904550496763695,0.6648240933323804,0.5477694374182398,0.8551249459204949,-1.056036402091332,-0.14713878435027586,-0.058326838738049724,-0.30252082322783197,-0.9904601780825116,-0.7496389546293319,447
0.1529841784803131,5.552866360572911e-05,0.0484,0.0,0.09531017980432487,0.0,0.0,0.000249560195638818,0.5021385692059677,0.0,0.05005171376274625,0.181133596355019,0.3237557644904488,0.5595864990587952,-1.0199367560564359,-0.14080278391733178,0.6470431979426188,-0.12914603817695974,0.1300224365344056,0.5677617905265954,448
1.1163264246948226,0.6190821534750112,0.4760999999999999,0.18026934961129024,0.09075436326846414,0.12669271367382126,0.0,1.923078384196642,1.8142092671842687,0.0,0.10936646815301185,0.181133596355019,2.6099522485853077,0.7184313972266776,0.0014642794485346868,0.27683747879785436,1.0178127079255426,-0.10207927764548796,0.4387963418201297,-0.7471807502635411,449
1.1163264246948226,0.6190821534750112,0.4760999999999999,0.18026934961129024,0.09075436326846414,0.12669271367382126,0.0,1.923078384196642,1.8142092671842687,0.0,0.10936646815301185,0.181133596355019,2.6099522485853077,0.7184313972266776,0.0014642794485346868,0.27683747879785436,1.0178127079255426,-0.10207927764548796,0.4387963418201297,-0.7471807502635411,450
0.0,0.025457874785833744,0.0009,0.0,0.08065790301745447,0.20914565395635606,0.0,0.00130673328986092,0.6778607956989522,0.0,0.16689829373793028,0.181133596355019,-1.0069854520194672,-0.09438938903171538,-0.22641384912850376,-0.2956423921359225,-0.3644807228654049,0.490368996147298,0.8287635299797806,0.2580580546001453,452
0.7863157308235277,1.2562637691749257,0.39690000000000003,0.18026934961129024,0.08065790301745447,0.0,0.0,2.5425449886878995,0.10603637414144908,0.39402604307736266,0.4904550496763695,2.7774332834730595,1.9601861315237616,2.143315842014773,-0.19339892381699048,0.6175731043320687,-0.22360703677729135,0.4504161835046273,0.941632813148774,-0.14947429761760808,453
0.0,2.8140791163824384,0.16000000000000003,0.0,0.06109509935981088,0.42218689553501815,0.4966425086978604,0.6320108186394775,1.4551792718018106,0.0,0.36956699840079166,0.6648240933323804,-1.4680838575817177,0.17771842515848604,0.9416897691121359,-0.7789090886908381,0.33209153380647494,1.409401335598633,-0.6772087287056358,-1.1072479842798661,454
0.9970545016232787,0.24361058788162282,0.4489000000000001,1.087739767682,0.08250122151174369,0.0,0.0,1.1557831911742777,0.33750948554092247,0.17354122620610013,7.4705416386516825,8.453723154686502,1.734935895566163,2.9963371700373047,0.5803233999948888,3.1557194226473264,0.03194134950909316,-1.5745411409160033,1.074608697986096,0.059837971215736294,455
0.29040662823005287,0.10664289452517259,0.1521,0.0,0.09075436326846414,0.0,0.0,0.943192717157289,0.14175757731586763,0.0,0.017244329669892283,0.6648240933323804,0.39198774291568506,-0.2789515601929423,-1.6384154813336238,0.4422168324764015,-0.2638438224222543,0.3052905108006409,0.03982549031687818,-0.6263939353524073,456
0.4112056088378546,0.3016626353597976,0.04409999999999999,0.11670607820206329,0.0925791812930931,0.8354035567659245,0.4588075223140107,1.1557831911742777,0.03919234640701822,0.0,0.6055187008462087,0.6648240933323804,0.8504249693103417,-1.884228785575052,0.32699672491982296,-0.031203524423409405,0.25124629012112165,-0.012864451429180312,0.5347434857254001,-0.5609083399167181,457
1.0584676340849346,0.07338314643238054,0.43560000000000004,0.0,0.07138999608667293,0.0,0.032570289690610876,4.468989165248886,0.15168151999999027,0.0,1.7757674294033978,10.87217563957331,2.4144634096884205,-2.5424060480501396,-2.0847269254949286,-0.350656583575158,0.04110885410155709,0.4824290590965159,-0.7651482502468151,-1.9689880260463384,459
0.4112056088378546,0.3182559066019819,0.27040000000000003,0.0,0.07973496801885356,0.0,0.0,0.20404977450078587,0.06192402115437553,0.0,0.6284203715484423,0.181133596355019,0.2589822151691915,1.0444078401741048,-0.23131349966406667,0.42160464508068785,0.27789373746876034,0.3163887196959217,0.4047597744847777,-0.7167559152325991,460
0.0,0.21690884220991508,0.0484,0.0488266144487674,0.08342160813907239,0.0,0.0,0.5827736546089219,0.10603637414144908,0.0,1.1137953474405857,0.6648240933323804,0.6741142281901245,-0.7064963960878813,-1.7191560397285168,0.060030630019249805,-0.31503204626625775,0.2909117380991535,-0.22571993366561025,0.3307803470538534,461
1.0384127510221777,1.4504233441105987,0.2916,0.0,0.08065790301745447,0.0,0.0,1.046789542270546,4.464329719994997,0.22169899923487,1.3173754374983664,0.181133596355019,3.1037616268583585,1.0513216895785604,-1.192646084199181,-0.9449576809552557,0.7160409010833374,0.32575738827720446,-0.04870185688919461,0.5001808757237295,464
0.7599044703060609,0.03043585615848893,0.17639999999999997,0.0,0.06672363204290818,0.42218689553501815,0.14420787327573903,0.5827736546089219,0.9291817924666731,0.31157001331400547,0.9555828270820602,0.181133596355019,1.2978453351097015,0.6773944514590873,0.6182112535524696,-0.189531221606828,0.422672514554263,-0.8547438039813853,0.38226355403054546,-0.8473044883131456,466
0.2466643809766059,0.15771600733383928,0.2025,0.0488266144487674,0.06297479916138844,0.0,0.0,1.112439094311167,0.0032893468687716027,0.5745711749545842,10.808692347568496,0.181133596355019,-0.8299629635973319,2.8945029095172106,0.3137756340007153,0.9250935364354662,-0.09279356543707118,-1.1865587445281616,-1.1065135693619197,-1.2580674866857504,467
1.0179474241849529,0.9097816245164132,0.4760999999999999,0.0,0.08617769624105233,0.0,0.0,2.8846592336762975,0.8101978546601726,0.0,1.3173754374983664,0.181133596355019,2.6996438823332443,0.5461312098913194,-1.3032710555891442,-0.3787512645813148,0.43724597420841466,0.8314633506569598,0.7910670256200462,-0.03617504391770689,468
0.200920876370925,2.5822857582507965,0.0004,0.0,0.06765864847381481,1.0948180332928596,0.06166965793063503,0.6320108186394775,0.5021385692059677,0.0,0.3520539560990836,0.6648240933323804,-0.5713915588969685,-1.7154594082778944,0.14792474743924058,-1.0288056233171665,0.7833633527003088,-1.4714528450194047,0.3712755788120813,-0.3472412006411441,469
1.30374184684714,1.3841539670871217,0.42250000000000004,0.0488266144487674,0.08892620919440151,0.0,0.032570289690610876,2.222018038861401,2.7758229159565966,0.0,0.021285800970286428,0.6648240933323804,3.2361130170291776,0.14416381251087054,-0.2722651552155597,-0.1790992575433866,1.2829900883536427,0.047144194234474655,-0.3734806728315058,-1.4448413088036134,470
0.5524596693304464,0.0023249025246693767,0.17639999999999997,0.0,0.07788653865707124,0.6499885853699919,0.17027312080173776,0.019611550849729795,0.5021385692059677,0.26764376658974054,0.7834629640170051,0.181133596355019,0.637919746394095,0.4430813544776376,0.9474218131431908,-0.03769612709079186,0.3952240693616661,-0.8841572546235702,0.2447963167850814,-0.5739795633878715,471
1.2228764562557497,0.8066837259896001,0.30250000000000005,0.0488266144487674,0.07973496801885356,0.6499885853699919,0.5150363918549524,2.069849799633864,1.056314484934064,0.669072844505199,0.001514216173531351,0.181133596355019,2.945864519501776,0.2825755598651287,1.2108799234482868,-0.5177017939927194,0.18646727398458018,-0.20738234780226414,0.6661880555770188,-1.0117807148552478,472
0.5524596693304464,0.6848939954458569,0.0576,0.0,0.08342160813907239,0.0,0.0,1.1557831911742777,1.1915959320623335,0.0,0.05005171376274625,0.6648240933323804,1.3138270673343158,-0.4668018540372259,-1.7150519485027689,0.10670524299316526,0.16685763990161326,-0.734701266235558,-0.21818468500327384,-0.20247543170538918,475
0.44843328352162587,2.116576079343285,0.16809999999999997,0.0,0.08709470685093376,0.0,0.0,0.4349450660776436,0.03919234640701822,0.22169899923487,0.47024769317440096,0.6648240933323804,1.162565137285038,0.5197990577928299,-1.1753960399237269,-0.7196843355922659,-0.13028131512781063,1.3588715136480283,-0.6232264838867392,-0.4689339928330116,476
0.7863157308235277,2.6304062448531313,0.24009999999999998,0.0,0.07232066157962612,0.0,0.0,0.2536783617092879,0.6993626715145513,1.2122051082564902,0.2657562177217061,0.181133596355019,1.9430708847775178,2.378005890925009,0.03089191784183961,-1.1785649618331429,-1.1499669193999225,0.1147247139713335,-0.6208265129874707,-0.5510523032563401,477
0.48432465704599104,0.7317394843681883,0.0121,0.11670607820206329,0.07417939817425151,0.0,0.0,0.7521895383020997,0.5966762430298194,0.22169899923487,0.09993636845209211,0.181133596355019,1.2145808800124236,0.15976373327100682,-1.0370748249554655,0.3110081026966769,-0.3741628694503802,-0.7794853881491495,0.40145819242984804,0.5216274083833626,479
0.8371334258927943,1.9576955071993605,0.1521,2.3574417400381704,0.06672363204290818,0.0,0.0,9.296588278259039,1.486605090301532,0.013362382868697018,1.3173754374983664,0.6648240933323804,5.591123261883127,-1.366140078092264,1.1147390929305616,7.070633287667436,-1.3001574835932725,2.7906751892127026,-3.1113136716894876,2.146039395644661,480
0.48432465704599104,1.6585285874505502,0.31360000000000005,0.18026934961129024,0.07696104113612832,0.0,0.0,0.02945898365584165,1.056314484934064,0.9318826106865664,1.3510543650016476,8.453723154686502,1.2238236403116423,3.6676374728900907,0.7709577098530859,0.038467336738742815,-0.3488644423779158,-0.38027757095415854,0.4202075681815666,1.0328568714335968,481
0.8371334258927943,0.9097816245164132,0.36,0.0,0.1414995622736995,0.0,0.0,0.943192717157289,2.9925919096937097,1.2122051082564902,0.9272925279793011,0.6648240933323804,2.9285582474622687,0.7214634711654858,-0.7406610110159771,-1.5588656412016773,-1.296980380039958,0.007915116323723988,-1.1789720937339436,-0.12418712033323896,483
0.7327766880855823,0.5958515737359537,0.1521,0.0,0.05259245011917058,0.0,0.0,0.20404977450078587,0.8101978546601726,0.0,0.16689829373793028,0.6648240933323804,0.9373431508505764,-0.4104023294677053,-2.080915186461367,0.09079195008443051,0.9259072793623939,-0.5822086804879968,-0.06136832614933904,-0.3034962922938228,485
0.7327766880855823,0.400362096913958,0.1296,0.0,0.05164323315183845,0.0,0.0,0.5827736546089219,0.8101978546601726,0.0,0.16689829373793028,0.181133596355019,1.076366560567428,0.22347665623167964,-1.9662579935311466,0.30421857387684464,1.1699496095627593,-0.45134105119139856,0.8708954576129263,0.22323780529965487,487
0.44843328352162587,0.6190821534750112,0.16000000000000003,0.0488266144487674,0.07045846364856141,0.0,0.0,0.7521895383020997,0.034230375064955826,0.4328370920202075,0.05005171376274625,0.181133596355019,1.0288829281246923,0.8306157588398368,-0.3607039616666384,0.008864032289097669,-0.5675065932386119,0.7591595734181312,0.3526976223642255,-0.1561721097742251,489
0.4112056088378546,0.45627288034580543,0.25,0.0,0.05354076692802982,0.0,0.0,0.6320108186394775,0.034230375064955826,0.5745711749545842,6.973953634253272,2.7774332834730595,-0.45199842118653866,3.0993114406112583,0.9056062388429693,0.7113412875997442,0.00304382588145368,-0.8200202264462222,0.0514376070287335,-0.6801849954179071,491
0.29040662823005287,0.5345784794872352,0.2601,0.0488266144487674,0.050693114315518116,0.0,0.0,0.8079916575367286,0.0032893468687716027,0.8845578841437388,7.4705416386516825,2.7774332834730595,-0.4070809653110709,3.260279440986213,1.2510512896447843,0.5041471875565942,-0.44448848118046336,-0.969079098979379,-0.2206311532184137,-0.5987663400720424,492
0.200920876370925,0.7801344920021048,0.0961,0.29642485248943906,0.08250122151174369,0.5425604642575216,0.7276727158637448,3.248360773826596,1.1634780944573193,0.39402604307736266,1.1447799607436075,0.181133596355019,0.30112522525470053,-0.5942160476219042,1.1258338290006882,1.0771148973969698,-1.079316575021807,-0.5226745239105172,1.3504673260821902,-1.111937315905668,493
0.0,0.6190821534750112,0.0529,1.6589580884979023,0.04974209189481407,0.7921722744537854,0.8651242336364556,0.6320108186394775,0.6778607956989522,0.0,2.3469246879987344,0.181133596355019,-0.8053446480830276,-0.3018572946326024,3.248875660948203,3.5623840332791645,0.2893557274532865,0.889732946217992,-1.3959530352210368,0.6798733493793933,494
0.8616055620766667,1.019077597889572,0.28090000000000004,0.0488266144487674,0.06765864847381481,0.0,0.0,0.059503663571498236,1.056314484934064,0.0,0.2657562177217061,8.453723154686502,1.5959469853534904,2.9515607631828673,-0.08908265870211719,0.39850965201134925,0.8503600366642883,-0.13619809146989512,1.2287329291886275,0.9827846732598426,495
0.0,0.003984229648887772,0.0625,0.0,0.07788653865707124,0.0,0.0,0.7521895383020997,0.5768283576615741,0.0,1.7757674294033978,0.181133596355019,0.11521863424416783,-0.43185637494235024,-0.615032180217207,-0.4127803482553935,-0.6112517011160864,1.0063267850814395,1.158958600919287,0.4347191222863143,496
0.0,1.1345716461090758,0.1024,0.0,0.08617769624105233,1.300609352207062,1.113960068719543,0.004589210891891607,0.0032893468687716027,0.5745711749545842,0.36956699840079166,0.6648240933323804,-0.3551042921206825,-1.1928691715862854,3.1763111546430802,-0.9759643257550004,0.07145961278836423,0.3371267755823705,-0.5340900720399139,-1.089095076667679,497
0.8616055620766667,1.019077597889572,0.28090000000000004,0.0488266144487674,0.06765864847381481,0.0,0.0,0.059503663571498236,1.056314484934064,0.0,0.2657562177217061,8.453723154686502,1.5959469853534904,2.9515607631828673,-0.08908265870211719,0.39850965201134925,0.8503600366642883,-0.13619809146989512,1.2287329291886275,0.9827846732598426,498
0.200920876370925,0.7801344920021048,0.0961,0.29642485248943906,0.08250122151174369,0.5425604642575216,0.7276727158637448,3.248360773826596,1.1634780944573193,0.39402604307736266,1.1447799607436075,0.181133596355019,0.30112522525470053,-0.5942160476219042,1.1258338290006882,1.0771148973969698,-1.079316575021807,-0.5226745239105172,1.3504673260821902,-1.111937315905668,499
0.0,0.003984229648887772,0.0625,0.0,0.07788653865707124,0.0,0.0,0.7521895383020997,0.5768283576615741,0.0,1.7757674294033978,0.181133596355019,0.11521863424416783,-0.43185637494235024,-0.615032180217207,-0.4127803482553935,-0.6112517011160864,1.0063267850814395,1.158958600919287,0.4347191222863143,500
0.7863157308235277,0.25854453199958866,0.5328999999999999,1.3770505016470946,0.07138999608667293,1.1580602180839163,0.6511446984449785,1.389960960353166,0.8101978546601726,0.7554099632452922,2.0723412013547255,2.7774332834730595,2.3418857969436973,0.5931199174086387,3.6021012213965418,2.1694022630936307,-0.2449257564154482,-0.5548538516077469,0.3159083764220036,-0.07049899402811742,501
0.7863157308235277,0.25854453199958866,0.5328999999999999,1.3770505016470946,0.07138999608667293,1.1580602180839163,0.6511446984449785,1.389960960353166,0.8101978546601726,0.7554099632452922,2.0723412013547255,2.7774332834730595,2.3418857969436973,0.5931199174086387,3.6021012213965418,2.1694022630936307,-0.2449257564154482,-0.5548538516077469,0.3159083764220036,-0.07049899402811742,502
0.8120473483963531,2.6304062448531313,0.17639999999999997,0.0,0.07417939817425151,0.0,0.0,0.20404977450078587,0.41574965004300457,1.1945894337762464,0.10936646815301185,2.7774332834730595,1.905197894070984,2.9025673311147036,0.32206501525914666,-1.06756963016642,-1.0965928335840063,0.14604166026589008,0.2750572412323609,0.07665607547267674,504
0.7327766880855823,0.05295878168280805,0.39690000000000003,0.2400326664001431,0.06952606264861023,0.0,0.0,0.00130673328986092,0.9291817924666731,0.5409761286623967,3.6160313405397013,2.7774332834730595,1.0169478271296235,2.5376789700301035,0.4651721863685172,0.7262651720697866,0.17623707430690905,-1.2397073585529903,0.16755320725010808,-0.14680548959927361,505
0.7863157308235277,2.6304062448531313,0.2116,0.0,0.07232066157962612,0.0,0.0,0.20404977450078587,0.15168151999999027,1.1398003132831975,0.10936646815301185,2.7774332834730595,1.7159414560534763,2.8566588378564113,0.26165618683781433,-0.9506570318698148,-1.0671196596268147,0.29646034821140577,0.3875917667570076,0.008368838555166807,506
0.9757157332627988,0.5958515737359537,0.30250000000000005,0.0,0.08065790301745447,0.0,0.0,2.8846592336762975,0.8101978546601726,0.26764376658974054,0.7578669791145087,0.181133596355019,2.3917719670660484,0.17637274070785944,-1.645419674142366,0.08787525179126401,-0.4163948925968122,-0.5792009005295444,1.005198999519132,0.08197892531584967,507
1.349297546296027,1.8050130099017827,0.5625,0.18026934961129024,0.08065790301745447,0.5425604642575216,0.0,0.943192717157289,2.9925919096937097,0.122946425483153,0.7834629640170051,2.7774332834730595,3.09140659170023,1.8613797869982596,1.1795746171512522,0.1133889553799043,1.451002787742932,-0.48408622362364734,0.9027482194494564,-0.7264979632077531,509
0.6762082614831358,0.10664289452517259,0.0961,0.0,0.08617769624105233,0.6996635591645785,0.39922760605999,1.923078384196642,0.6993626715145513,0.0,0.05005171376274625,0.181133596355019,1.526278864426851,-0.6456871064338267,0.5263269956671714,-0.1703395167415716,0.45556591247705597,-0.5133540154960963,1.1392569742908667,-0.33883498101437337,511
0.8616055620766667,0.5345784794872352,0.2304,0.0,0.11778303565638346,0.0,0.08994614192826365,0.4349450660776436,3.2175096580917177,0.6385539155203055,0.47024769317440096,0.181133596355019,2.4011415843942014,0.5369766676940788,0.17048753520261029,-1.1436599533142007,0.2555385761379918,-0.3134745441016745,-0.0156952952410941,0.3031364889039192,512
0.8120473483963531,0.014111005480515507,0.4096,0.0,0.10165365372649983,0.0,0.0,0.08754495561809479,1.990234487616968,0.013362382868697018,1.5744060398561839,2.7774332834730595,1.3806541580172238,2.3103352578450744,-0.44926239409115504,0.5105631324919186,0.7525062412950115,-1.120767636265249,0.44854021995516885,0.19594516850839885,513
0.8120473483963531,0.014111005480515507,0.4096,0.0,0.10165365372649983,0.0,0.0,0.08754495561809479,1.990234487616968,0.013362382868697018,1.5744060398561839,2.7774332834730595,1.3806541580172238,2.3103352578450744,-0.44926239409115504,0.5105631324919186,0.7525062412950115,-1.120767636265249,0.44854021995516885,0.19594516850839885,514
0.10263334224906732,0.473909331507997,0.24009999999999998,1.2895952072414691,0.11511280710050457,1.0273046342358119,1.4364090275913832,4.919039886046781,4.196476200635395e-05,1.342962636105813,1.1137953474405857,0.6648240933323804,2.4205272780451446,-3.0416682567579096,3.390105359597077,0.5653252031650805,-2.8126271215554097,-0.2591895316608456,-0.3271163605819398,0.1705749068679857,515
1.2228764562557497,0.1461007174643103,0.24009999999999998,0.8345607581462006,0.09531017980432487,0.0,0.0,4.919039886046781,0.15168151999999027,0.39402604307736266,1.8148349853072083,0.181133596355019,2.7840695825716484,1.1849481067104966,-0.759434581584792,2.0953866839823414,-0.6144975315519475,-0.7665353633583191,0.4750051438936322,-1.2366610876605681,516
0.7863157308235277,0.19175661524979373,0.24009999999999998,0.0,0.18232155679395465,0.0,0.0,1.923078384196642,0.9291817924666731,0.0,3.5607978994343146,10.87217563957331,2.0812252180456086,-2.168606451305711,-2.8513257745666736,-0.7792419177723241,-0.2528366945206936,0.3708926172241636,-1.3744533519230653,-0.9822983428779647,517
0.616246959504358,2.4529314481701703,0.24009999999999998,0.11670607820206329,0.08434114843375087,0.0,0.0,0.5827736546089219,0.4839446742850763,0.8845578841437388,0.16689829373793028,0.181133596355019,1.2409158058596483,1.0577210235203158,0.4588291214171401,-0.4355644360107615,-1.1521475320285077,1.347429813495045,0.3000613084307499,-0.5210986230766542,520
0.44843328352162587,0.5345784794872352,0.24009999999999998,0.0,0.08157998699242289,1.1580602180839163,1.3689006589401622,0.30870377270826505,0.33750948554092247,0.0,0.9272925279793011,0.6648240933323804,1.0064025332866018,-2.5221824684184195,2.389404178200499,-1.053843590178079,1.3626507586596774,0.43822076955203243,0.20601715970870857,-0.49342015521608895,523
0.4112056088378546,0.3182559066019819,0.24009999999999998,0.0,0.08250122151174369,0.5425604642575216,1.1435575334654413,0.20404977450078587,0.2674180756997283,0.0,0.7578669791145087,0.6648240933323804,1.007501212487662,-1.6591586548331678,1.1944410838406572,-0.9575347616559862,0.6359203808975868,0.29790372438768087,-0.2162787113099978,-0.21972880769789302,524
0.0,0.7097839023091328,0.24009999999999998,0.0,0.0925791812930931,0.9917579743817846,0.7849396424473999,0.07591605158168345,0.2541861521208982,0.5062131032589602,0.7834629640170051,0.181133596355019,-0.7807483047591544,0.09893619683239675,2.452797251627612,-0.3840283561125677,-0.14890764483863445,0.2793969887601075,0.11210051891414306,-0.4892082003466516,527
0.6466769629007264,0.3016626353597976,0.0576,0.0,0.07417939817425151,0.0,0.0,0.12098307145516621,1.990234487616968,0.0,0.9272925279793011,0.6648240933323804,1.393486750361471,-0.6549997959806714,-1.6062961704193812,-0.2710278406208663,0.6403366791690274,-0.5326321819025932,-0.5000770505328743,0.36644271170819265,529
0.37253826621486796,3.003950062758091,0.0576,0.0,0.07510747248680541,0.0,0.0,1.389960960353166,0.3992097455694669,0.8090866165833153,0.017244329669892283,0.181133596355019,1.158687463873823,1.5810251657292302,-0.5300007778121995,-0.4556244473161225,-1.2390464732029083,1.5021958420761816,0.1359326714894104,-0.3633487052541712,530
1.1163264246948226,0.7097839023091328,0.24009999999999998,0.11670607820206329,0.0934903430873389,0.0,0.0,3.633649609138793,0.9291817924666731,0.0,0.017244329669892283,0.6648240933323804,2.77617381825911,-0.17737692977561667,-0.6728204927158826,0.1190706494770135,0.6139337461767034,0.414333729224385,-0.040424234127720976,-1.2504683432604455,531
1.1163264246948226,0.7097839023091328,0.24009999999999998,0.11670607820206329,0.0934903430873389,0.0,0.0,3.633649609138793,0.9291817924666731,0.0,0.017244329669892283,0.6648240933323804,2.77617381825911,-0.17737692977561667,-0.6728204927158826,0.1190706494770135,0.6139337461767034,0.414333729224385,-0.040424234127720976,-1.2504683432604455,532
0.7599044703060609,2.116576079343285,0.0576,0.0,0.06952606264861023,0.0,0.0,0.34481102633060623,0.33750948554092247,0.013362382868697018,4.747172671208599,0.181133596355019,0.3382863251592869,2.283065186943518,0.6441155753236596,0.0925801310723953,1.1396502881212975,-0.3014222907920758,-0.6086732127847571,-1.294145839962495,533
0.6762082614831358,0.08167978205347286,0.0576,0.11670607820206329,0.09712671073072274,0.0,0.0,2.8846592336762975,0.03919234640701822,0.0,0.16689829373793028,0.181133596355019,1.5836793696349323,0.007309561697215204,-0.6612170146922765,0.5030965256167994,0.26713956933355026,0.5791085182295089,1.023125837791362,-0.24079316575627022,534
0.37253826621486796,3.003950062758091,0.0576,0.0,0.07510747248680541,0.0,0.0,1.389960960353166,0.3992097455694669,0.8090866165833153,0.017244329669892283,0.181133596355019,1.158687463873823,1.5810251657292302,-0.5300007778121995,-0.4556244473161225,-1.2390464732029083,1.5021958420761816,0.1359326714894104,-0.3633487052541712,535
0.6466769629007264,0.3016626353597976,0.0576,0.0,0.07417939817425151,0.0,0.0,0.12098307145516621,1.990234487616968,0.0,0.9272925279793011,0.6648240933323804,1.393486750361471,-0.6549997959806714,-1.6062961704193812,-0.2710278406208663,0.6403366791690274,-0.5326321819025932,-0.5000770505328743,0.36644271170819265,536
0.0,2.6725177710975467,0.0576,0.0,0.08065790301745447,0.0,0.0,0.059503663571498236,0.14175757731586763,0.5062131032589602,0.056787499263402444,0.181133596355019,-0.35208422485704094,0.4917195016939141,-1.364560166713021,0.4151868014417035,-1.2782708339993778,-1.1434139872889975,0.5755648570279523,0.21735004370830108,537
1.2880834588089136,1.019077597889572,0.24009999999999998,1.2267310368699902,0.0639133257436528,0.0,0.0,5.883903213128832,0.5021385692059677,0.013362382868697018,2.0723412013547255,2.7774332834730595,3.593492552623728,1.9258606713419752,0.4260325724800913,2.8222841133855328,0.20182996157074248,0.16835475502373634,0.6324644236752635,-0.49100372276500837,538
0.9757157332627988,0.03043585615848893,0.5476,1.075235744937045,0.09531017980432487,0.0,0.0,2.222018038861401,0.33750948554092247,0.0,0.4904550496763695,0.6648240933323804,2.318198074848496,0.27766476907193127,-0.9059942643793885,2.1060406995369747,-0.02685757802443635,0.10940437545015397,-0.8910477013017611,-0.8612091272940334,539
0.4112056088378546,0.10664289452517259,0.0576,0.4487122455572867,0.09621885774054283,0.35609082721260205,0.032570289690610876,1.1557831911742777,0.10603637414144908,0.06965473649295341,0.6055187008462087,0.6648240933323804,1.2063016143525267,-1.2432107686532994,-0.17557119654868683,0.22424651382884886,-0.30436314766105527,0.14045097386383865,-0.021144538621188785,-0.24252553601173757,540
0.5189723484619305,0.15771600733383928,0.24009999999999998,1.3294112439914327,0.06203539091945264,0.0,0.0,1.1557831911742777,0.41574965004300457,0.35364766214801746,0.2657562177217061,0.181133596355019,1.9962239205072911,0.9366820016391519,-0.061771921015991625,2.4359033158656644,-0.6378508538137488,0.3271881846564585,-0.8734841117181048,0.5835776252832386,541
0.44843328352162587,1.0453523108454896,0.0576,0.0,0.06765864847381481,0.0,0.0,0.004589210891891607,1.486605090301532,0.0,0.2509374896202608,0.6648240933323804,0.6818998902720182,-0.35590585701892447,-1.8584783356215364,-0.18779458691629178,0.4137551635742286,-0.9895593159830375,-0.5855973999799282,0.28309109618612405,542
0.9757157332627988,0.5130072268723961,0.0576,0.0,0.08157998699242289,0.03682537009038924,0.1956761943904252,1.7817037925500607,2.567202676880358,0.31157001331400547,0.2657562177217061,0.181133596355019,2.23342932319562,0.15738797083336462,0.014136283201190585,0.15807900713981274,0.2851906284488364,-1.5510979254756059,0.5367356472382783,-0.3973939786277637,543
1.4877067418350107,1.5182422398456628,0.5476,0.0,0.07232066157962612,0.0,0.0,4.468989165248886,8.287870843973103,0.5745711749545842,3.5607978994343146,0.181133596355019,5.171285051734586,0.8517877089234983,-1.4310536638904603,-1.476758091949453,0.6277621965493176,0.08159793809698025,0.4910460484212148,0.1289534482838268,544
0.37253826621486796,0.11659885727048336,0.24009999999999998,0.0488266144487674,0.08984070399978947,1.1580602180839163,1.0412894561813673,0.5827736546089219,2.1744084627105447,0.0,1.5380327981526363,0.6648240933323804,1.52253901194943,-2.342451840431411,1.7131583232299727,-1.0928680794759906,1.1820441570858995,0.07063405400904404,0.028023927631245032,-0.04795154027025144,545
0.0,0.010792351232078716,0.0576,0.0,0.07510747248680541,0.0,0.0,0.6647831845602733,0.7870419883972198,0.5409761286623967,0.7578669791145087,0.181133596355019,-0.01110712540147305,0.10183469668648025,-0.7129487283266939,-0.30903302257290327,-1.3790966479457796,0.6979296671879264,0.8493809167312558,0.34683503452686293,546
0.8371334258927943,1.5182422398456628,0.24009999999999998,0.0,0.06485097231961633,0.0,0.0,1.046789542270546,0.10603637414144908,0.7826083945763022,0.056787499263402444,0.181133596355019,1.8967942413021062,1.634626049413632,-0.3651424965838633,-0.1969130414114565,-0.6830970498623553,0.49594319899365746,-0.023281826587203916,-0.5497509094548915,547
1.2058879777931633,1.019077597889572,0.24009999999999998,0.0488266144487674,0.07603468627599762,0.7469872683844655,0.5330980419330561,1.923078384196642,1.486605090301532,0.4328370920202075,0.001514216173531351,0.181133596355019,2.900651600562536,0.17107123430394947,1.2739557224085585,-0.48785526009323193,0.6400179946169199,-0.1275387534868294,0.6687193844949614,-0.9593337523824791,548
0.0,0.014111005480515507,0.0001,0.0,0.07138999608667293,0.0,0.0,0.23359207291906567,0.014685483636421763,0.0,0.7578669791145087,0.181133596355019,-0.7526192118927159,0.19259751439630354,-0.9200337913087803,-0.27994318040797117,0.1915907265449173,0.6438502042027423,0.17771859070093368,1.1034318280161952,550
0.48432465704599104,0.3182559066019819,0.0576,0.18026934961129024,0.0880108773227133,0.0,0.0,0.4349450660776436,0.5966762430298194,0.35364766214801746,0.16689829373793028,0.181133596355019,1.4020294764219057,0.35924326183581423,0.11344657771829321,-0.22602399595335876,-0.019632731932028694,0.1885079146956222,0.10634592459471516,0.31312986310942914,551
0.5189723484619305,0.15771600733383928,0.0576,0.11670607820206329,0.0880108773227133,0.0,0.0,0.4349450660776436,1.486605090301532,0.39402604307736266,0.16689829373793028,0.181133596355019,1.6168296343406245,0.355115070480655,0.04858958942117195,-0.3584536584850233,0.08429657015267243,-0.14182048051807336,0.014321883462798045,0.440725638622636,552
0.0,8.018339024668593,0.0576,0.0,0.048790164169432,0.9549010302251432,0.9273585686054993,2.992980994543521,7.498004854131696,0.0,0.9555828270820602,0.6648240933323804,-4.30123833368987,-2.1210163623664027,1.095525506961993,0.30478210678285783,-0.9395352788962141,-1.546386886641163,0.6328609845702498,-0.8699713463314709,553
1.6319016458753246,0.400362096913958,0.24009999999999998,0.8020244992227875,0.09075436326846414,0.0,0.0,11.120457744694036,6.229422698088129,0.39402604307736266,0.36956699840079166,0.6648240933323804,5.396269357636154,-0.06680910022606805,-1.1159330130590601,1.413688437856678,0.17548311325532875,-1.5965947446434379,0.0025633759093310633,-1.7861776768896314,554
0.9088232930119424,5.552866360572911e-05,0.24009999999999998,0.9262625692046964,0.11154137473290741,0.0,0.0,3.248360773826596,2.3667311924650134,0.0,1.3510543650016476,0.181133596355019,2.5338177864026856,0.8319448872959011,-0.4564666832687868,2.0203479101066875,0.6911275582837569,-0.5524184316885155,-0.06742244401179283,-0.3441047445730413,556
1.6430295834500424,0.400362096913958,0.24009999999999998,0.8020244992227875,0.09075436326846414,0.0,0.0,11.120457744694036,6.229422698088129,0.39402604307736266,0.36956699840079166,0.6648240933323804,5.428310521006777,-0.059984236607294725,-1.1200968474674362,1.4160443753602632,0.18731458547953753,-1.607900851262937,0.012884274122662883,-1.8103098146625123,557
1.30374184684714,0.11659885727048336,0.24009999999999998,0.8345607581462006,0.08157998699242289,0.0,0.032570289690610876,7.780191751454809,0.004943337316125731,0.122946425483153,4.353048290389135,0.181133596355019,2.9915320182466534,1.2030177709008165,0.01682440952620013,2.3329280019949272,-0.1630537776991474,-0.38032394370467576,0.6282270064344669,-1.9947493892893327,559
1.256011357544751,0.1461007174643103,0.24009999999999998,0.18026934961129024,0.07232066157962612,0.0,0.0,1.923078384196642,1.1915959320623335,0.0,0.7834629640170051,0.6648240933323804,2.386582342295691,0.3879326466158962,-1.5767621814697523,0.9542358048551653,0.726264874927052,-0.9588930704358173,-0.21033917393803034,-1.5272617198296057,560
0.3323154110779112,0.0023249025246693767,0.24009999999999998,0.2400326664001431,0.08984070399978947,1.246003185508219,1.0834598055989593,0.5827736546089219,2.1744084627105447,0.0,1.3173754374983664,0.6648240933323804,1.4581139000746532,-2.5926178361434506,1.967195005141479,-0.8883241817914532,1.0210361976036406,-0.2506483512626663,0.07109158709471727,-0.031096272633025824,562
0.0,1.8050130099017827,0.24009999999999998,0.11670607820206329,0.0880108773227133,0.6499885853699919,0.35743946444942853,0.03685919531537657,4.196476200635395e-05,0.0,0.09993636845209211,0.181133596355019,0.13193974257542307,0.006452264122953254,1.152571837146233,-0.3286095247172358,0.5381516091839863,1.210857050537382,0.2097884669999963,0.1898914577660694,563
1.30374184684714,0.11659885727048336,0.24009999999999998,0.8345607581462006,0.08157998699242289,0.0,0.032570289690610876,7.780191751454809,0.004943337316125731,0.122946425483153,4.353048290389135,0.181133596355019,2.9915320182466534,1.2030177709008165,0.01682440952620013,2.3329280019949272,-0.1630537776991474,-0.38032394370467576,0.6282270064344669,-1.9947493892893327,564
1.256011357544751,0.1461007174643103,0.24009999999999998,0.18026934961129024,0.07232066157962612,0.0,0.0,1.923078384196642,1.1915959320623335,0.0,0.7834629640170051,0.6648240933323804,2.386582342295691,0.3879326466158962,-1.5767621814697523,0.9542358048551653,0.726264874927052,-0.9588930704358173,-0.21033917393803034,-1.5272617198296057,565
0.200920876370925,0.8815730634046994,0.0576,0.0,0.20375683751401966,0.0,0.0,1.515145080628323,0.0032893468687716027,0.0,1.7757674294033978,0.181133596355019,0.8384039224076922,-0.3943918699101507,-1.8183889380196032,0.36794350205570253,-0.5638416880898408,0.16313389927357363,1.0945618949587623,0.7913387880228417,567
0.616246959504358,0.03043585615848893,0.24009999999999998,0.0488266144487674,0.22314355131420976,0.0,0.0,1.389960960353166,4.196476200635395e-05,0.5745711749545842,0.056787499263402444,0.181133596355019,1.317383217920127,1.0530185645784067,-0.7987246660194695,0.3304709726209324,-0.8696757362143357,0.04665756788398284,0.35882581969016375,-0.3424927781558913,568
0.0,0.9097816245164132,0.0576,0.0,0.09075436326846414,0.2853149261682657,0.0,1.2247152208169296,2.7328191643253894,0.0,1.3510543650016476,0.181133596355019,-2.3110042452831694,0.9928955701829532,0.7486977421825737,0.32182373407689824,0.21016939645728627,1.0122632970285512,0.03591856781876317,-0.4670673660894531,569
1.0384127510221777,1.019077597889572,0.24009999999999998,0.4487122455572867,0.06765864847381481,0.0,0.0,3.438306779587457,0.0032893468687716027,0.9085001750121521,0.2657562177217061,0.181133596355019,2.5037808010551124,1.2382322613260532,0.24075380134871627,0.4568981946643982,-1.150467555564142,0.40449264338185187,0.35884355288718073,-1.0945790224252112,570
0.7327766880855823,2.6304062448531313,0.24009999999999998,0.0,0.07232066157962612,0.0,0.0,0.30870377270826505,1.1915959320623335,0.0,0.001514216173531351,0.6648240933323804,1.6695945082194708,0.5931479588937997,-0.6323251752342043,-0.4269439397944908,0.9246477088259306,0.8623964168208876,-0.9471081107355739,-0.6787684125925297,572
0.6466769629007264,0.03043585615848893,0.0576,0.0,0.09803374027136541,0.0,0.0,0.30870377270826505,0.034230375064955826,0.0,0.16689829373793028,4.2285047744051445,0.6204600446538597,-0.7081048854021678,-2.052096887061299,0.1507871447509728,0.30298034110239475,0.6962281620003276,-0.8499382308375751,-1.260169692707146,576
0.2466643809766059,0.25854453199958866,0.24009999999999998,0.18026934961129024,0.07973496801885356,0.20914565395635606,1.0937302704573046,0.5827736546089219,0.004943337316125731,0.0,0.7578669791145087,0.6648240933323804,0.8592775932530528,-1.6788796158577302,0.7981604925913809,-0.42248287079273855,0.4026750139628288,0.6478164927666812,-0.13691549404270506,-0.14659576316874184,577
0.2466643809766059,0.11659885727048336,0.24009999999999998,0.2400326664001431,0.08157998699242289,0.12669271367382126,1.0834598055989593,0.5827736546089219,0.017993464531129294,0.0,0.3520539560990836,0.6648240933323804,0.8224500667753585,-1.5826030807981695,0.7612357970126019,-0.23115121159383087,0.39307435499565524,0.4123412509212811,-0.21458326333364694,-0.20345916643392045,578
0.8371334258927943,1.5182422398456628,0.24009999999999998,0.0,0.06109509935981088,0.20914565395635606,0.0,0.20404977450078587,1.1915959320623335,0.0,0.3520539560990836,0.181133596355019,1.6275688511432427,0.38271354547618686,-0.07766746681675527,-0.4656922649821755,1.552146620180645,0.6533754486971722,0.3888441457966974,-0.028079513273842824,579
1.1886058958707477,0.03043585615848893,0.24009999999999998,0.0,0.08525984395082342,0.0,0.0,3.248360773826596,0.5966762430298194,0.0,0.6055187008462087,0.6648240933323804,2.5228183895871035,-0.3495563691194506,-2.239253105042355,0.31379479120202447,1.0608210386605563,0.41481098113071385,0.4687036269540895,-0.980425308071131,580
1.1886058958707477,0.03043585615848893,0.24009999999999998,0.0,0.08525984395082342,0.0,0.0,3.248360773826596,0.5966762430298194,0.0,0.6055187008462087,0.6648240933323804,2.5228183895871035,-0.3495563691194506,-2.239253105042355,0.31379479120202447,1.0608210386605563,0.41481098113071385,0.4687036269540895,-0.980425308071131,581
1.1348919442523937,1.9576955071993605,0.24009999999999998,0.0,0.07138999608667293,0.0,0.0,0.20404977450078587,4.464329719994997,0.013362382868697018,0.2509374896202608,2.7774332834730595,2.777508950267335,1.9621224398705206,-0.34709241570267496,-0.8386754037415506,1.3784035645042476,-0.02768687796344318,0.627169460735539,0.617851870824021,583
0.0,1.2230772266905572,0.0576,0.0,0.10255658832509207,0.20914565395635606,0.9972621735942436,0.000249560195638818,0.10603637414144908,0.0,1.1137953474405857,0.6648240933323804,-0.3332613407114844,-2.1666319611417104,0.12758849062316238,-0.7985028366231554,0.22802444840628888,-0.6205664061462463,0.0027733194241429133,0.5428431594002917,587
0.0,0.3841653560507208,0.0576,0.0,0.05826890812397577,0.2853149261682657,0.11744500439534311,6.828341238341525,6.815163453064744,0.39402604307736266,10.808692347568496,8.453723154686502,-4.237080397204797,3.457787229754443,2.338700188254879,0.8412845757568931,-0.4031076438880232,-0.2126920223275121,0.8280210076927265,-0.05114817383893845,588
0.3323154110779112,0.2050312322435411,0.24009999999999998,0.0488266144487674,0.08065790301745447,0.42218689553501815,0.6351103454090994,1.046789542270546,0.06192402115437553,0.0,0.47024769317440096,0.6648240933323804,0.7479058551151316,-1.3527114290049882,0.2892904679181072,-0.14851762877469507,0.30873486696182006,0.8550646273045247,0.22829140642213183,-0.6351279674607249,590
0.0,0.6190821534750112,0.24009999999999998,0.0,0.06765864847381481,0.5425604642575216,1.4217960874769673,5.5383893940985125,1.486605090301532,0.0,0.9555828270820602,0.181133596355019,-1.5351868044638721,-0.1711669741263353,2.585038329831753,-1.2347187020365509,2.4323826912925877,-0.8905024905638013,-1.0446671308070907,0.8358520128115955,591
0.3323154110779112,0.2050312322435411,0.24009999999999998,0.0488266144487674,0.08065790301745447,0.42218689553501815,0.6351103454090994,1.046789542270546,0.06192402115437553,0.0,0.47024769317440096,0.6648240933323804,0.7479058551151316,-1.3527114290049882,0.2892904679181072,-0.14851762877469507,0.30873486696182006,0.8550646273045247,0.22829140642213183,-0.6351279674607249,592
0.6466769629007264,0.05295878168280805,0.3364,0.538710494163671,0.08984070399978947,0.0,0.0,3.633649609138793,0.017993464531129294,0.0,1.7757674294033978,0.6648240933323804,2.0053873320855775,-1.1724391886310357,-1.0780818565334613,0.5179558594486876,-0.16017557711409858,1.0603640809163346,0.17975550479743527,-0.15221138373677143,593
0.29040662823005287,0.12559704663894825,0.16809999999999997,1.6011699781696676,0.08250122151174369,0.8768430875563626,1.0730827627400388,2.5425449886878995,0.06853998294379059,0.0,1.1137953474405857,0.6648240933323804,2.029275396993853,-3.061966037100055,2.065311708269675,2.664983551957974,-0.13746934625020035,0.7038695266975443,-0.5685057957229932,0.6855024925366261,595
1.2058879777931633,0.5345784794872352,0.2601,0.0,0.05732506661926941,0.0,0.0,1.923078384196642,2.9925919096937097,0.0,1.1137953474405857,0.181133596355019,3.149619379858126,0.6097845624730365,-1.350510381094827,-0.5455603284357952,1.018057086831015,0.12550019870838303,0.5778598875771155,0.054070463038159974,596
0.10263334224906732,0.08923826112298336,0.0324,0.0,0.07510747248680541,0.0,0.0,0.000249560195638818,0.5021385692059677,0.0,0.3520539560990836,0.181133596355019,0.24912118107790263,0.1656727839284333,-1.3573266118588874,0.014853447884254986,0.8839120600075412,-0.1257735143055967,0.28408125885807445,0.8917622894072209,598
0.0,2.8576303529258085,0.0,0.0488266144487674,0.07788653865707124,0.0,0.0,0.15981801108275867,0.004943337316125731,0.0,1.1137953474405857,0.6648240933323804,-0.17636131257153514,-1.2378773586676395,-2.213711353289212,0.5167684738642553,-0.26696985957508407,-0.4065920156139552,0.08159907837372546,0.5988317690599871,602
0.0,0.07338314643238054,0.016900000000000002,0.2400326664001431,0.0916671885258238,0.0,0.4194845680225318,0.7521895383020997,0.8101978546601726,0.0,1.5380327981526363,0.181133596355019,1.13681203298814,-0.8402952191221891,-0.13560610506019433,-0.1531204824230849,0.15181992049641585,0.038679044009133315,0.4852010120685103,1.1561329923243864,604
0.2466643809766059,0.08167978205347286,0.16809999999999997,0.4487122455572867,0.0880108773227133,0.6996635591645785,0.17027312080173776,0.5827736546089219,4.196476200635395e-05,0.0,0.002861373273662736,0.181133596355019,0.5308906084643085,-0.37520343401184436,0.7610264093863819,0.6933058759017904,0.6436106234261301,0.44811336020787834,0.7152233966138813,-0.20255077928924844,607
0.7048924198238723,0.4363609548551842,0.1369,1.062573389725466,0.10436001532424277,0.0,0.4588075223140107,9.296588278259039,0.0032893468687716027,0.0,0.001514216173531351,0.181133596355019,2.471359165165237,-0.9076004741702348,0.041541460944040036,2.233377722219087,-0.8204068144381594,0.12048283442351766,1.0677936185237353,-0.12487400497785907,608
0.0,0.9097816245164132,0.0361,0.4004814320491596,0.07232066157962612,0.0,0.0,0.34481102633060623,2.5258529156965137,0.0,4.353048290389135,0.181133596355019,-2.055399034033333,1.3120175124338447,0.7293903267985752,1.4409403747651521,0.2941277690538991,0.9143861710754158,-0.22492009001630003,-0.7420105362921653,609
0.2466643809766059,2.6304062448531313,0.2916,0.0,0.07973496801885356,0.6499885853699919,0.2912886209505227,0.6647831845602733,0.2541861521208982,0.0,1.3173754374983664,0.6648240933323804,0.6801040391102248,-1.0175760836738708,0.4018287245472744,-0.5213137939307029,0.5818829452271063,2.071905028502629,0.16104152506647426,-0.676685502339595,610
1.3343417241674131,0.7097839023091328,0.30250000000000005,0.11670607820206329,0.07788653865707124,0.0,0.0,4.04052573961289,4.464329719994997,0.0,0.9272925279793011,0.6648240933323804,3.938344295906975,-0.018769287932804062,-1.8602670759428481,-0.06691068169170904,1.2476514474887879,0.3188485923498658,-0.2038064126419887,-0.6468539381477599,611
0.0,0.3659127576843181,0.0,0.0,0.07417939817425151,0.20914565395635606,0.0,0.014325685378619286,0.0032893468687716027,0.0,0.16689829373793028,0.181133596355019,-0.49466241238781333,-0.18437591365084677,-0.3584846271951997,0.10271865854489555,0.0009894124368886614,-0.12734880583983463,0.5492535056434829,0.5771246886797077,612
0.5524596693304464,0.1461007174643103,0.25,0.0,0.07603468627599762,0.7921722744537854,0.5682711825506759,2.3795831018794127,1.4551792718018106,0.0,0.47024769317440096,0.6648240933323804,0.5002699081534314,-1.9205225811287194,0.26624419597717497,0.14665069359164234,-0.19970257366375754,0.633072200849929,1.2633974061941506,-1.3790492390275917,616
1.0384127510221777,1.5182422398456628,0.2601,0.0,0.07603468627599762,0.0,0.0,0.5827736546089219,3.2175096580917177,0.954730776801224,0.3520539560990836,0.181133596355019,2.937266647388759,1.2455119836687145,0.08870210506040097,-1.2590854671548524,-0.21810439744897794,-0.07869905691547269,-0.21875176513920008,-0.018453478946999433,617
0.9970545016232787,0.8066837259896001,0.16809999999999997,0.0,0.08434114843375087,0.0,0.0,1.1557831911742777,1.990234487616968,0.6070741818604354,1.1137953474405857,0.6648240933323804,2.7584575027930653,0.3488809936314172,-1.307350742059848,-0.8957705418820694,-0.19224496132621902,0.3724126294686414,-0.6703189850725937,-0.3106116244046125,619
0.0,0.0023249025246693767,0.0576,0.49472348894674767,0.07325046173959267,0.03682537009038924,1.1038963243083657,0.20404977450078587,0.06853998294379059,0.0,0.9272925279793011,0.6648240933323804,0.6550625439340075,-1.9029436822058825,0.7095741630856476,-0.09793956182235657,0.22878282846949138,0.22884075575914223,-0.41312844818165473,0.400995364643721,620
0.0,0.025457874785833744,0.0529,0.49472348894674767,0.07510747248680541,0.0,1.0195180955220389,0.20404977450078587,0.03919234640701822,0.0,0.9272925279793011,0.6648240933323804,0.5912617283199322,-1.790116744720871,0.4506490781369547,-0.0244576961207643,0.06708603682466842,0.2048225913282948,-0.42969035174906123,0.4457568600766647,621
0.6762082614831358,0.07338314643238054,0.0484,0.0,0.07696104113612832,0.0,0.0,0.12098307145516621,1.3350261338514937,0.0,0.7578669791145087,0.6648240933323804,1.2040947689374961,-0.5685525320044875,-1.4879600098281462,-0.5126616225013165,0.7985599544125467,-0.2941670858229415,-0.2715170808025738,0.00030579931871750214,622
0.0,0.7801344920021048,0.0,1.1825128743555846,0.11689375147149933,0.42218689553501815,0.313828630344137,2.3795831018794127,0.9043719357563667,0.31157001331400547,0.05005171376274625,0.6648240933323804,0.2569158361767466,-1.826977503039002,0.6020436238267095,2.017930665574568,-1.6642901502691438,0.526788413428167,-0.19516166448059327,0.054601389764158965,625
0.2466643809766059,0.1461007174643103,0.0841,0.0,0.0934903430873389,0.0,0.0,1.1557831911742777,0.09776642190467841,0.0,1.5380327981526363,0.6648240933323804,0.5409598468644571,-0.8689342882212016,-2.1885903115480785,0.2175029988035898,0.0027116943472871016,0.7882115200895381,0.38821494183928773,-0.061842462591798535,626
0.2466643809766059,0.1461007174643103,0.0841,0.0,0.0934903430873389,0.0,0.0,1.1557831911742777,0.09776642190467841,0.0,1.5380327981526363,0.6648240933323804,0.5409598468644571,-0.8689342882212016,-2.1885903115480785,0.2175029988035898,0.0027116943472871016,0.7882115200895381,0.38821494183928773,-0.061842462591798535,627
0.200920876370925,0.0023249025246693767,0.06760000000000001,0.0,0.0925791812930931,0.0,0.0,0.20404977450078587,0.06853998294379059,0.0,1.1137953474405857,0.181133596355019,0.6859548582970232,0.01244789383362883,-1.0527304816188112,-0.04084340316826133,0.05849216105976925,0.37975755255059135,0.4653961669104806,0.8194708135932346,628
0.0,0.7317394843681883,0.0529,0.0,0.10526051065749295,0.35609082721260205,0.7709274196202452,0.02945898365584165,0.41574965004300457,0.0,1.1137953474405857,0.6648240933323804,-0.04916450922055693,-1.8507282880395128,0.13604794792321342,-0.7004320354545267,0.30204718646937484,-0.5340161951062978,-0.27208158226186674,0.5886826689475799,629
0.200920876370925,0.0023249025246693767,0.06760000000000001,0.0,0.0925791812930931,0.0,0.0,0.20404977450078587,0.06853998294379059,0.0,1.1137953474405857,0.181133596355019,0.6859548582970232,0.01244789383362883,-1.0527304816188112,-0.04084340316826133,0.05849216105976925,0.37975755255059135,0.4653961669104806,0.8194708135932346,630
0.7863157308235277,1.9576955071993605,0.2916,0.11670607820206329,0.09984533496971613,0.0,0.0,1.1557831911742777,0.15168151999999027,0.0,0.7578669791145087,0.6648240933323804,1.9045572151160595,0.25391669398690564,-1.2989292931370333,-0.18869875662350966,0.20637638641849987,1.4037825682542688,-0.49356968410741303,-0.48279157627307,631
0.0,0.45627288034580543,0.019600000000000003,0.29642485248943906,0.08342160813907239,0.42218689553501815,0.0,0.02945898365584165,0.0032893468687716027,0.0,0.002861373273662736,0.181133596355019,-0.2973879371153826,0.20813610902071727,0.5685295784089808,0.2682450836793968,0.5310091599623595,0.6746826233048948,0.08925747556507908,0.2730590372837245,632
0.7048924198238723,5.0496502877574345,0.0484,0.49472348894674767,0.09984533496971613,0.0,0.7987582329804733,4.919039886046781,0.5768283576615741,0.0,0.6284203715484423,4.2285047744051445,0.8986459895945176,-2.4035779611820747,-0.744783723553103,1.5870543599547788,-1.0520460008946162,-1.3239947424457115,0.08763138109048105,-1.9655122470039765,633
0.0,1.019077597889572,0.04409999999999999,0.0,0.07045846364856141,1.3773046468289059,0.9972621735942436,0.02945898365584165,0.06853998294379059,0.0,0.7578669791145087,0.6648240933323804,-0.09852804223969995,-2.0029484133443782,2.357854560600447,-1.471951610704616,1.1759372029510684,0.8179065306427113,0.12406312449204834,-0.5736955247732928,634
0.200920876370925,2.952510921907319,0.0,0.0,0.06297479916138844,0.5977164317993333,0.0,0.477617274904126,0.06853998294379059,0.0,0.47024769317440096,0.6648240933323804,-0.6743737650074019,-1.377589842254068,-0.8783381736896826,-0.5609533461298064,0.4778025996582951,-1.2045797016606263,0.32275764368713,-0.16848548909352118,635
0.5524596693304464,3.767338147376513,0.07840000000000001,0.0,0.08250122151174369,0.8768430875563626,1.4069664386793117,0.3691260074977169,0.2054754205194157,0.0,0.9272925279793011,0.6648240933323804,0.5834715462732006,-3.4255133934620314,1.2106788646464481,-0.35532090208812084,0.7681077346940791,-1.5334371727430127,0.8374604450978489,-0.14790321641779108,636
0.5189723484619305,3.8761643847623,0.0729,0.0,0.08065790301745447,0.9166334959107316,1.3919135567770249,0.30870377270826505,0.2054754205194157,0.0,0.9272925279793011,0.6648240933323804,0.49522471105709615,-3.4293447064452907,1.2193650652145958,-0.41816109599332113,0.7763375719208379,-1.5554856402518282,0.8625777853578895,-0.15805596048318613,637
0.29040662823005287,1.8050130099017827,0.12249999999999998,0.0,0.06485097231961633,0.6499885853699919,0.2912886209505227,0.019611550849729795,0.6993626715145513,1.633440388562628,0.017244329669892283,0.181133596355019,1.6295022410223174,1.3529159883559567,2.123999150614651,-2.3030564035909347,-2.4288789895960328,-0.24106060427866127,-0.6538401952950855,-0.12310948871161943,639
0.6466769629007264,0.0023249025246693767,0.2025,0.0,0.06859279146561172,0.03682537009038924,0.0,1.515145080628323,0.2541861521208982,0.0,0.9272925279793011,0.6648240933323804,1.009521941895948,-1.0160833954275938,-0.815643537456229,-0.07600395681451831,-0.26919588762335345,0.6822246092693716,0.5684710112022706,-0.8097829703344116,640
0.6466769629007264,0.0023249025246693767,0.2025,0.0,0.06859279146561172,0.03682537009038924,0.0,1.515145080628323,0.2541861521208982,0.0,0.9272925279793011,0.6648240933323804,1.009521941895948,-1.0160833954275938,-0.815643537456229,-0.07600395681451831,-0.26919588762335345,0.6822246092693716,0.5684710112022706,-0.8097829703344116,642
0.6466769629007264,0.0023249025246693767,0.2025,0.0,0.06859279146561172,0.03682537009038924,0.0,1.515145080628323,0.2541861521208982,0.0,0.9272925279793011,0.6648240933323804,1.009521941895948,-1.0160833954275938,-0.815643537456229,-0.07600395681451831,-0.26919588762335345,0.6822246092693716,0.5684710112022706,-0.8097829703344116,644
0.0,3.0489410096004153,0.0001,0.0,0.06765864847381481,0.0,0.0,0.000249560195638818,0.0032893468687716027,0.0,0.2657562177217061,4.2285047744051445,-0.6275096781149847,-0.9151171035713451,-2.217181097724303,0.5861724831908594,-0.32033939105722803,-1.1299424950977683,-1.0185523287863634,-0.9589672857480656,647
0.200920876370925,0.08167978205347286,0.09,0.18026934961129024,0.0639133257436528,0.0,0.0,0.02945898365584165,0.014685483636421763,0.06965473649295341,0.4904550496763695,2.7774332834730595,-0.0020608557279522253,1.7209869668431519,0.1130708820324517,0.618001445845783,0.051739718068446,-0.1046745442434249,0.6770023088246098,0.4828953113660807,648
0.0,0.3841653560507208,0.0729,1.7002080502514367,0.0657877405380031,0.5977164317993333,1.4144087526366795,1.0055597915958796,0.9291817924666731,0.0,0.6284203715484423,0.181133596355019,0.28152304181717785,-1.127134511298966,3.852947078821677,2.8235756202863294,0.9773628626554681,0.034338791305435254,-2.101098195646695,1.9678545362481876,649
0.8616055620766667,0.3182559066019819,0.1521,0.0,0.10074990310014306,0.0,0.0,0.943192717157289,7.221977375056627,0.0,0.6055187008462087,0.6648240933323804,2.636763747425322,-0.2677424576160527,-1.4005593595308083,-0.6193407084993595,1.707001847170408,-0.182221388254692,-0.7751599817101035,0.184714258077894,650
1.6756891590603655,0.9097816245164132,0.42250000000000004,1.539836473517822,0.0916671885258238,0.48418381194589716,0.5682711825506759,0.20404977450078587,4.464329719994997,0.7274510450063292,16.968634176206955,0.6648240933323804,3.995729990929401,1.717277581535839,2.6919343993593747,3.2071690499129737,1.0253768135991577,-2.124693176742026,-2.5729084364382806,-2.8511677277411906,652
0.48432465704599104,1.2562637691749257,0.34809999999999997,0.18026934961129024,0.07603468627599762,0.0,0.0,0.20404977450078587,1.486605090301532,0.0,2.0723412013547255,0.181133596355019,1.0362407505068998,1.5654667105233937,-0.12270366340206357,0.6248085507945436,1.3008861634017383,-0.007401072935527564,-0.5054343402035121,-0.3935193766245666,653
0.1529841784803131,0.11659885727048336,0.22089999999999999,0.0,0.07138999608667293,0.0,0.0,0.3691260074977169,2.1744084627105447,0.0,0.7578669791145087,0.6648240933323804,1.1616959337268962,-0.5241819533344747,-1.4938149291088385,-0.2268982980495489,1.1750994273601207,0.41057739055368603,-0.6569754388175956,0.4691087881510583,654
0.5848618305138175,0.010792351232078716,0.028900000000000006,0.2400326664001431,0.08342160813907239,0.35609082721260205,0.1956761943904252,3.633649609138793,1.1915959320623335,0.0,0.9272925279793011,0.6648240933323804,2.109257701362245,-1.4669433607567943,-0.3394083015075727,-0.04315779515984135,0.21628641592818715,0.17777480828581646,0.2163227603701012,-0.2657206180810579,655
0.8616055620766667,0.3182559066019819,0.1521,0.0,0.10074990310014306,0.0,0.0,0.943192717157289,7.221977375056627,0.0,0.6055187008462087,0.6648240933323804,2.636763747425322,-0.2677424576160527,-1.4005593595308083,-0.6193407084993595,1.707001847170408,-0.182221388254692,-0.7751599817101035,0.184714258077894,656
1.1348919442523937,0.03043585615848893,0.34809999999999997,0.0,0.07045846364856141,0.5425604642575216,0.0,0.4349450660776436,6.229422698088129,0.122946425483153,0.002861373273662736,2.7774332834730595,2.6136675461058574,1.1575166237249463,0.4780280261176964,-0.9572642735681366,1.447515397960641,-1.4128912793487687,1.1702287388874253,0.18006323108910674,657
0.0,0.003984229648887772,0.004900000000000001,0.0,0.07138999608667293,0.0,0.0,0.08754495561809479,0.0032893468687716027,0.6385539155203055,0.6055187008462087,0.181133596355019,-0.01324061749144772,0.6600927498846458,-1.073482089879706,-0.9155682890874909,-1.1033383895146178,0.3284654701897711,0.2777045233767133,0.7432759863625882,658
0.0,0.003984229648887772,0.004900000000000001,0.0,0.07138999608667293,0.0,0.0,0.08754495561809479,0.0032893468687716027,0.6385539155203055,0.6055187008462087,0.181133596355019,-0.01324061749144772,0.6600927498846458,-1.073482089879706,-0.9155682890874909,-1.1033383895146178,0.3284654701897711,0.2777045233767133,0.7432759863625882,660
0.0,0.3841653560507208,0.0961,0.0,0.07696104113612832,0.0,0.0,0.30870377270826505,4.196476200635395e-05,0.0,1.7757674294033978,0.6648240933323804,0.24311830599498413,-0.8361474950407626,-0.6812630587835713,-1.0844882137922431,-0.119828840657063,1.1452110077424797,-0.08234786218393189,0.09741116136313056,661
0.0,0.0463214731859342,0.0036,0.0,0.07325046173959267,0.0,0.0,0.059503663571498236,0.09776642190467841,0.22169899923487,0.6055187008462087,0.181133596355019,-0.33300687118280975,0.18289734674747554,-0.9285570303492351,-0.5490085680801794,-0.6778491719804636,0.32402001794223806,0.5856424383972765,0.6612651639794871,662
0.48432465704599104,0.10664289452517259,0.019600000000000003,0.0,0.08065790301745447,0.6499885853699919,0.06166965793063503,0.5061609484480453,1.1915959320623335,0.0,0.47024769317440096,0.6648240933323804,1.0520392160359775,-1.2765004863915237,-0.23875619357844552,-0.5580094852146466,0.8108222827623514,-0.30898172395992946,0.13857472422466496,-0.36717341081414845,665
0.0,0.05295878168280805,0.1296,0.0,0.20048886074940359,0.0,0.0,0.4349450660776436,0.6993626715145513,0.0,0.7578669791145087,0.181133596355019,0.8468560439817681,0.43349714347995927,-1.3756471286822343,-0.4672666382517939,0.25948259846191246,0.3693541781439007,0.3417413885324567,0.7946239301161896,666
0.9970545016232787,1.1345716461090758,0.2025,0.0,0.0788111804242897,0.0,0.0,1.1557831911742777,5.608463353413546,0.013362382868697018,1.3173754374983664,0.181133596355019,3.0887553856954395,0.9048175618314745,-1.2513759107312477,-0.9555038711464027,0.9533425156803244,0.18639101438330374,-0.009414141613653072,0.6042091006015922,667
0.9970545016232787,1.1345716461090758,0.2025,0.0,0.0788111804242897,0.0,0.0,1.1557831911742777,5.608463353413546,0.013362382868697018,1.3173754374983664,0.181133596355019,3.0887553856954395,0.9048175618314745,-1.2513759107312477,-0.9555038711464027,0.9533425156803244,0.18639101438330374,-0.009414141613653072,0.6042091006015922,669
0.0,1.2230772266905572,0.04409999999999999,0.0,0.07138999608667293,0.0,0.0,0.00130673328986092,0.5021385692059677,0.0,0.7578669791145087,0.6648240933323804,0.044741721957264835,-0.6574872834595571,-2.2382468250878738,-0.2509357844924544,0.34823814793904123,-0.5050907934019999,-0.21514796287997742,0.4490778286236312,671
0.0,1.2230772266905572,0.04409999999999999,0.0,0.07138999608667293,0.0,0.0,0.00130673328986092,0.5021385692059677,0.0,0.7578669791145087,0.6648240933323804,0.044741721957264835,-0.6574872834595571,-2.2382468250878738,-0.2509357844924544,0.34823814793904123,-0.5050907934019999,-0.21514796287997742,0.4490778286236312,673
0.8854930909232513,0.5345784794872352,0.16809999999999997,0.0,0.08065790301745447,0.0,0.0,0.7521895383020997,2.1744084627105447,0.06965473649295341,1.1137953474405857,0.181133596355019,2.34256737251241,0.7261136320448892,-1.1387882960803892,-0.6159284511308266,0.4916172780028076,0.2748710853210492,0.2064006921196997,0.46629275400187026,676
0.1529841784803131,2.2368528939796577,0.0121,0.0,0.08065790301745447,0.0,0.0,0.3691260074977169,0.32262357151473864,0.0,0.2509374896202608,0.6648240933323804,-0.2931811362073368,-1.3192542077642384,-1.590174881788258,0.6398814703225834,-0.000716621673534237,-0.3253761357238782,0.580893396350256,-0.3626558621103638,677
0.0,1.9162123290939006,0.010000000000000002,0.0488266144487674,0.07788653865707124,1.3523874492600176,0.8123884698944145,0.6647831845602733,1.1634780944573193,0.0,0.16689829373793028,0.6648240933323804,-0.5943252536235613,-2.89798549660002,1.4420478270517298,0.29912138773798524,0.0871944815124656,-0.2617973218819851,1.387196008176121,-1.1861287882281155,678
0.8854930909232513,2.2816547263335543,0.2025,0.4487122455572867,0.05826890812397577,0.35609082721260205,0.08994614192826365,0.059503663571498236,1.3350261338514937,0.0,0.6055187008462087,0.6648240933323804,1.8850127597966344,-0.39279469670209594,0.17827033563006792,-0.2596678604794795,1.435554922291833,0.9708573975187434,-0.7744510893759555,-0.3515173166057306,679
0.0,0.2050312322435411,0.0529,0.0,0.08984070399978947,0.03682537009038924,0.0,0.07591605158168345,0.41574965004300457,0.0,0.05005171376274625,0.181133596355019,-0.05678851632453685,0.34904975244857,-0.3562717976193559,-0.1384060907281545,1.137749198286041,0.33112692312450615,0.11976777221634023,0.5333199196810156,681
0.10263334224906732,0.15771600733383928,0.0961,0.0,0.07510747248680541,0.9549010302251432,0.313828630344137,0.4349450660776436,0.014685483636421763,0.0,0.3520539560990836,0.6648240933323804,0.24910375033943394,-1.418500744951083,0.6059157966146679,-0.38081879709415084,0.6193081794644378,0.7762213052034572,0.3725720736388237,-0.7915958955235539,682
0.0,1.9162123290939006,0.0529,0.0488266144487674,0.05732506661926941,0.0,0.0,0.019611550849729795,0.14175757731586763,0.0,0.6284203715484423,0.6648240933323804,-0.6745743462097455,-0.12977525804499582,-1.6803852077504322,1.0812881855195613,-0.2611882676019233,-0.8114199359941057,-0.2987927875121896,-0.552191663662611,683
0.616246959504358,6.2382714502936905,0.1024,0.0,0.07510747248680541,1.0616309829709105,1.443636193241255,0.4349450660776436,0.15168151999999027,0.0,0.9272925279793011,0.6648240933323804,0.4436781950340233,-3.9063709191938654,1.3271198337015973,-0.23164712686084907,0.95551097245475,-1.9114118523537837,1.2336761860487264,-0.3002405143677169,684
0.0,1.9162123290939006,0.0529,0.0488266144487674,0.05732506661926941,0.0,0.0,0.019611550849729795,0.14175757731586763,0.0,0.6284203715484423,0.6648240933323804,-0.6745743462097455,-0.12977525804499582,-1.6803852077504322,1.0812881855195613,-0.2611882676019233,-0.8114199359941057,-0.2987927875121896,-0.552191663662611,685
0.0,0.5130072268723961,0.0016,0.0,0.038258712117090345,0.0,0.0,0.07591605158168345,0.32262357151473864,0.0,0.9272925279793011,0.6648240933323804,-0.8951069920175243,-0.5651517187112954,-2.340622866195226,-0.08112282234444855,0.16892961143509283,0.38076743305981536,0.04927354058460873,0.19757197022627304,688
0.0,0.7097839023091328,0.2304,0.0,0.1458304482115395,0.0,0.0,0.20404977450078587,0.004943337316125731,1.1945894337762464,0.9272925279793011,0.6648240933323804,0.9539826803634387,0.6238890865033818,-0.8578309837671031,-1.4902704824008264,-2.0691961952250555,0.7377957599712321,-0.9526263853684149,-0.014673100313481836,689
0.4112056088378546,4.681334570387237,0.0576,0.0488266144487674,0.08342160813907239,0.0,0.8904846027501666,2.5425449886878995,1.1634780944573193,0.0,0.3520539560990836,0.6648240933323804,0.22304708276836582,-2.4896166417501306,-0.756338763306062,0.8484311830978201,-0.5966921151384789,-0.7473483915755395,1.2239146370303107,-0.602970292700944,691
0.1529841784803131,0.05295878168280805,0.2601,0.0,0.35206433138104914,0.03682537009038924,0.39922760605999,0.3691260074977169,3.2175096580917177,1.3879011656755285,1.7757674294033978,0.6648240933323804,2.141264504255649,-0.4112696562779597,0.48549732351222014,-2.254649820797891,-1.8529165747514176,-0.5969558576455297,-1.1699097883032992,0.5551623306389366,692
0.3323154110779112,0.08167978205347286,0.1024,0.18026934961129024,0.08065790301745447,0.42218689553501815,1.20024736395251,0.7521895383020997,0.0032893468687716027,0.0,0.9272925279793011,0.6648240933323804,0.8922929678883654,-2.020445616258614,1.0795780987713368,-0.4650361793786192,0.27138799944491077,0.4942811893390395,0.08987995998335682,-0.23371103362474624,693
0.3323154110779112,0.11659885727048336,0.0961,0.11670607820206329,0.08065790301745447,0.5977164317993333,1.2274309694467074,0.7521895383020997,4.196476200635395e-05,0.0,0.9272925279793011,0.6648240933323804,0.8875052823628,-2.123562350712062,1.2849667104790836,-0.5723730752497836,0.410942009783733,0.4980137830859651,0.15835654651475847,-0.3023535935298427,694
0.0,0.11659885727048336,0.0004,0.0,0.03343477608623739,0.20914565395635606,0.0,5.785586115366165,14.134156733834665,0.0,4.747172671208599,0.181133596355019,-4.792881165709767,1.4566119120188572,0.8495952365970368,0.435210607636444,-0.5984369794086181,0.7359044118089697,0.2968842460296525,-1.2671729573039234,695
0.0,0.4363609548551842,0.0004,0.0,0.0639133257436528,0.0,0.0,0.059503663571498236,1.0298506377764036,0.06965473649295341,0.7578669791145087,0.181133596355019,-0.7497856963522092,-0.11300683139488386,-1.1074797155329057,0.03636866674403352,-1.003687606180587,0.41931812112925915,0.8301416524351561,0.6834993768433717,697
0.48432465704599104,0.21690884220991508,0.07840000000000001,0.4004814320491596,0.08342160813907239,0.20914565395635606,0.585404443780831,3.0638115918562097,4.196476200635395e-05,0.0,0.47024769317440096,0.6648240933323804,1.2639963823335374,-1.8193158296114786,-0.22530018741343105,0.6058436486919108,0.15182165135699863,0.2846551183121956,0.5168172120521854,-0.49623468714132435,698
1.0974096959614783,0.7097839023091328,0.30250000000000005,0.0,0.06859279146561172,0.0,0.0,0.943192717157289,1.6463328014124616,0.0,0.10936646815301185,0.181133596355019,2.290657886577463,1.421479669258337,-1.0305120505184626,-0.025134827146180753,0.9097195141513813,-0.12069955263118673,0.1713651532063464,-0.5489025651837168,699
0.8371334258927943,7.400190867158242,0.18489999999999998,0.2400326664001431,0.07325046173959267,0.6996635591645785,0.8258354189080606,0.7521895383020997,2.1744084627105447,0.0,0.09993636845209211,0.181133596355019,1.4208352696683484,-1.8963983994707643,0.37617365926632207,0.518934794439021,0.674226999374533,-2.6557221036376197,1.2890228416310259,0.34853387270272596,700
0.0,0.4363609548551842,0.0004,0.0,0.0639133257436528,0.0,0.0,0.059503663571498236,1.0298506377764036,0.06965473649295341,0.7578669791145087,0.181133596355019,-0.7497856963522092,-0.11300683139488386,-1.1074797155329057,0.03636866674403352,-1.003687606180587,0.41931812112925915,0.8301416524351561,0.6834993768433717,701
0.0,0.3659127576843181,0.0004,0.0,0.06485097231961633,0.0,0.0,0.019611550849729795,1.0298506377764036,0.06965473649295341,0.9272925279793011,0.181133596355019,-0.7804885144076362,-0.11669116329488853,-1.0759283080541289,-0.028112917624411905,-0.9711864979687543,0.4814700581555752,0.8171241162255997,0.7185351273302164,702
0.0,0.7097839023091328,0.2304,0.0488266144487674,0.07045846364856141,0.48418381194589716,0.7709274196202452,0.059503663571498236,0.0032893468687716027,0.22169899923487,0.6055187008462087,4.2285047744051445,0.17207376550614767,-1.7722959541468895,0.6119691950649297,-0.9133094464758859,-0.16396657450188987,1.0287448378536184,-1.2817899528223335,-0.6529649364524072,703
0.37253826621486796,1.69200185190124,0.0016,0.0,0.07510747248680541,0.0,0.0,0.4349450660776436,0.017993464531129294,0.0,0.47024769317440096,4.2285047744051445,0.2736965648459592,-1.3402322328504483,-2.713179277085891,-0.09368602184862415,-0.10585727591050362,-0.4124479258236077,-0.4797581496493677,-0.7711266755590317,704
0.0496122560132309,7.861477707223624,0.0225,1.2690764699558095,0.07045846364856141,0.0,0.22044990654106972,1.389960960353166,0.14175757731586763,0.0,0.2509374896202608,0.6648240933323804,0.4425880921757138,-2.5028004161681343,-0.9275844921190558,2.9841154258949807,-0.7037454052100451,-0.9692173410465269,0.09196195592011777,0.610766117202643,705
0.0,1.9162123290939006,0.0064,0.0,0.08892620919440151,0.0,0.0,0.34481102633060623,0.32262357151473864,0.0,0.16689829373793028,0.6648240933323804,-1.4816233153669955,-0.8817895362021517,-1.7336935748758056,0.31677210199664285,0.14075037641469018,-0.3022476676438413,-0.033915935859604146,0.18353023489857734,706
0.0,0.05295878168280805,0.0361,0.29642485248943906,0.07417939817425151,0.03682537009038924,0.0,0.004589210891891607,0.14175757731586763,0.0,0.002861373273662736,0.6648240933323804,-0.6093888732886685,-0.5217804757169225,-0.3598668622524886,0.5184911922998676,0.39642433916937825,0.6979851986951326,-0.5080278734637511,-0.2654450685573198,707
0.0,0.005783867522580835,0.0144,0.0,0.0657877405380031,0.0,0.0,0.14396041466942477,0.034230375064955826,0.0,1.1447799607436075,0.181133596355019,-0.7387208377612919,0.9090481471246254,-0.14564240449518273,0.5643020337872097,0.20467918922307957,-0.32499680616008114,-0.06865822464080108,-0.09269875921154537,708
0.8371334258927943,7.552403628468449,0.18489999999999998,0.18026934961129024,0.07696104113612832,0.42218689553501815,0.7709274196202452,0.844992715834507,2.567202676880358,0.0,0.09993636845209211,0.6648240933323804,1.4898747689948464,-2.3526946903914823,-0.3339858349648311,0.3875383148538065,0.5715464207065768,-2.6171391904396666,0.3889334159308355,-0.13123517066347368,710
0.29040662823005287,0.035114914630090664,0.11560000000000002,0.29642485248943906,0.08892620919440151,0.03682537009038924,1.1038963243083657,2.5425449886878995,0.19389748738793933,0.0,0.7578669791145087,0.6648240933323804,0.9934265996166676,-2.1067270541624272,0.46332117244069365,0.11560755932786547,-0.22655549053930255,0.4902981699644207,0.4348315925652282,-0.3565253483986592,711
0.6466769629007264,1.3493080974785343,0.07840000000000001,0.0488266144487674,0.07510747248680541,0.42218689553501815,0.6669260031341623,0.4349450660776436,0.03919234640701822,0.0,0.3520539560990836,0.6648240933323804,0.6703716541151068,-1.9023150528448647,-0.18261394065672779,0.21720590494658248,0.6103913563755032,-0.6764481112558279,0.48928288822488875,-0.4748311017551718,714
0.0,0.15771600733383928,0.0121,0.0488266144487674,0.07603468627599762,0.0,0.08994614192826365,0.00130673328986092,0.41574965004300457,0.0,0.16689829373793028,0.6648240933323804,0.16460788312166919,-0.5435210461796071,-0.45713065626973676,-0.2444268830378849,0.5253871488613753,0.42586106997808393,-0.8279934889479746,0.27639333597703764,717
0.0496122560132309,0.025457874785833744,0.0016,0.0,0.0788111804242897,0.0,0.0,0.20404977450078587,0.33750948554092247,0.0,0.6055187008462087,0.6648240933323804,0.32555454792415695,-0.7165063475387601,-1.650721837428093,-0.09099706367014959,0.8763891972689396,0.35563054721137705,-0.11037778899644599,0.09548388855367108,718
0.0,0.5130072268723961,0.0,0.6975368785261739,0.08250122151174369,0.12669271367382126,0.0,0.20404977450078587,0.9043719357563667,0.0,0.7578669791145087,0.6648240933323804,-0.5180531993355048,-1.6397907727356302,-0.4608482409405889,1.0412513628054503,-0.47807542463046754,0.7155636052007064,0.03225603054944001,0.24762255015673562,719
0.0496122560132309,0.025457874785833744,0.0016,0.0,0.0788111804242897,0.0,0.0,0.20404977450078587,0.33750948554092247,0.0,0.6055187008462087,0.6648240933323804,0.32555454792415695,-0.7165063475387601,-1.650721837428093,-0.09099706367014959,0.8763891972689396,0.35563054721137705,-0.11037778899644599,0.09548388855367108,720
0.29040662823005287,0.08167978205347286,0.0576,0.2105973983345223,0.08984070399978947,1.0616309829709105,1.0412894561813673,0.5827736546089219,1.8142092671842687,0.0,1.3173754374983664,0.6648240933323804,1.3340591870739276,-2.369597602202994,1.4960678197776875,-0.7345230357478378,1.3228684002894686,0.15895980709469504,-0.004666111842696967,0.054614161457998196,721
0.0,1.5182422398456628,0.09,0.0,0.05164323315183845,1.0948180332928596,1.2451513365797056,0.014325685378619286,5.608463353413546,1.8942103627809197,0.7578669791145087,0.6648240933323804,2.1003903451879613,-0.4919120121777367,3.982600044108873,-3.8410987843802546,-3.0240783071383714,-0.9689155626550859,-2.2264963662086252,0.6148779092223934,723
0.3323154110779112,0.5130072268723961,0.028900000000000006,0.29642485248943906,0.07417939817425151,0.0,0.0,0.20404977450078587,0.017993464531129294,0.0,0.001514216173531351,0.6648240933323804,0.37233521544194975,-0.2542502653015864,-1.7280191420033288,0.8547193877735073,0.026989511853864993,-0.1968734023024748,-0.3719144522612236,-0.22378090988247584,725
0.0,1.1030444307489253,0.0081,0.18026934961129024,0.08065790301745447,0.20914565395635606,0.08994614192826365,1.923078384196642,0.5768283576615741,0.31157001331400547,0.36956699840079166,0.181133596355019,0.059804781682950586,-0.30483354634552123,0.15538180580256195,0.9107148689361908,-1.0831265481833705,-0.48926939127958435,1.1111155854833084,-0.49032477877174685,726
0.0,0.0463214731859342,0.0004,0.0,0.06485097231961633,0.0,0.0,0.019611550849729795,0.9043719357563667,0.122946425483153,0.7578669791145087,0.6648240933323804,-0.9323872667617562,-0.2735580368348685,-1.778174631545372,-0.3293984357976893,-1.1127631428179117,0.8820540230707706,-0.22447027897838742,0.22277754163401442,727
0.0,0.0463214731859342,0.0004,0.0,0.06485097231961633,0.0,0.0,0.019611550849729795,0.9043719357563667,0.122946425483153,0.7578669791145087,0.6648240933323804,-0.9323872667617562,-0.2735580368348685,-1.778174631545372,-0.3293984357976893,-1.1127631428179117,0.8820540230707706,-0.22447027897838742,0.22277754163401442,728
0.0,3.450156547488666,0.0009,0.4004814320491596,0.06859279146561172,0.7469872683844655,0.313828630344137,0.8079916575367286,3.642171705449754,0.0,4.353048290389135,0.181133596355019,-2.953495462574973,-0.3564643514449875,0.9725196470003619,1.9637807102283704,-0.012130732308496981,-1.17585694189094,0.7964786882829474,-0.7529327436790206,729
0.5189723484619305,0.010792351232078716,0.43560000000000004,0.0,0.32714314133269456,0.0,0.0,0.5827736546089219,0.8101978546601726,0.06965473649295341,0.6055187008462087,0.6648240933323804,1.3755008785488259,-0.5907829290661236,-0.9080359830435293,-0.4597205705629174,0.04611293636484753,-0.0738950132492592,-0.318677498616174,-0.1265468121577777,730
0.29040662823005287,3.6600614287023108,0.016900000000000002,0.5169588291379361,0.08434114843375087,0.0,0.0,1.923078384196642,0.6778607956989522,0.0,0.9555828270820602,0.6648240933323804,-0.03491312350748643,-0.5701999462283345,-1.9251266459115803,2.1846039126523715,-0.6499123774063941,-0.8039195440929444,0.32265348448132136,-0.9997119285626477,731
0.0,2.8576303529258085,0.0009,0.0,0.0880108773227133,0.0,0.0,0.004589210891891607,0.2541861521208982,0.0,0.6055187008462087,0.6648240933323804,-1.0476229253773994,-1.2668219000637835,-1.9483389045568686,0.40104333965374506,-0.04188651878426591,-0.3431241908636174,0.2879583626487099,0.26463127323705304,732
0.0,0.2050312322435411,0.11560000000000002,0.11670607820206329,0.0788111804242897,0.03682537009038924,0.585404443780831,0.4349450660776436,2.327035421728514,0.0,0.7578669791145087,0.6648240933323804,-0.5944752094682075,-1.350604960960516,0.07703195931682358,0.02876090331709467,-0.5698924663820912,1.5722811576532951,0.19946151443443869,-0.2918858303104371,733
0.0,0.025457874785833744,0.04000000000000001,0.0,0.07232066157962612,0.0,0.0,1.046789542270546,1.1634780944573193,0.0,1.1137953474405857,0.6648240933323804,-0.11101341257835466,-1.0069623375496919,-1.253581338253306,-0.13548312139330784,-0.7967322192223875,1.0414970920572264,0.4300622386736739,-0.2637774673873322,734
0.0,5.828118727710661,0.010000000000000002,0.0,0.10616019582839055,0.0,0.0,0.0499891057235251,0.10603637414144908,0.0,0.7578669791145087,0.6648240933323804,-0.6678565375437138,-1.516015438456378,-1.9967751087558367,0.24640693265765595,0.07374508963963922,-1.2998318387473922,0.16275892196695838,0.5943037666743765,736
0.0,0.10664289452517259,0.0,0.0,0.08892620919440151,0.2853149261682657,0.313828630344137,3.248360773826596,1.4551792718018106,0.0,1.1137953474405857,0.181133596355019,0.43797269210639217,-1.0916926472762658,-0.046705558035170895,0.2583140360105678,-0.9503966440015422,0.9085775312560694,1.7280966711873198,-0.05840484112245449,737
0.3323154110779112,0.7801344920021048,0.0,0.0,0.08434114843375087,0.2853149261682657,0.0,1.389960960353166,0.06192402115437553,0.0,1.1137953474405857,0.6648240933323804,0.6268682288037982,-1.5439628176665088,-0.8954492455157603,0.07502566370049014,-0.360306826606691,0.11842898465597625,0.6719170288418843,-0.38712002176380633,739
0.0,1.6203640635935261,0.0841,0.8020244992227875,0.07232066157962612,0.0,0.0,0.014325685378619286,0.7870419883972198,0.122946425483153,0.9555828270820602,0.181133596355019,-0.6168172991149108,0.500272038399797,-0.33987978491822946,1.928120851074004,-0.8871103726841835,-0.7345011619008552,0.1665444113692118,-0.06321468336372645,740
0.4112056088378546,5.552866360572911e-05,0.0576,0.0488266144487674,0.07510747248680541,0.7921722744537854,1.345345668016656,0.35660981463657465,0.41574965004300457,0.0,0.7578669791145087,0.6648240933323804,0.9562137812814984,-2.4448800171947878,1.6224279829370216,-0.7324277341765746,0.974599879137854,-0.13934766922949046,0.08357457087966966,-0.16100173865059103,741
0.9539116751161125,0.6190821534750112,0.2916,0.11670607820206329,0.09075436326846414,0.42218689553501815,0.9859456665095397,3.0638115918562097,1.3350261338514937,0.0,0.7578669791145087,0.6648240933323804,2.5431786770525893,-1.6483641746143993,0.5338312048098458,-0.37342219122552645,1.342119565984653,0.4897925111856975,0.21243822271074284,-0.6694496012591233,744
0.0,0.014111005480515507,0.0324,0.0,0.06765864847381481,0.0,0.0,0.2433208983643382,1.77947546778984,0.35364766214801746,0.7578669791145087,0.181133596355019,-0.479509768312279,0.08507365961721829,-0.5577562597532895,-0.18714901221280095,-1.1976847214852602,1.0641918743595964,0.890465030958566,0.26197618924453225,745
0.0,1.1345716461090758,0.1444,0.0,0.07696104113612832,0.0,0.2912886209505227,0.30870377270826505,0.004943337316125731,0.0,1.7757674294033978,0.181133596355019,0.5831483160930534,-0.36820341957206865,-0.29341012004520545,-0.2590234947424654,0.8910019805055053,1.4993166485510914,0.5491132583316186,0.8074043909088304,746
0.0,0.03043585615848893,0.0324,0.0,0.06859279146561172,0.0,0.0,0.20876977615104364,1.77947546778984,0.31157001331400547,0.6055187008462087,0.181133596355019,-0.5508919768929047,0.1004891462458394,-0.4808868716088306,-0.17070753872129252,-1.1207128704277818,1.075049309065254,0.8473124101381777,0.24810780853698947,748
0.0,0.014111005480515507,0.0324,0.0,0.06765864847381481,0.0,0.0,0.2433208983643382,1.77947546778984,0.35364766214801746,0.7578669791145087,0.181133596355019,-0.479509768312279,0.08507365961721829,-0.5577562597532895,-0.18714901221280095,-1.1976847214852602,1.0641918743595964,0.890465030958566,0.26197618924453225,749
0.0,0.4363609548551842,0.010000000000000002,0.2400326664001431,0.08525984395082342,0.12669271367382126,0.0,0.45574316429074874,0.017993464531129294,0.0,0.7578669791145087,0.6648240933323804,0.3728627078224323,-1.3697530129143556,-0.7699533491448096,0.2835642147282245,0.06779167492784521,0.14361494381186582,0.07409490257788406,0.06219429362996715,750
0.0,0.0023249025246693767,0.016900000000000002,0.0,0.0925791812930931,0.5977164317993333,0.47790394060861674,0.3382402871291816,0.2541861521208982,0.0,0.9272925279793011,0.6648240933323804,-0.10355214733734497,-1.623452342731621,0.2589081678517309,-0.30223162220578725,-0.17319027902882536,0.7320995996531101,0.2425068619440973,-0.19481645556482877,752
0.0,0.4363609548551842,0.010000000000000002,0.2400326664001431,0.08525984395082342,0.12669271367382126,0.0,0.45574316429074874,0.017993464531129294,0.0,0.7578669791145087,0.6648240933323804,0.3728627078224323,-1.3697530129143556,-0.7699533491448096,0.2835642147282245,0.06779167492784521,0.14361494381186582,0.07409490257788406,0.06219429362996715,753
0.0,0.08167978205347286,0.4624000000000001,0.0,0.3471295310952009,0.0,0.0,0.007836181831729775,1.990234487616968,1.2122051082564902,1.5380327981526363,0.181133596355019,1.186174062952293,0.6648368120421742,0.11073232512214766,-1.974471181177218,-1.419112031412002,-0.3600800617777137,-0.46684749838119804,1.2381023992745213,754
0.0,4.443538352365036,0.004900000000000001,0.0,0.05638033343610754,0.48418381194589716,0.032570289690610876,0.5913886237842115,1.6132529924653793,0.0,0.056787499263402444,0.181133596355019,-2.0281919083201014,-0.8960258160809416,-0.40107088084401543,0.7614121992609234,0.43002983917191095,-1.0988891951955875,1.4284459664308133,-0.10885397822640709,755
0.0,6.2382714502936905,0.0001,0.0,0.055434706888100586,0.0,0.0,0.9239420625528132,3.402610438177341,0.0,0.4904550496763695,0.181133596355019,-2.975539613249581,-0.5278475528443689,-0.8984956600925295,1.203025865992171,-0.24635773167305947,-1.160645403487913,1.2020403767030463,0.060529521405882816,756
0.0,3.5543342287396955,0.0,0.0,0.08065790301745447,0.0,0.0,0.007836181831729775,0.15168151999999027,0.0,0.3520539560990836,0.6648240933323804,-0.3860751119454049,-1.2707754233303414,-1.7199919182179946,0.26911137460672213,0.2675567028107578,-1.0772234533140441,0.005610944523911839,0.3636791348921222,757
0.0,3.5543342287396955,0.0,0.0,0.08065790301745447,0.0,0.0,0.007836181831729775,0.15168151999999027,0.0,0.3520539560990836,0.6648240933323804,-0.3860751119454049,-1.2707754233303414,-1.7199919182179946,0.26911137460672213,0.2675567028107578,-1.0772234533140441,0.005610944523911839,0.3636791348921222,758
0.2466643809766059,0.3841653560507208,0.04409999999999999,0.0,0.0880108773227133,0.9917579743817846,0.8258354189080606,0.6068098470963094,0.5966762430298194,0.0,1.3173754374983664,0.6648240933323804,1.0208022029233628,-1.9876365680429302,1.085265570160219,-0.7605214659219132,1.1507600119690202,0.7001260998205816,0.16261518316707832,-0.22250865906936396,759
0.3323154110779112,0.07338314643238054,0.0625,0.18026934961129024,0.07232066157962612,0.0,1.0195180955220389,0.30295837453775787,0.2674180756997283,0.0,0.47024769317440096,0.6648240933323804,0.8472165410347755,-1.5306116744288982,-0.048835733895624144,-0.1351607798256136,0.49703768495888834,-0.1799918757026785,-0.3563556990117517,0.2117668885314543,760
0.44843328352162587,0.473909331507997,0.06760000000000001,0.0,0.0916671885258238,0.0,0.0,0.11386370238454506,0.15168151999999027,0.0,0.6055187008462087,0.6648240933323804,0.39794854943733216,-0.8763013417219186,-1.9256861399363352,0.10138988546216819,0.9106474420576911,-0.11433940907176102,0.03948069021324138,0.0267956743145344,761
0.2466643809766059,0.8815730634046994,0.0,0.0,0.06672363204290818,0.0,0.0,0.021093458225716396,4.196476200635395e-05,0.0,0.16689829373793028,0.181133596355019,-0.11314697661207986,0.09237293543458676,-1.5304701760027504,0.12059480900443613,0.2817937796386275,-0.44560983341946303,0.8648007527499048,0.3402589989205194,762
0.37253826621486796,0.6848939954458569,0.0121,0.18026934961129024,0.08892620919440151,0.0,0.0,1.2468638234263794,4.196476200635395e-05,0.0,0.7578669791145087,0.181133596355019,0.8146198578176588,-0.7036185183744322,-0.8858873446012377,0.560192695016042,-0.008467268088203998,-0.04963116875850446,1.0851372026679393,0.48397065259245226,764
0.4112056088378546,0.5958515737359537,0.010000000000000002,0.29642485248943906,0.08709470685093376,0.0,0.06166965793063503,1.2468638234263794,4.196476200635395e-05,0.0,0.7578669791145087,0.181133596355019,0.8729185952844553,-0.7826419322837637,-0.7277345121373731,0.6552268728240869,0.07019097759867343,-0.0049389853410521075,1.067106893204588,0.48114005691213985,765
0.2466643809766059,0.10664289452517259,0.0324,0.2400326664001431,0.08525984395082342,0.0,0.6188146964961719,0.11386370238454506,1.1915959320623335,0.0,0.9272925279793011,0.6648240933323804,0.9459857252912431,-1.4035133277367402,-0.43159094250324864,-0.17457417005774029,0.7562219955360652,-0.20451306271944258,-0.5122648644775721,0.5477246517120852,766
0.0,0.10664289452517259,0.0004,0.0,0.0788111804242897,0.5977164317993333,0.90292761449833,0.13586942845134478,2.327035421728514,0.0,0.47024769317440096,0.181133596355019,-1.0782753428042782,-1.4330962514124972,0.8877616187067877,0.08558822911692548,-0.037611294821245464,0.704652980865439,1.423103263582035,0.13281499510151412,768
0.0,1.1030444307489253,0.0001,0.0,0.07325046173959267,0.0,0.0,0.0006857444316519885,0.2541861521208982,0.0,0.6055187008462087,0.6648240933323804,-0.6471489456723888,-0.9394485049056231,-1.702203425166632,0.000810860513329955,-0.13685234436921043,-0.0760011520769435,0.10562174326376403,0.09631071199173859,769
0.0,0.10664289452517259,0.0004,0.0,0.0788111804242897,0.5977164317993333,0.90292761449833,0.13586942845134478,2.327035421728514,0.0,0.47024769317440096,0.181133596355019,-1.0782753428042782,-1.4330962514124972,0.8877616187067877,0.08558822911692548,-0.037611294821245464,0.704652980865439,1.423103263582035,0.13281499510151412,770
0.48432465704599104,0.7317394843681883,0.06760000000000001,0.0,0.0788111804242897,0.5425604642575216,1.3766306181947685,0.30870377270826505,0.03919234640701822,0.0,0.9272925279793011,0.6648240933323804,0.6240629035049343,-2.7373358791647795,1.064141476604897,-0.5123043344235888,0.7076467473036934,-0.6149775650522669,0.43354423866407554,-0.13456577247619217,771
0.5189723484619305,0.0463214731859342,0.0729,0.0,0.0788111804242897,0.5425604642575216,1.3843012832282289,0.3203564737629304,0.06853998294379059,0.0,0.9272925279793011,0.6648240933323804,0.7915840781561777,-2.481124071510674,1.226730802924019,-0.7308152120534249,0.896393296925205,-0.18688290392552764,0.28952871076288655,-0.22539411909810012,772
0.0,0.5345784794872352,0.0841,0.0,0.1458304482115395,0.0,0.0,0.08754495561809479,0.004943337316125731,0.9318826106865664,0.7578669791145087,0.181133596355019,0.6635644655240558,0.8891192872429348,-0.529811714868668,-1.1667440242024414,-1.3417118341188337,0.5529321668185382,-0.16920306987160882,0.8064596311343559,773
0.0,6.806835009033277,0.0,0.29642485248943906,0.09712671073072274,0.0,0.0,0.2044359094521948,0.5768283576615741,0.0,0.16689829373793028,0.6648240933323804,-1.4958140368269415,-1.3666028896039981,-2.131275289778296,1.3006260674914782,-0.30949651264179834,-1.0094501768017692,0.11089874606877045,0.447473900844097,775
0.0,0.3330129371662647,0.028900000000000006,0.0,0.21591750622247016,0.0,0.0,0.10723982123031667,0.32262357151473864,0.0,0.017244329669892283,0.181133596355019,-1.0281565134209347,0.40291055149689403,-1.1427715553754272,0.43887348052330843,-0.3132011390763016,0.08263838684163821,0.2624167654658304,0.7008006448276791,777
0.0,0.3182559066019819,0.09,0.49472348894674767,0.07603468627599762,0.0,0.0,0.35660981463657465,0.09776642190467841,0.0,0.002861373273662736,0.6648240933323804,0.3600738629176259,-0.061873964814963364,-0.7191113242201648,0.7031217428928024,-0.1836846869834344,0.8978863746224672,-0.6943086144590708,-0.356821713197378,778
0.0,0.003984229648887772,0.0009,0.0488266144487674,0.07325046173959267,0.42218689553501815,0.8778848095792277,0.13972593829513,1.4551792718018106,0.0,0.3520539560990836,0.6648240933323804,-0.7468218758184187,-1.6838851650961502,0.6563375477282727,-0.09617920166234306,-0.2903255576733806,0.8901196656882944,0.18576650117446833,-0.32470203495754835,779
0.0,0.0463214731859342,0.0,0.0,0.17395330712343804,0.0,0.0,0.00023624519731438312,4.196476200635395e-05,0.0,0.9272925279793011,0.181133596355019,-0.3852926564108253,-0.32808592663504604,-0.5447305772948108,-0.4221350374850842,-0.011203806074688972,0.31590928306674776,0.4847441926739979,1.0227772759687128,780
0.0,0.15771600733383928,0.019600000000000003,0.0,0.10795714150509228,0.0,0.0,0.09380083288227813,4.96220936172512,0.0,0.3520539560990836,0.6648240933323804,-1.33099998125042,-0.5340845489506512,-0.792697842214721,0.18187287353025028,-1.2214717324228699,1.7536365009002883,0.09097384377580728,-0.4365602823103445,781
0.0,0.10664289452517259,0.0001,0.0,0.07417939817425151,0.35609082721260205,0.7849396424473999,0.14363641637686325,2.327035421728514,0.0,0.3520539560990836,0.6648240933323804,-0.9966098222128733,-1.7464980588018306,0.34002289958776283,0.06989098257010586,-0.48138626498786247,0.7574195677661355,0.41114511380048224,-0.40693768072391806,784
0.6466769629007264,1.019077597889572,0.16809999999999997,0.0,0.07973496801885356,0.0,0.37855180047175346,0.5827736546089219,0.41574965004300457,0.0,0.7578669791145087,0.6648240933323804,1.3911416762967272,-0.6800640773247608,-0.5955837321091512,-0.4454981373799136,1.1088402592812363,0.9344105203556659,-0.2694344921988146,-0.2916756540614429,785
0.6762082614831358,0.025457874785833744,0.0576,0.0,0.07603468627599762,0.2853149261682657,0.313828630344137,1.515145080628323,0.6993626715145513,0.0,0.09993636845209211,0.181133596355019,1.4469492090746479,-0.4390150550605985,-0.023827685725400637,-0.048120320328078024,0.7511746060358184,-0.29145792920807656,0.9772260674897341,-0.1101898836094899,787
0.6762082614831358,0.025457874785833744,0.0576,0.0,0.07603468627599762,0.2853149261682657,0.313828630344137,1.515145080628323,0.6993626715145513,0.0,0.09993636845209211,0.181133596355019,1.4469492090746479,-0.4390150550605985,-0.023827685725400637,-0.048120320328078024,0.7511746060358184,-0.29145792920807656,0.9772260674897341,-0.1101898836094899,788
0.1529841784803131,0.3016626353597976,0.028900000000000006,0.2400326664001431,0.09440067542148432,0.42218689553501815,1.172304112038367,0.4349450660776436,1.990234487616968,0.0,1.1137953474405857,0.6648240933323804,1.127529628590674,-2.423604670516649,0.6970768338708576,-0.42328549702248536,1.0855652871711168,-0.5425356690850733,-0.22642556594548494,0.5883201249717133,789
0.0,0.8066837259896001,0.18489999999999998,0.0488266144487674,0.0788111804242897,0.20914565395635606,0.7422998240923979,0.03297792051900503,0.014685483636421763,0.122946425483153,0.47024769317440096,0.181133596355019,0.11535879970874564,-0.31362722305465446,0.9934445710310587,-0.5510698167798977,0.010809193032835052,0.9077951392455895,0.19157267181025645,0.6183892400797711,790
0.2466643809766059,0.3659127576843181,0.028900000000000006,0.2400326664001431,0.08065790301745447,0.6499885853699919,1.271156674583024,0.5670193674734911,0.2674180756997283,0.0,0.6055187008462087,0.6648240933323804,0.739171083091297,-2.5848509423926136,1.1650007028620404,-0.21483084812923153,0.7561189278736189,-0.4013999014661382,0.17626760328462107,-0.003421947680095895,791
0.0,0.19175661524979373,0.0004,0.0,0.07788653865707124,0.12669271367382126,0.8123884698944145,0.13972593829513,1.1634780944573193,0.0,0.47024769317440096,0.181133596355019,-0.7228958656907489,-1.0932215949129427,0.4844624733791591,0.08947722036873312,-0.35043679576345804,0.41892721616009276,1.0068295799271938,0.49157574003867816,792
0.0,0.1461007174643103,0.0,0.0488266144487674,0.05354076692802982,0.0,0.0,0.03126913879203047,0.19389748738793933,0.0,0.10936646815301185,0.6648240933323804,-0.7504023874489806,0.04462583447870118,-1.3897507080896743,0.6311789316347509,-0.07140985904638822,0.11492797866979389,-0.5504311473884008,-0.32332492009099645,793
0.7048924198238723,2.116576079343285,0.2916,0.0,0.06297479916138844,0.0,0.0,0.544422941808698,0.8101978546601726,0.0,3.6160313405397013,0.181133596355019,0.3602932939804338,2.3214537524312333,-0.13251728956216893,0.3587037532272174,1.7270807673469757,-0.13737000257987408,-0.841230690433639,-0.750699262247545,794
0.8854930909232513,3.986540140859675,0.09,0.0488266144487674,0.1239859797809912,0.0,0.35743946444942853,0.344309494727052,4.198668198292564,1.4024428381186909,0.05005171376274625,0.6648240933323804,2.4663219506283904,-0.37552813720824835,-0.3805500164152321,-0.9439963034151743,-2.0894625662148902,-2.9500082143650386,-1.0378374792261287,0.13839076557984598,795
0.200920876370925,0.15771600733383928,0.0961,0.0,0.11867152971749864,0.5977164317993333,0.4393393195580633,0.14363641637686325,1.8142092671842687,0.39402604307736266,0.6055187008462087,0.6648240933323804,1.253637372732679,-0.9518409461768629,0.58989507173273,-1.0132927899978326,0.21429583382369838,-0.03687770414120824,-0.668250539380662,0.07538127472771851,796
0.44843328352162587,0.8066837259896001,0.1936,0.0,0.037295784743696894,0.42218689553501815,0.0,0.5834260895268196,0.2054754205194157,0.6385539155203055,0.10936646815301185,2.7774332834730595,0.27265785480791416,1.7995163426772944,1.102131218574067,-0.9930719189967939,0.2256807426405632,-0.2638303608893204,0.6108513858239183,0.28879541492920213,797
0.48432465704599104,0.03043585615848893,0.11560000000000002,0.58084389117525,0.0788111804242897,0.0,0.0,1.046789542270546,0.017993464531129294,0.0,0.056787499263402444,0.181133596355019,0.9996261236103807,0.6748013556369351,-1.095318460013436,1.377510678387898,0.3209453714816461,0.4341291077047438,0.2843634932733007,0.05112141041876818,799
0.1529841784803131,0.010792351232078716,0.0081,0.4487122455572867,0.0657877405380031,0.0,0.0,0.10358941056282114,0.2674180756997283,0.0,0.16689829373793028,0.6648240933323804,0.44970612767808016,-0.4790648822690586,-1.4890173319993867,0.8003845009920721,0.7925092819034322,0.39395512138151184,-0.5600905951323931,0.16702169169868442,801
0.0,0.08923826112298336,0.0,0.0,0.04305948946044697,0.0,0.7987582329804733,4.514838087151585,2.5258529156965137,0.9770685441885573,5.158374322624548,2.7774332834730595,-3.2093601488611694,1.9467624610379548,2.0390196208169216,-0.23142327459240658,-1.3384182496730135,-1.1573279572208808,0.016401983548514118,0.31327311417096493,802
0.0,0.025457874785833744,0.0064,0.0,0.10795714150509228,0.0,0.0025987038478202254,0.03685919531537657,0.2054754205194157,0.013362382868697018,0.6055187008462087,0.181133596355019,0.2661002696311375,-0.21658715001437895,-0.2025297782982231,-0.27901256036743366,-0.06925747930464449,0.050182950469071674,0.27279884427204,0.9252911612289291,803
0.0496122560132309,0.003984229648887772,0.0484,0.11670607820206329,0.08065790301745447,0.0,0.0,0.0021657867635634007,0.10603637414144908,0.0,0.2509374896202608,0.181133596355019,0.3166950697916341,0.5584160960893358,-1.2392983301666387,0.2908733289916121,0.2638501428845883,0.2975913976675237,0.052563690585540626,0.8004147898249087,804
0.0496122560132309,2.4529314481701703,0.1521,0.0,0.040181789632831734,0.0,0.0,2.2232918403677733,0.06853998294379059,0.26764376658974054,3.6160313405397013,2.7774332834730595,-0.6768500047373256,3.5605623561385404,0.14389759312407552,0.019039509894874757,0.6408375244008557,-0.01426215306014204,-0.5043481916767409,0.16395444198166478,806
0.0,5.552866360572911e-05,0.0144,0.0,0.1527210870176639,0.0,0.0,0.022629333839624628,0.10603637414144908,0.7826083945763022,1.3173754374983664,0.6648240933323804,0.35490492471321194,0.04199299647362016,-1.4896991956703827,-1.0354664474899324,-1.3409309832368814,0.33739878809803175,-0.8058326388883937,0.5541536949667847,808
0.0,0.08167978205347286,0.0961,0.18026934961129024,0.06765864847381481,0.0,0.0,0.01074930987910722,0.33750948554092247,0.0,0.017244329669892283,0.181133596355019,0.17240769307622134,0.764035630194364,-1.12504563985132,0.40904202200198736,0.41545479686177045,0.37573034823174756,-0.22408867066464416,0.8727107147316541,809
0.0,0.05295878168280805,0.010000000000000002,0.0488266144487674,0.0657877405380031,0.0,0.0,0.3327177027072199,0.004943337316125731,0.0,0.002861373273662736,0.6648240933323804,-0.7469449206471644,0.19403041229337128,-1.5241160909539062,0.3924049946552497,0.6751031670132733,0.5311531171028879,-0.9935367835071295,0.18786081687867162,810
1.2880834588089136,0.03043585615848893,0.30250000000000005,0.18026934961129024,0.06952606264861023,0.0,0.0,3.100289682346886,1.990234487616968,0.122946425483153,0.17902270763911277,0.181133596355019,3.1517544590650646,1.022484726127243,-0.8852557201685488,0.5397171066076946,0.4512786627605756,-0.6862835981112807,0.4911493173156263,-0.8089301857368055,811
0.0,0.6190821534750112,0.0576,0.0,0.09712671073072274,0.0,0.0,1.20182824961264,0.6778607956989522,0.0,0.7834629640170051,4.2285047744051445,-1.6312820443505445,0.47492418353053145,-1.4770910064443399,0.0625761373664501,0.05998541096887181,0.8920672398239758,-2.0003124947313435,-1.1366397969221658,813
1.2395811408328468,0.45627288034580543,0.2916,0.18026934961129024,0.09803374027136541,0.2853149261682657,0.0,1.908698067961476,0.41574965004300457,0.470197951593395,0.6284203715484423,0.181133596355019,2.5256308996710852,0.971815702463007,0.48838512657914207,0.3080655961874383,0.19215770050434738,-0.3456300303416196,0.5804107072783848,-1.4203516572295247,814
0.37253826621486796,0.5130072268723961,0.0225,0.4004814320491596,0.0925791812930931,0.0,0.33587176666578866,2.4767126151095753,0.03919234640701822,0.0,0.6055187008462087,0.6648240933323804,1.1943878729722297,-1.5122728220606574,-1.0105974070828043,0.6765080755140521,-0.038183653308739095,0.09765517481369092,0.2181348740284382,-0.051085817443681396,819
0.0,0.7317394843681883,0.0,0.0,0.09440067542148432,0.0,0.0,0.12128043975111899,0.034230375064955826,0.0,0.47024769317440096,0.6648240933323804,-0.8782509699028782,-0.6570210753293922,-1.5052531575619574,-0.2531118591713388,-0.2878084943404818,-0.07939082920697332,-0.30637177905815355,0.35705961108763085,820
0.0,0.3841653560507208,0.0,0.0,0.046883585898850416,0.03682537009038924,0.0,7.2696210581131835,6.485965884522587,0.39402604307736266,10.808692347568496,2.7774332834730595,-4.296740097842373,2.9932018516044,1.7384654835654823,0.8064625683399668,-0.519971615199824,-0.109756967635261,-0.11257973312994203,-0.5052636029572359,821
0.0,0.0023249025246693767,0.016900000000000002,0.0,0.07325046173959267,0.0,0.0,0.08754495561809479,3.642171705449754,0.0,0.3520539560990836,0.6648240933323804,-1.3120206776511838,-0.819671671919547,-0.6730378380080946,-0.047429979905242954,-1.0196050423056564,1.2435079091152097,0.3544249895796566,-0.5510451625510029,823
0.0,0.08167978205347286,0.07840000000000001,0.18026934961129024,0.0657877405380031,0.0,0.0,0.0021657867635634007,0.2054754205194157,0.0,0.017244329669892283,0.6648240933323804,-0.14401815085553363,-0.003192644157864672,-1.3160327185382965,0.30317152663150926,0.37408401794899554,0.5808164417220633,-0.9738226080528254,0.3106916118856591,824
0.0,2.116576079343285,0.11560000000000002,0.0,0.048790164169432,0.0,0.0,0.7173028261928656,0.32262357151473864,0.0,0.2657562177217061,2.7774332834730595,-0.7935146875408565,2.5493993222883424,-0.3230383082668536,0.15767357316692637,0.18810393070502865,1.078724261881303,0.21840447062577434,0.7265365644546301,826
0.0,0.15771600733383928,0.019600000000000003,0.18026934961129024,0.07325046173959267,0.0,0.0,0.06489765438355136,0.09776642190467841,0.0,0.056787499263402444,0.6648240933323804,-0.8363624696741195,-0.33387345206155533,-0.372065302216497,0.42458514089521276,0.5864065790206104,0.7285391131597873,-0.6558214149925957,-0.25561119448199204,827
0.0,0.7317394843681883,0.004900000000000001,0.0,0.05638033343610754,0.0,0.0,0.0454513354067455,0.19389748738793933,0.0,0.17902270763911277,4.2285047744051445,-0.9770720687302955,-0.6426419891652124,-2.0174955799306016,0.6316420122223848,-0.22959601248960235,-0.14489609241066995,-1.286279999878254,-0.8550784619201134,830
0.0,0.19175661524979373,0.0064,0.0,0.06859279146561172,0.03682537009038924,0.0,2.380901286713533,2.5258529156965137,0.5062131032589602,0.36956699840079166,0.181133596355019,-2.5129965308211153,0.8424722790400191,0.13337733914545605,0.02046898522400738,-1.0974847632101743,-0.05969581697060961,0.00044683131233534836,0.15810661004063584,831
1.0584676340849346,0.11659885727048336,0.1936,0.0,0.13714983814723364,1.0948180332928596,0.14420787327573903,0.7165793779505707,0.19389748738793933,0.7826083945763022,0.2509374896202608,4.2285047744051445,1.3824051859789972,-1.4141090639542708,0.6435261790046047,-1.2751184251393461,-0.672679706329416,0.21606977024573393,-0.03699358550313439,-2.609978665245266,833
0.0,1.9576955071993605,0.07840000000000001,0.0,0.011928570865273802,1.0948180332928596,0.9744996288605328,10.00924853913376,0.10603637414144908,0.0,1.3510543650016476,2.7774332834730595,-2.3961637061906633,0.919659751310601,3.1091411925874977,-0.422453926716947,2.9386740589479343,-0.02231976459529018,-0.15350459465906802,0.8722152867203572,836
0.0,1.9576955071993605,0.07840000000000001,0.0,0.011928570865273802,1.0948180332928596,0.9744996288605328,10.00924853913376,0.10603637414144908,0.0,1.3510543650016476,2.7774332834730595,-2.3961637061906633,0.919659751310601,3.1091411925874977,-0.422453926716947,2.9386740589479343,-0.02231976459529018,-0.15350459465906802,0.8722152867203572,837
0.7048924198238723,1.5182422398456628,0.12249999999999998,0.0,0.07232066157962612,0.0,0.0,2.9248911245122357e-05,0.2054754205194157,0.6986878860637159,0.4904550496763695,2.7774332834730595,0.9826307817772634,2.5324574986146238,0.25216401882617945,-0.6451469367325154,-0.04402203095241567,-0.050920946338770944,0.5316081563021728,-0.026659344790292066,838
0.0,0.5130072268723961,0.0,0.29642485248943906,0.10885440491208209,0.42218689553501815,0.0,0.05233894323875901,0.7870419883972198,0.0,0.017244329669892283,0.6648240933323804,-1.2325635960717156,-0.9396564213469613,-0.22729387507582682,0.49036282458583863,-0.615977859165083,0.20973184723403945,-0.21781796132385636,-0.15333592526504472,841
0.8371334258927943,0.03043585615848893,0.2025,0.0488266144487674,0.11243542932978817,1.0273046342358119,0.5150363918549524,0.03297792051900503,0.2674180756997283,0.31157001331400547,0.17902270763911277,0.181133596355019,1.0279240939991354,-0.0824588828780131,1.7023506985391812,-0.23974050060525054,0.5329974571637965,-0.6389424992191974,0.6019865496713395,-0.8243815206001203,842
0.0,0.7317394843681883,0.12249999999999998,0.0,0.08434114843375087,0.0,0.8778848095792277,0.0499891057235251,0.03919234640701822,0.0,0.9272925279793011,0.6648240933323804,-0.4321017156614902,-1.5857214033638474,-0.3784691170997966,-0.7064873843711234,-0.019834582331488507,-0.4134045063571118,-0.39722900228943614,0.7252216213466337,843
0.0,0.3659127576843181,0.04409999999999999,0.0,0.07788653865707124,0.0,0.0,0.006872473415520668,3.1711979255658025,0.013362382868697018,0.3520539560990836,0.6648240933323804,-1.5546231158302661,-0.8721570237569661,-0.9303771192505634,-0.11493617555161187,-1.1811072128634847,0.7489721928868291,0.3391232621886171,-0.36258773944423733,846
0.0,0.6848939954458569,0.0256,0.0,0.07510747248680541,0.0,0.0,0.2536783617092879,1.4551792718018106,0.22169899923487,0.2509374896202608,0.181133596355019,-0.710521233394212,-0.2549136039412855,-0.6582198488709647,-0.027429750397559786,-1.1012251499604262,0.12296677925564518,1.1370302399945593,0.15666708629158668,847
0.0,0.3659127576843181,0.04409999999999999,0.0,0.07788653865707124,0.0,0.0,0.006872473415520668,3.1711979255658025,0.013362382868697018,0.3520539560990836,0.6648240933323804,-1.5546231158302661,-0.8721570237569661,-0.9303771192505634,-0.11493617555161187,-1.1811072128634847,0.7489721928868291,0.3391232621886171,-0.36258773944423733,848
0.44843328352162587,0.3182559066019819,0.1936,0.0,0.08157998699242289,0.0,0.0,0.03297792051900503,0.03919234640701822,0.0,0.7578669791145087,0.6648240933323804,0.5894743550596339,-0.1684828691937825,-1.3830770475378826,-0.4914896232041797,0.5446017696711424,0.7976658153985131,-0.2833041526402413,-0.25261141041020024,850
0.44843328352162587,0.3182559066019819,0.1936,0.0,0.08157998699242289,0.0,0.0,0.03297792051900503,0.03919234640701822,0.0,0.7578669791145087,0.6648240933323804,0.5894743550596339,-0.1684828691937825,-1.3830770475378826,-0.4914896232041797,0.5446017696711424,0.7976658153985131,-0.2833041526402413,-0.25261141041020024,851
0.44843328352162587,0.9097816245164132,0.1521,0.0,0.07696104113612832,1.246003185508219,0.2446246896822607,0.011946644578045845,1.0298506377764036,0.35364766214801746,0.17902270763911277,0.181133596355019,-0.37035590389866135,0.1833964459667622,1.9793580970270037,-0.8064775988407566,0.12892254482457585,0.5679843430410778,1.1248333589382589,-1.4924432316472358,853
0.44843328352162587,0.9097816245164132,0.1521,0.0,0.07696104113612832,1.246003185508219,0.2446246896822607,0.011946644578045845,1.0298506377764036,0.35364766214801746,0.17902270763911277,0.181133596355019,-0.37035590389866135,0.1833964459667622,1.9793580970270037,-0.8064775988407566,0.12892254482457585,0.5679843430410778,1.1248333589382589,-1.4924432316472358,854
0.44843328352162587,0.9097816245164132,0.1521,0.0,0.07696104113612832,1.246003185508219,0.2446246896822607,0.011946644578045845,1.0298506377764036,0.35364766214801746,0.17902270763911277,0.181133596355019,-0.37035590389866135,0.1833964459667622,1.9793580970270037,-0.8064775988407566,0.12892254482457585,0.5679843430410778,1.1248333589382589,-1.4924432316472358,856
0.0,2.2816547263335543,0.11560000000000002,0.0,0.07045846364856141,0.03682537009038924,0.032570289690610876,0.1685832461522987,0.32262357151473864,0.5409761286623967,0.6284203715484423,2.7774332834730595,-0.24791396770951443,2.0179017885399726,1.2814323884448098,-0.10693000372641089,-0.1856446668017762,0.7295651952758851,0.45446731533137835,0.1455843624133201,857
1.078128213569586,1.9576955071993605,0.22089999999999999,0.0,0.05259245011917058,0.12669271367382126,0.0,0.004531512565819022,1.056314484934064,0.06965473649295341,0.021285800970286428,2.7774332834730595,1.753400380991467,1.964478553725432,0.4106590707050195,-0.6912766320623946,1.1838452378869355,0.04870513748345554,0.9171705785555176,-0.1225802146267617,858
0.0,0.24361058788162282,0.0036,0.11670607820206329,0.07417939817425151,0.0,0.7849396424473999,0.14363641637686325,1.6132529924653793,0.0,0.7578669791145087,0.6648240933323804,-0.8017097699425465,-1.8593106255888157,-0.10139388063739829,0.2131023766600007,-0.2785226457878889,0.6979075707195728,0.314585496892688,-0.022167578246425613,860
0.0,0.3841653560507208,0.1024,0.11670607820206329,0.06485097231961633,0.0,0.0,0.05474274899189719,0.2054754205194157,0.0,0.001514216173531351,0.6648240933323804,-0.24303797761409587,0.007098469065383155,-1.1473267720802354,0.2832027101311463,1.0526321938530236,0.7476683094398888,-0.9890865689466972,0.16902164794895347,862
0.0,0.24361058788162282,0.0036,0.0,0.07510747248680541,0.12669271367382126,0.7709274196202452,0.14363641637686325,1.6132529924653793,0.0,0.47024769317440096,0.6648240933323804,-0.899329808275507,-1.8172344557663924,-0.013273404376911404,0.1679005725016467,-0.17384491278606423,0.6253758669146591,0.38779695664472413,-0.20632138759752058,863
0.0,0.3330129371662647,0.004900000000000001,0.0488266144487674,0.07417939817425151,0.03682537009038924,0.7987582329804733,0.15161927725400123,1.6132529924653793,0.0,0.47024769317440096,0.6648240933323804,-0.8726546339417054,-1.8416123464481753,-0.027192395885389433,0.2274295731010474,-0.25543303745590196,0.5565304373129867,0.3533032059207951,-0.15199403460543315,865
0.0,0.025457874785833744,0.0009,0.0,0.08250122151174369,1.0948180332928596,0.0025987038478202254,0.6156000359836388,1.9538466977751774,0.0,0.021285800970286428,0.6648240933323804,-2.033791762966383,-1.0455930236775985,0.7658882740080648,-0.4667577424595733,0.17097533383009203,0.431596282487725,0.37454041437448915,-1.1247984663303179,871
0.0,1.019077597889572,0.0576,0.0,0.06485097231961633,0.7921722744537854,0.06166965793063503,0.2541088799884451,0.5768283576615741,0.0,0.16689829373793028,4.2285047744051445,-1.0337941248919913,-1.3497373808147344,0.21124679864239046,-0.7334457789083196,0.5405431888739902,1.4319369472171475,-0.9659849491375889,-1.216642831579135,872
0.2466643809766059,1.5182422398456628,0.16000000000000003,0.18026934961129024,0.10345870836822998,0.0,0.0,0.09406269451599225,4.196476200635395e-05,0.5745711749545842,1.5744060398561839,2.7774332834730595,0.23381821607201167,2.7854069598873337,0.32141869976017434,0.3945851671850901,-0.2324054647169004,0.2292015216838724,0.048601954856979865,0.18874994995499764,875
0.0,1.0453523108454896,0.0001,0.0,0.06203539091945264,0.9166334959107316,0.0,2.461729818807841,0.3992097455694669,0.0,1.5744060398561839,0.181133596355019,-2.0519431025158315,0.14463680866871848,0.9367819337634725,0.35286347590229666,0.6104726420061962,-1.1801790366241982,0.4431703767926383,-0.5014198596298112,877
0.0,1.0453523108454896,0.0,0.0,0.0657877405380031,0.8768430875563626,0.0,0.5291994603867658,1.1634780944573193,0.0,0.7834629640170051,0.181133596355019,-1.689987774214245,0.005967286804138837,0.699307536204603,0.36602259319794683,-0.23245154326802936,-0.7458527299499736,0.8568166658546134,-0.6251228676716573,881
0.0496122560132309,1.5182422398456628,0.0841,0.34980600355009,0.17730901497041024,0.0,0.0,0.506769000038195,0.33750948554092247,0.5409761286623967,2.0723412013547255,0.181133596355019,0.1013671904953817,1.9470891343937875,0.7256444434099996,0.19676481633892487,0.12240685874427558,-0.012500053056562942,-1.069653772522628,-0.20234435389503116,882
0.2466643809766059,0.19175661524979373,0.0361,0.7335928619575884,0.08984070399978947,0.8768430875563626,0.5330980419330561,0.35043267056289507,0.33750948554092247,0.0,0.16689829373793028,0.181133596355019,0.7398476599530011,-1.2372763510423535,1.0843813081942812,0.880806992797864,0.87643894082163,-0.15530477818994773,0.6728335033501924,0.44466017411135267,884
0.29040662823005287,1.4817370431128576,0.019600000000000003,0.0,0.08250122151174369,0.0,0.0,0.6149298477346415,0.034230375064955826,0.0,0.002861373273662736,0.6648240933323804,0.2529676608997069,-0.6534737175219137,-1.3198147905219972,0.5620231208564901,-0.5548832356694078,-0.6206430719325035,0.0737331065860932,-0.5460905541782236,885
0.3323154110779112,2.2368528939796577,0.0144,0.0,0.07973496801885356,0.0,0.0,0.7165793779505707,0.014685483636421763,0.0,0.001514216173531351,0.181133596355019,0.34417122477781736,-0.09347632401355425,-1.2026523835416774,0.6632186012537847,-0.5940403771611252,-0.9237775417041247,0.9529662073470153,0.12108939235280668,886
0.0,0.0463214731859342,0.0,0.0,0.06952606264861023,0.9549010302251432,0.4393393195580633,0.8942258900871048,0.5768283576615741,0.0,0.4904550496763695,0.181133596355019,-1.7578834158529,-0.31654365262656575,1.4597643131540938,0.23773331646715,0.5249402037482542,-0.1372073668662726,0.4606734278932573,-0.16470077662616392,888
0.8616055620766667,4.2119402091891835,0.11560000000000002,1.3863119448122445,0.10616019582839055,0.5425604642575216,0.962921061024491,10.237918880325896,0.33750948554092247,0.122946425483153,1.1137953474405857,0.6648240933323804,3.235775686280216,-3.3472919972450543,0.7074079923752795,2.4757952662031717,-1.0849287494990922,-0.783445533019986,0.5615888582808755,0.07168048027031722,889
0.0,0.5130072268723961,0.0009,0.0,0.07510747248680541,0.03682537009038924,0.7987582329804733,0.1320668868454638,1.9538466977751774,0.0,0.47024769317440096,0.6648240933323804,-0.9904766590792826,-1.8319016658210578,-0.07573506900431551,0.05658185216393142,-0.4422992918975881,0.43447562296207576,0.463547465350607,-0.2392118616231758,891
0.7048924198238723,0.2050312322435411,0.0529,0.0,0.0788111804242897,0.0,0.0,0.27504090725398556,0.33750948554092247,0.0,1.1137953474405857,0.181133596355019,1.3501307070497974,0.49116571033825973,-1.0580881173968406,-0.5901086340284515,0.24680194092294563,0.41854801427976357,0.5602787155368961,0.3007731937539122,892
0.0,0.5130072268723961,0.0009,0.0,0.07510747248680541,0.03682537009038924,0.7987582329804733,0.1320668868454638,1.9538466977751774,0.0,0.47024769317440096,0.6648240933323804,-0.9904766590792826,-1.8319016658210578,-0.07573506900431551,0.05658185216393142,-0.4422992918975881,0.43447562296207576,0.463547465350607,-0.2392118616231758,893
0.0,0.3016626353597976,0.0009,0.0,0.07696104113612832,0.12669271367382126,0.8258354189080606,0.13972593829513,1.9538466977751774,0.0,0.3520539560990836,0.181133596355019,-0.9583855352330362,-1.1158539159110954,0.3945998919684517,0.0854436926054397,-0.3487318234218381,0.4057719890645234,1.236341154927335,0.2599514844646027,894
0.0,0.10664289452517259,0.0001,0.0,0.07696104113612832,0.7469872683844655,0.0,0.40851573872208874,0.4839446742850763,0.0,0.056787499263402444,0.181133596355019,-1.380212601499911,-0.17253714170770174,0.6363329040038637,0.13893757093875522,0.22626904299339354,-0.006207056377416799,0.6062321132457539,-0.002315078186709245,895
0.0,1.5182422398456628,0.1521,0.0,0.07510747248680541,0.12669271367382126,0.0,1.4155824167104196,4.196476200635395e-05,0.5062131032589602,3.6160313405397013,2.7774332834730595,-0.6617282951463589,2.627177893287189,1.502261054087702,0.04527635070407351,0.34027930295712044,-0.2555396080386845,-0.09913637672496352,-0.09365045795170145,896
0.0,0.10664289452517259,0.0001,0.0,0.07696104113612832,0.7469872683844655,0.0,0.40851573872208874,0.4839446742850763,0.0,0.056787499263402444,0.181133596355019,-1.380212601499911,-0.17253714170770174,0.6363329040038637,0.13893757093875522,0.22626904299339354,-0.006207056377416799,0.6062321132457539,-0.002315078186709245,897
0.0,1.5182422398456628,0.1521,0.0,0.07510747248680541,0.12669271367382126,0.0,1.4155824167104196,4.196476200635395e-05,0.5062131032589602,3.6160313405397013,2.7774332834730595,-0.6617282951463589,2.627177893287189,1.502261054087702,0.04527635070407351,0.34027930295712044,-0.2555396080386845,-0.09913637672496352,-0.09365045795170145,898
0.29040662823005287,1.5182422398456628,0.1296,0.0488266144487674,0.05448818528406963,0.0,0.0,0.3327177027072199,0.32262357151473864,0.17354122620610013,1.5744060398561839,0.6648240933323804,-0.36949896553493905,1.05826276533904,0.05749156883099663,0.1718456168998364,0.10091429291235278,0.5715384180472767,-1.1906544356638358,-1.2532689714059426,900
0.0,0.3330129371662647,0.010000000000000002,0.0,0.07696104113612832,0.03682537009038924,0.0,0.1069602062655033,2.9479341676151587,0.17354122620610013,0.10936646815301185,2.7774332834730595,-1.1044327758314514,0.7665994275864331,0.16763219607873953,0.7651017805570077,-1.0323017707119517,0.17937408202196717,1.789788443490169,0.19699050647974717,901
0.0,0.3330129371662647,0.010000000000000002,0.0,0.07696104113612832,0.03682537009038924,0.0,0.1069602062655033,2.9479341676151587,0.17354122620610013,0.10936646815301185,2.7774332834730595,-1.1044327758314514,0.7665994275864331,0.16763219607873953,0.7651017805570077,-1.0323017707119517,0.17937408202196717,1.789788443490169,0.19699050647974717,902
0.0,0.10664289452517259,0.0036,1.2690764699558095,0.05826890812397577,0.0,0.0,0.07591605158168345,0.3992097455694669,0.0,0.10936646815301185,2.7774332834730595,-0.5382897249980872,0.8774057246583317,0.34540983500002853,2.6901618721370135,-0.4761534589475499,0.4210846331812641,0.18114403136623364,1.676427348983966,904
0.0,0.0023249025246693767,0.0729,0.0488266144487674,0.08065790301745447,0.0,0.6824621225792098,0.02945898365584165,0.2541861521208982,0.26764376658974054,0.2657562177217061,0.6648240933323804,-0.7179751546462426,-0.48001623759920026,0.3599108686452042,-0.002802626971549666,-0.4599895536198578,-0.05140639693908561,-0.7629498704169666,-0.3640575417131249,906
0.0,0.025457874785833744,0.0,0.0,0.07603468627599762,0.0,0.0,1.0055597915958796,3.1711979255658025,0.0,0.9555828270820602,0.181133596355019,-2.5031488772191874,1.1534191039820745,-0.9569794828110355,0.8908491093028733,-0.2827135969822956,0.5023585378260946,0.16530209002116358,-0.04265809008237788,907
0.0,0.003984229648887772,0.016900000000000002,0.0,0.07510747248680541,1.0273046342358119,0.37855180047175346,0.5676629257258394,0.5768283576615741,0.0,0.10936646815301185,0.181133596355019,-1.3200362062583015,-0.3418723348205465,1.5056411167033583,-0.02853684563487504,0.45753927168705516,0.14387676338434505,0.6234431018155955,-0.2766741028999915,908
0.44843328352162587,0.7097839023091328,0.2304,0.6601320765940236,0.1239859797809912,0.0,0.0,0.24889872586421416,0.2674180756997283,0.0,6.494442900451347,0.181133596355019,0.09918234604965605,2.472709073997944,-0.2690342772687443,1.7163937281046533,0.9211492100971437,-0.3677703478996639,-1.1643748268062195,-0.6253472410563955,910
0.37253826621486796,1.9576955071993605,0.2116,1.7526876042341704,0.10795714150509228,0.0,0.0,1.4022365153100558,0.6993626715145513,0.0,0.17902270763911277,0.181133596355019,2.5154616695419323,0.9904770587899324,0.2688257047889104,3.976786362944151,-0.1272179672700751,1.547752447291381,-1.7315224573417478,1.270760668243402,911
0.6762082614831358,0.15771600733383928,0.1936,0.2400326664001431,0.06297479916138844,0.0,0.0,2.481057847032717e-05,0.014685483636421763,0.0,2.6385854452392365,0.181133596355019,0.2933539356797481,1.9390739330037825,-0.7749895854024433,1.1461766326080236,0.2969223383622003,-0.22509261959791996,-0.21526262951903813,-0.8340053987605806,912
0.1529841784803131,1.4504233441105987,0.16000000000000003,0.0,0.07603468627599762,0.0,0.0,0.6998126787789307,0.06853998294379059,0.06965473649295341,1.8148349853072083,0.181133596355019,-0.2542037669196983,2.40620319860195,-0.6222647344850749,0.11985576337726626,0.44310750608761085,0.19708126679725896,-0.8681055580612084,-0.2537950731945076,915
0.0,1.0453523108454896,0.0361,0.0,0.14928170271575444,0.0,0.39922760605999,2.086057622997378,3.889881727383062,0.0,0.2657562177217061,0.6648240933323804,-3.1584037093229567,-0.506262730759814,-0.6288492505269272,-0.03166644372026886,-0.6970186079526355,-0.16716943499131004,-0.4040921643419225,-0.1810084597832413,916
0.0,0.45627288034580543,0.0961,1.7267920506926748,0.08065790301745447,0.6996635591645785,0.0,0.6149298477346415,0.19389748738793933,0.0,0.09993636845209211,0.181133596355019,0.8617930153443157,-0.7916539921599202,1.9986717646698726,3.4791271010940665,-0.7905743833169372,1.7438440136779905,-0.8222696359445009,1.3979951406814057,917
0.0496122560132309,0.9097816245164132,0.1024,0.0,0.07788653865707124,0.9549010302251432,0.6977605589813709,0.02945898365584165,0.004943337316125731,0.31157001331400547,0.2657562177217061,0.181133596355019,-0.01817777411419383,0.12403886039068965,2.034529153317837,-0.653842393795692,0.4226658078133348,0.17809696064905045,0.24441312129689946,-0.5117176162218215,918
0.0496122560132309,0.24361058788162282,0.0144,0.0,0.06952606264861023,1.1580602180839163,0.0025987038478202254,0.7710685061442859,0.19389748738793933,0.8600282693597463,1.5744060398561839,0.181133596355019,-0.9845175113594585,0.4955264138003842,1.8860740687299966,-0.5365709045695849,-0.6655921115870029,-1.201188903802806,0.44017750070159434,-1.0541363866384237,919
0.5524596693304464,0.45627288034580543,0.1369,0.0,0.08709470685093376,0.0,0.0,0.344309494727052,0.2054754205194157,0.0,0.002861373273662736,0.6648240933323804,0.9055074494603667,0.18103592208646105,-1.031358260007071,0.021120954668348787,0.6253722366288895,0.5159721122829349,-0.4681236721853189,-0.7344032900862896,920
0.0496122560132309,0.24361058788162282,0.0144,0.0,0.06952606264861023,1.1580602180839163,0.0025987038478202254,0.7710685061442859,0.19389748738793933,0.8600282693597463,1.5744060398561839,0.181133596355019,-0.9845175113594585,0.4955264138003842,1.8860740687299966,-0.5365709045695849,-0.6655921115870029,-1.201188903802806,0.44017750070159434,-1.0541363866384237,922
0.1529841784803131,0.11659885727048336,0.0729,0.0,0.05354076692802982,0.0,0.0,0.6654800028059192,0.6993626715145513,0.6070741818604354,0.4904550496763695,0.6648240933323804,0.10060306612678688,0.7366450783242783,-0.08584845874648198,-0.5559520065830842,-0.08004889342276486,-0.5717831527903408,-1.4397097321837615,-0.44307949788193224,924
0.1529841784803131,3.003950062758091,0.1296,0.0,0.06203539091945264,1.5362426657604784,0.6669260031341623,0.128624558438908,1.0298506377764036,0.8090866165833153,0.2657562177217061,2.7774332834730595,-0.40987202447080456,0.7246855081411747,3.946880174611757,-1.1402041998917214,-0.11724990800459108,0.8447522525378237,1.5579974576824276,-0.9567314811154051,925
0.48432465704599104,2.6304062448531313,0.10890000000000001,0.0,0.05921185963184609,1.5150262130322558,0.6022490942726989,0.344309494727052,1.0298506377764036,0.8845578841437388,0.05005171376274625,0.181133596355019,0.5527995956270266,-0.3583631052704704,3.2978021185223656,-1.1143877408115201,-0.6271057734314475,1.2423779783585547,1.2083303815401987,-1.4753540369592941,926
0.0496122560132309,0.5958515737359537,0.0361,0.0,0.08892620919440151,0.0,0.6351103454090994,0.1069602062655033,0.5021385692059677,0.0,1.3173754374983664,4.2285047744051445,0.5105792676105043,-2.2011335702331776,-0.9975424192352103,-0.676439939395658,0.2037294515468264,-0.31193182204470593,-0.9791408825649895,-0.07918743372231044,927
0.1529841784803131,0.11659885727048336,0.0729,0.0,0.05354076692802982,0.0,0.0,0.6654800028059192,0.6993626715145513,0.6070741818604354,0.4904550496763695,0.6648240933323804,0.10060306612678688,0.7366450783242783,-0.08584845874648198,-0.5559520065830842,-0.08004889342276486,-0.5717831527903408,-1.4397097321837615,-0.44307949788193224,928
0.200920876370925,1.2562637691749257,0.1444,0.4487122455572867,0.06109509935981088,0.0,0.0,1.134462573709106,0.004943337316125731,0.35364766214801746,2.0723412013547255,2.7774332834730595,-0.22640154027209083,2.732729120538237,0.649045844200312,0.6888478265966373,0.24019286275627166,0.018683226984226423,-0.25631828404514695,0.35946347158492714,929
0.0,0.19175661524979373,0.0001,0.0,0.07138999608667293,0.0,0.0,0.15161927725400123,1.1634780944573193,0.0,0.3520539560990836,0.6648240933323804,-0.6895191244365144,-0.8641977466468289,-0.8820087231966973,-0.12038646118198987,-0.7959501413816932,0.5430432227746135,0.21305966898217263,-0.34882784954532947,931
0.0,0.5345784794872352,0.0841,0.0,0.07510747248680541,0.8354035567659245,0.47790394060861674,0.03685919531537657,0.7870419883972198,0.0,0.7578669791145087,0.181133596355019,-0.48611053147823946,-0.6836893651097223,0.994501621547984,-0.6569975266731843,0.24050668392230742,1.2235533999310857,1.091751733067997,-0.020470313267263937,932
0.0,0.19175661524979373,0.0001,0.0,0.07696104113612832,0.0,0.0,0.14363641637686325,5.852017011420945,0.35364766214801746,0.002861373273662736,0.6648240933323804,-1.6428273116115852,-0.26527863822193654,-1.1141009677402567,0.2855758979720139,-1.8081465046883223,0.8864793065664754,0.3017850808598469,-0.8851917079471153,934
0.2466643809766059,1.6585285874505502,0.1444,0.0,0.05826890812397577,0.2853149261682657,0.585404443780831,0.4563201475514746,0.2541861521208982,0.31157001331400547,1.5744060398561839,0.181133596355019,-0.4354133344830725,1.15200204994985,1.463581433779164,-0.20901555651574072,0.33540545832146,0.2859197323152587,-0.2399668000998189,-0.7975572602741449,936
0.0,0.15771600733383928,0.028900000000000006,0.0,0.07045846364856141,0.0,0.0,1.660181650937237,3.642171705449754,0.0,0.7834629640170051,0.6648240933323804,-2.6788429718984768,0.7557023299046465,-1.1439258906261836,0.22219767962823556,-0.12300796359426401,0.9576169160150017,-0.6353795866219575,-0.8237414219609439,939
0.6466769629007264,2.116576079343285,0.24009999999999998,1.036757278582145,0.0788111804242897,0.0,0.0,0.9643191811711652,0.5966762430298194,0.0,3.6160313405397013,2.7774332834730595,0.5490129852084416,2.7972386869194814,0.7056712507946108,2.0402011311002775,1.5601332702685904,0.11595088002785311,-0.7168500278155465,0.41364397792610885,941
0.7048924198238723,0.3182559066019819,0.16000000000000003,0.0488266144487674,0.0880108773227133,0.0,0.17027312080173776,0.6990981072021853,0.33750948554092247,0.0,0.16689829373793028,2.7774332834730595,1.533781236887848,0.8485505644321538,0.2611479887672832,0.028311577319129356,0.47695160131110886,0.18077096592186345,1.2261453075776696,0.639041464712107,942
0.0,1.6585285874505502,0.24009999999999998,0.6601320765940236,0.08617769624105233,0.0,0.0,0.8267770426603792,0.06853998294379059,0.0,2.3469246879987344,2.7774332834730595,-0.18925562334643833,2.5401081993284014,0.8166808263478901,1.0800285986474951,0.683380339834725,0.2399301526815205,-0.3656478873878816,0.516715508713629,944
0.7327766880855823,0.25854453199958866,0.3364,0.7683939275323008,0.0880108773227133,0.0,0.0,0.13972593829513,0.017993464531129294,1.0818344537090232,2.0723412013547255,2.7774332834730595,1.3738780349240614,2.505059192437818,0.9835321735820562,1.03047743355705,-1.3076540260789729,-0.5714361732063302,0.09080759592858771,-0.09459192203636511,946
0.0,1.9576955071993605,0.2304,0.0,0.08892620919440151,0.0,0.0,1.8955478781495405,0.10603637414144908,0.0,3.273138771509722,2.7774332834730595,-0.7218337369827459,3.2155318865494427,0.102399569117081,0.2274737965214572,1.026105638387407,0.004627746636848927,-0.31570730289273435,0.22875152747492813,947
0.29040662823005287,5.243553643063627,0.2025,0.0,0.07232066157962612,0.0,0.0,0.39534305034061223,0.3992097455694669,0.470197951593395,1.8148349853072083,2.7774332834730595,-0.2559517147461841,3.188345284743841,0.6641677667600814,-0.2882173946594742,0.150282762917936,1.0731198718429502,0.22855484553235955,-0.421569836134849,949
0.29040662823005287,5.243553643063627,0.2025,0.0,0.07232066157962612,0.0,0.0,0.39534305034061223,0.3992097455694669,0.470197951593395,1.8148349853072083,2.7774332834730595,-0.2559517147461841,3.188345284743841,0.6641677667600814,-0.2882173946594742,0.150282762917936,1.0731198718429502,0.22855484553235955,-0.421569836134849,950
0.0,1.9576955071993605,0.2304,0.0,0.08892620919440151,0.0,0.0,1.8955478781495405,0.10603637414144908,0.0,3.273138771509722,2.7774332834730595,-0.7218337369827459,3.2155318865494427,0.102399569117081,0.2274737965214572,1.026105638387407,0.004627746636848927,-0.31570730289273435,0.22875152747492813,951
0.0,1.5182422398456628,0.16000000000000003,0.0,0.05638033343610754,0.0,0.0,0.506769000038195,4.196476200635395e-05,0.122946425483153,0.4904550496763695,2.7774332834730595,-0.27453171394997183,2.576736088101997,-0.18337432497532763,0.020787642609254215,0.28044177786393404,0.5029307104811643,0.18438751493801814,0.5918491927737408,952
0.7327766880855823,1.1345716461090758,0.2304,0.0,0.050693114315518116,0.0,0.0,1.2478180649729649,0.5021385692059677,0.17354122620610013,2.3469246879987344,2.7774332834730595,0.2957518811960324,3.211183803742488,-0.15025068143897008,0.10120974000135713,0.8799131310987679,-0.523687958321375,-0.12643835070782833,0.03812795917502067,953
0.10263334224906732,3.2000190839800893,0.27040000000000003,0.0,0.08617769624105233,0.0,0.0,0.01692059913082481,0.09776642190467841,0.06965473649295341,0.001514216173531351,0.6648240933323804,0.11031846654858699,0.8357959158153322,-0.5992597512134121,-0.6757492421339254,0.12736959067509362,1.5048516343146527,-0.8960052461091201,-0.7305602740288301,955
0.3323154110779112,0.9097816245164132,0.27040000000000003,0.0,0.10526051065749295,0.0,0.0,0.29773296954657463,4.196476200635395e-05,0.0,0.6284203715484423,0.181133596355019,-0.10009528934930238,1.8490792778566585,-0.7757104071805424,0.10336212950082659,0.4970958969451519,0.35402451567128806,-0.3437712288008798,-0.26006810246241535,956
0.0,0.0463214731859342,0.0144,0.0,0.11332868530700317,0.6499885853699919,0.0,0.6402971623242081,1.0298506377764036,0.26764376658974054,0.6284203715484423,2.7774332834730595,-1.7450788171116938,1.0605220073913941,1.1296325055838907,0.2618351284836333,-0.449277777197175,-0.15523713854788468,1.053425199532162,0.42477316733015247,958
0.10263334224906732,0.11659885727048336,0.0729,0.0,0.05638033343610754,0.20914565395635606,0.0,0.6486374742469357,0.9291817924666731,0.7554099632452922,0.36956699840079166,0.181133596355019,0.15682128366086318,1.1999830087035106,0.6148669625661591,-0.8958591294333902,-0.09966774070200098,-0.8057579120738513,-0.5513209549147543,0.11571700269325813,960
0.0,0.025457874785833744,0.019600000000000003,0.0,0.07510747248680541,0.0,0.0,0.17722260254984348,0.06853998294379059,0.0,1.1137953474405857,0.6648240933323804,-0.466138525691697,-0.3453591709872272,-1.6019241886721043,-0.8268826911660998,-0.07136328518388892,0.33535142922492495,-0.5870341108561763,0.5873358990147233,961
0.0,0.0463214731859342,0.0004,0.0,0.10885440491208209,0.0,0.0,0.009783476729078072,0.19389748738793933,0.17354122620610013,0.7578669791145087,0.6648240933323804,-0.6907666568721725,-0.3159423296070845,-1.4818023595161065,-0.37416851539448653,-0.8704584568977642,0.6069573131481685,-0.5121620132338008,0.4308468375851511,962
0.10263334224906732,0.11659885727048336,0.0729,0.0,0.05638033343610754,0.20914565395635606,0.0,0.6486374742469357,0.9291817924666731,0.7554099632452922,0.36956699840079166,0.181133596355019,0.15682128366086318,1.1999830087035106,0.6148669625661591,-0.8958591294333902,-0.09966774070200098,-0.8057579120738513,-0.5513209549147543,0.11571700269325813,964
0.10263334224906732,0.5130072268723961,0.04000000000000001,0.0,0.0925791812930931,0.5425604642575216,1.113960068719543,0.09700972387124508,1.3350261338514937,0.0,1.3173754374983664,0.6648240933323804,0.5890261846270939,-2.448752278526186,0.4715505044749237,-0.7950435067438476,1.2813022088454846,-0.6024729433299085,0.06785667912907276,0.43463442384300977,967
0.3323154110779112,0.5345784794872352,0.18489999999999998,0.0,0.0657877405380031,0.8354035567659245,0.0025987038478202254,1.5939245430772122,0.5021385692059677,0.0,2.6385854452392365,0.181133596355019,-0.45792912544241693,1.145150704780391,1.4627112882699296,-0.026183844101370292,1.4555646644402815,-0.6365709361408276,-0.4496469069875289,-0.685921616390863,968
0.7863157308235277,2.2816547263335543,0.2304,0.0,0.0639133257436528,0.0,0.0,0.07007256153529208,0.014685483636421763,0.8090866165833153,0.17902270763911277,0.181133596355019,1.1386597122936952,2.1481558087025805,-0.4454527698374371,-0.546238806538381,-0.6436319054428989,0.6591188257962425,-0.13596356703062185,-0.7673124760543242,971
0.2466643809766059,1.2562637691749257,0.16809999999999997,1.2481278786312648,0.07045846364856141,0.0,0.0,0.006104759886000952,0.004943337316125731,0.0,2.3469246879987344,2.7774332834730595,0.6135265135836394,2.3630436320673556,0.6248077671049951,2.641722412465911,0.234048893067319,0.5808255426689592,-0.4735854774230714,0.6856295258132936,974
0.0,0.45627288034580543,0.09,0.0,0.07973496801885356,1.0616309829709105,0.585404443780831,0.019611550849729795,0.6778607956989522,0.0,0.9272925279793011,0.6648240933323804,-0.7088567829374758,-1.7592384561048364,1.0441472805203045,-0.6751028006126817,0.5441893937330913,1.3883982537354302,0.4157034319353978,-0.5302030339299563,975
0.0496122560132309,0.10664289452517259,0.0841,0.0488266144487674,0.10345870836822998,0.9166334959107316,1.172304112038367,0.4418237972440817,1.056314484934064,0.0,1.5380327981526363,0.6648240933323804,0.835744628452258,-2.7379002412262055,1.2219237146123068,-0.6868009128502638,1.1890454711577845,-0.14404724077635805,0.18920522887089783,0.2639200575229258,977
0.0,0.5345784794872352,0.1024,0.58084389117525,0.05921185963184609,0.0,0.0,1.7828444440731883,0.03919234640701822,0.0,0.6284203715484423,2.7774332834730595,-1.0065544207393706,1.7830063292157894,0.28349455067029283,1.0307191335674784,1.1266709543991418,0.3041362627084407,-0.1865814667693952,1.3636698850376148,978
0.37253826621486796,0.03043585615848893,0.09,0.0,0.06297479916138844,0.0,0.0,0.27504090725398556,0.0032893468687716027,0.26764376658974054,0.002861373273662736,0.181133596355019,0.5163568901810958,0.9460124485792828,-0.8836598252887587,-0.10970110334504374,-0.37142678002339347,0.11631082930820262,0.4367789042667831,-0.17427786079245675,980
0.5189723484619305,3.3475283849492246,0.06760000000000001,0.0,0.07603468627599762,0.0,0.0,0.040956343063367574,0.15168151999999027,0.0,0.16689829373793028,0.6648240933323804,0.2770915075567206,-0.9789621993468784,-1.4867320482409756,-0.013206634945929805,-0.11111550815214256,-1.351789207009419,0.20992396176298508,-0.29610511655264476,981
0.0,0.003984229648887772,0.1024,0.0,0.06765864847381481,1.4933498470849937,0.5508392479985759,1.7552082679333014,0.034230375064955826,0.669072844505199,5.158374322624548,0.181133596355019,-1.6487042030603045,0.4351295564595633,3.472699753073761,-0.40497095466520033,0.1860728883696092,-1.2122865502975289,0.0470375022808298,-1.3789626995628965,982
0.37253826621486796,0.03043585615848893,0.09,0.0,0.06297479916138844,0.0,0.0,0.27504090725398556,0.0032893468687716027,0.26764376658974054,0.002861373273662736,0.181133596355019,0.5163568901810958,0.9460124485792828,-0.8836598252887587,-0.10970110334504374,-0.37142678002339347,0.11631082930820262,0.4367789042667831,-0.17427786079245675,983
0.0,0.07338314643238054,0.0,0.0,0.06203539091945264,0.0,0.0,0.3327177027072199,0.7870419883972198,0.0,0.6284203715484423,0.181133596355019,-1.4013974394360313,1.0852324997159406,-1.0051399277552895,0.5470801138439518,-0.08494702933884746,-0.004028460619492758,0.231236071781952,-0.09141911263857473,985
0.0,0.9097816245164132,0.09,0.0,0.07696104113612832,1.0616309829709105,0.5508392479985759,0.01074930987910722,0.6778607956989522,0.0,0.9272925279793011,0.6648240933323804,-0.8174752809432444,-1.6099799531564105,0.9636289850372531,-0.9847518482216409,0.7370963176614803,1.579414867672885,0.467379732245491,-0.6351905661520133,987
0.0,0.6190821534750112,0.0144,0.0,0.0925791812930931,0.2853149261682657,0.0,0.1601597627064195,0.9291817924666731,0.0,0.9272925279793011,0.6648240933323804,0.02088820415958091,-0.5032294500758457,-0.6816401145858145,-1.0051737559515956,1.2574358932076608,0.7770764535895932,-0.6180443405106887,0.3009870446488291,988
0.5848618305138175,1.730996039320373,0.16000000000000003,0.0,0.07045846364856141,0.0,0.0,0.3696452924323702,1.1915959320623335,0.0,0.17902270763911277,0.181133596355019,0.47694303796397725,1.4375492146616182,-0.3610128336210251,-0.614963153868338,1.7706224088400881,0.2464286485412681,-0.21895867216197457,-0.19036950535773092,989
0.0,0.6190821534750112,0.0144,0.0,0.0925791812930931,0.2853149261682657,0.0,0.1601597627064195,0.9291817924666731,0.0,0.9272925279793011,0.6648240933323804,0.02088820415958091,-0.5032294500758457,-0.6816401145858145,-1.0051737559515956,1.2574358932076608,0.7770764535895932,-0.6180443405106887,0.3009870446488291,990
0.0,1.1345716461090758,0.07840000000000001,0.0,0.0788111804242897,0.9166334959107316,0.5150363918549524,0.011853439589774702,0.7870419883972198,0.0,0.9272925279793011,0.6648240933323804,-0.7620578337622705,-1.4933675086015468,0.7703481071831206,-0.6814095515697896,0.7368775216506789,1.760502537157927,0.29783783959548316,-0.4933819228059457,991
0.0,1.1345716461090758,0.07840000000000001,0.0,0.0788111804242897,0.9166334959107316,0.5150363918549524,0.011853439589774702,0.7870419883972198,0.0,0.9272925279793011,0.6648240933323804,-0.7620578337622705,-1.4933675086015468,0.7703481071831206,-0.6814095515697896,0.7368775216506789,1.760502537157927,0.29783783959548316,-0.4933819228059457,993
0.0,0.1461007174643103,0.0036,0.0,0.07603468627599762,0.2853149261682657,0.0,0.015489638149181237,0.2541861521208982,0.0,0.09993636845209211,0.181133596355019,-0.5401380990169212,-0.2202993444292199,-0.10787073052542476,-0.09501708749416563,-0.14404509648274055,0.09696973733841079,0.8412443525346601,0.161576882051826,995
0.29040662823005287,2.952510921907319,0.11560000000000002,0.0,0.048790164169432,0.0,0.0,0.3823862349106816,1.486605090301532,0.0,1.5380327981526363,0.181133596355019,0.0950543883720569,-0.1771036306612772,-2.3458766761416796,-0.400727912002071,0.8780501577392343,-1.3038306057125464,0.5359986638301543,1.4087195884338088,998
0.0,0.7801344920021048,0.0,0.0,0.05354076692802982,0.0,0.0,7.0472541646145554,1.0298506377764036,0.0,5.158374322624548,0.181133596355019,-3.40594247765278,1.8294980368253186,-0.701833779912156,0.7293088764393392,0.540554865298038,-1.2279892525664498,-0.5712437157291257,-0.19962297752713973,999
0.0,0.3182559066019819,0.09,0.0,0.06015392281974709,0.0,0.0,0.8553598821300883,0.6778607956989522,0.31157001331400547,0.9555828270820602,2.7774332834730595,-1.152545985392,2.425909153701492,-0.1616151136697837,0.3208613470718233,-0.37013720888467694,0.2182661034916389,0.3989848616607487,0.4512737904303013,1000
0.0,0.3182559066019819,0.0841,0.0,0.07788653865707124,0.7469872683844655,0.0,0.1323775701397009,0.15168151999999027,0.0,0.017244329669892283,0.6648240933323804,-0.2833880359060246,-0.5713094974278987,0.2464096970041669,-0.8270722944157675,1.0648464606010024,0.3499096943831559,-0.2986952308067971,-0.6127320425947026,1004
0.0,0.9097816245164132,0.1024,0.0,0.06485097231961633,0.0,0.0,4.168542366092334,0.09776642190467841,0.0,4.747172671208599,2.7774332834730595,-2.1530177714434187,3.244686273030783,-0.16219949661874172,0.4521703815263226,1.021438255227976,-0.10717263021826505,-0.3366856972841756,0.3573039675008542,1005
0.37253826621486796,1.8050130099017827,0.10890000000000001,0.0,0.06109509935981088,0.0,0.0,0.6654800028059192,0.10603637414144908,0.7274510450063292,1.3510543650016476,2.7774332834730595,0.16040312986295047,2.7534329766926326,0.8371842771910286,-0.44680047493518776,0.010652258874756008,-0.09477679443581578,0.032062128054411596,0.09534635706617912,1006
0.37253826621486796,1.6585285874505502,0.11560000000000002,0.0,0.06203539091945264,0.0,0.0,0.6654800028059192,0.10603637414144908,0.7274510450063292,1.3510543650016476,2.7774332834730595,0.14807246789164186,2.788959926600345,0.7212725721467861,-0.4439953283129921,-0.015901361909342056,-0.13272438192970293,0.035027151059282155,0.11005246826465788,1007
0.29040662823005287,1.019077597889572,0.16000000000000003,0.58084389117525,0.10436001532424277,0.0,0.0,0.41518303526975775,0.2674180756997283,0.22169899923487,2.0723412013547255,2.7774332834730595,0.25964930718296325,2.4521311581243967,0.7817162800626606,0.8781631122930854,0.4619148104174356,-0.13854959403023592,-0.20271598768951432,0.41689056706989175,1008
0.29040662823005287,1.9576955071993605,0.2025,0.0,0.06485097231961633,0.0,0.0,2.7466388884167148,0.15168151999999027,0.0,2.947323473076236,2.7774332834730595,-0.7813514296413586,3.1839154387425883,-0.04381285510850063,0.042127314026556166,1.5592300019755958,-0.07454935976206231,-0.1628444361747407,0.11092291241371023,1010
0.29040662823005287,1.3841539670871217,0.0961,0.0,0.08434114843375087,0.0,0.0,0.28650313772959846,0.8101978546601726,0.0,0.001514216173531351,0.181133596355019,0.37444004011071313,1.18268315820563,-0.47030497261932225,-0.46939126867930053,1.2379098539858928,0.5050688385759231,-0.30066569736208554,0.31782990823562385,1011
0.0,6.952849695497134,0.0225,0.0,0.09712671073072274,0.0,0.0,0.128624558438908,0.2674180756997283,0.0,0.16689829373793028,0.6648240933323804,-0.7993617699695325,-1.4996943367146427,-1.8025191599556296,0.38436551504878846,0.31033388639965503,-1.7540233302444366,0.03868183096687036,0.5001694292483814,1012
0.0,0.9892097096536396,0.0,0.0,0.0880108773227133,0.48418381194589716,0.0,0.03904944171587402,0.19389748738793933,0.0,0.16689829373793028,0.181133596355019,-0.9702125780366845,-0.43732380303507584,-0.3779831023540798,-0.19881002380302412,0.012603649348558644,-0.3494008067414047,1.0619022684586468,0.2424766351386945,1013
0.0,0.07338314643238054,0.0256,0.0,0.11332868530700317,0.0,0.0,1.2946713721398937,0.33750948554092247,0.0,0.4904550496763695,0.181133596355019,-0.7280964525256562,1.4385237688897563,-1.2731478363312054,0.14900973480275545,0.6142419914260723,-0.714540373101241,-0.512958119758409,0.5279554918098838,1014
0.29040662823005287,0.7097839023091328,0.16000000000000003,0.0,0.0657877405380031,0.0,0.0,0.9440226853861796,0.06853998294379059,0.4328370920202075,3.976001180166172,2.7774332834730595,-0.3550814252812116,2.836727321982453,0.7632312666781409,0.20136497497983546,0.37723227162024897,-0.6401911560261715,-0.007249184468017103,-0.15300832861345323,1016
0.0,3.8254145967241575,0.1369,0.0,0.04783732941416013,1.0948180332928596,1.0730827627400388,11.970445876481953,7.221977375056627,0.0,4.353048290389135,0.181133596355019,-1.2868920346370716,1.2719312385574495,3.0788012248835517,-1.9037142649601388,4.156658035023929,-1.237610377056508,-1.7502001809556098,0.020872985872363012,1018
0.0,0.03043585615848893,0.019600000000000003,0.0,0.07510747248680541,0.0,0.0,0.037023413628044725,1.9538466977751774,0.0,0.001514216173531351,0.6648240933323804,-1.3443435335713692,-0.05715134989042729,-1.037142038628021,-0.05202641108792178,-0.5123870615720042,0.9427719650770655,-0.16236063333654013,-0.5896143759522664,1019
0.9970545016232787,0.9097816245164132,0.43560000000000004,0.0,0.11600367575630613,0.0,0.0,0.02600057809715823,0.5021385692059677,0.0,1.8148349853072083,0.181133596355019,1.0229357676107882,2.150548822779176,-1.0102855573404943,0.6284258639629876,1.3672349078561568,-0.16921569527152902,-0.32997946621056923,-0.8246350631816802,1020
0.9970545016232787,0.9097816245164132,0.43560000000000004,0.0,0.11600367575630613,0.0,0.0,0.02600057809715823,0.5021385692059677,0.0,1.8148349853072083,0.181133596355019,1.0229357676107882,2.150548822779176,-1.0102855573404943,0.6284258639629876,1.3672349078561568,-0.16921569527152902,-0.32997946621056923,-0.8246350631816802,1021
0.0,0.014111005480515507,0.0081,0.0,0.06015392281974709,0.0,0.0,0.21393875765621756,0.06192402115437553,0.0,0.002861373273662736,0.6648240933323804,-0.9623992886670112,0.28891163917236395,-1.6265023449499332,0.10844093631334652,0.16483269328060288,0.5241509641569083,-0.7986522132459523,0.016636061207287233,1022
0.0,1.3841539670871217,0.17639999999999997,0.0,0.0934903430873389,0.0,0.0,0.7529307398755939,0.06853998294379059,0.0,2.947323473076236,0.181133596355019,-0.6062328497666395,2.335734673881927,-0.6461692309837745,0.5123764810316036,1.0014261512215787,0.21210408687647359,-0.8690241923376824,-0.3008982610589551,1023
0.0,0.07338314643238054,0.0001,0.0,0.08434114843375087,0.0,0.0,0.29773296954657463,0.0032893468687716027,0.0,0.002861373273662736,2.7774332834730595,-0.7799508783317142,1.202564796960149,-0.523342822607254,0.08568083245238987,0.45067275545325164,-0.2147220935622244,1.0908321624411963,0.9558309389206149,1024
0.1529841784803131,2.7642993026558846,0.0,0.18026934961129024,0.09075436326846414,0.12669271367382126,0.0,0.598743814695972,0.014685483636421763,0.0,0.001514216173531351,0.181133596355019,0.09886774318952457,-0.7176498296428732,-0.451259729698017,0.8493440268306175,-0.30472507391521503,-0.9870859833344243,1.0946111306179904,0.15942124124935142,1025
0.0,1.5182422398456628,0.1024,0.0,0.0639133257436528,0.0,0.0,2.5771564297319087,0.3992097455694669,0.0,3.976001180166172,0.181133596355019,-1.685540270418297,1.9808398481807534,0.5374593735192918,0.18955734575145505,1.0646852008190686,0.22952537289246805,-0.5838725024581561,-0.8184636144938356,1026
0.0,2.1543684746908394,0.0,0.0,0.06297479916138844,0.7921722744537854,0.17027312080173776,2.348947651541108,1.3052543057991257,0.0,1.1447799607436075,0.6648240933323804,-2.78567265365407,-0.9736779280859951,0.41402333086955695,0.49704718419525523,0.2917251324012824,-0.9667495725365897,-0.18174077410596454,-0.7281168798637626,1027
0.0,0.07338314643238054,0.0001,0.0,0.08434114843375087,0.0,0.0,0.29773296954657463,0.0032893468687716027,0.0,0.002861373273662736,2.7774332834730595,-0.7799508783317142,1.202564796960149,-0.523342822607254,0.08568083245238987,0.45067275545325164,-0.2147220935622244,1.0908321624411963,0.9558309389206149,1029
0.0,2.5822857582507965,0.0,0.7683939275323008,0.09075436326846414,0.0,0.0,0.8836250975086977,0.09776642190467841,0.0,0.6055187008462087,0.6648240933323804,0.26545105884856146,-1.2667637201282416,-1.9548006511934763,1.6297154675956183,-0.6525326478976299,-0.08910722594332979,-0.012117493057019727,0.44014011651608576,1032
0.29040662823005287,1.4147478109399028,0.0324,0.0,0.07417939817425151,0.0,0.06166965793063503,0.11739640280090351,0.5021385692059677,0.0,0.47024769317440096,0.181133596355019,0.4266403745331113,-0.8250200392396918,-0.7243795327619164,0.3298984904251949,0.8319939821541998,-0.7549211697432657,0.840154347348725,0.7414814969935155,1034
0.7048924198238723,0.8066837259896001,0.11560000000000002,0.0,0.08157998699242289,0.0,0.0,0.0026762658572689604,0.8101978546601726,0.0,0.021285800970286428,2.7774332834730595,1.2277610318752137,2.0879167212641283,-0.5053375110832813,0.03254442090487016,0.6644711672433358,0.060487367067008614,0.4968135698153126,0.6849261440185331,1035
0.0,1.5182422398456628,0.11560000000000002,0.0,0.0788111804242897,0.6996635591645785,0.0,2.7123106507764776,0.33750948554092247,0.0,3.6160313405397013,2.7774332834730595,-1.101463372024762,2.2798835007909832,1.7205632236555182,0.16509936286012414,1.4999334073680377,-0.25689682278040926,-0.15467287898067322,0.17875282678789597,1036
0.200920876370925,0.45627288034580543,0.16809999999999997,1.3097013771259076,0.07510747248680541,0.6499885853699919,0.0,0.5521156348765642,0.2054754205194157,0.5062131032589602,3.976001180166172,2.7774332834730595,0.37759609236754793,1.8633680401565782,2.519317459062575,2.277129894564224,0.06444206734933818,-0.45025371935401176,-0.6705483885122345,0.4849603451967079,1038
0.29040662823005287,0.03043585615848893,0.04409999999999999,0.0,0.08434114843375087,0.42218689553501815,0.0,0.00969914840635657,0.014685483636421763,0.6986878860637159,0.36956699840079166,0.181133596355019,0.19754681552697628,0.7689626880443927,0.6655094167625735,-0.264391441699693,-0.6202666858782624,-0.3179448640807484,0.2702917509309374,-0.5416704942903023,1039
0.0,0.05295878168280805,0.0361,0.0,0.07603468627599762,0.0,0.0,0.4286795330787365,0.19389748738793933,0.0,0.3520539560990836,0.181133596355019,-0.9852833997075998,0.41525725716037615,-0.5112071011219754,-0.5903251567836035,-0.10626716606840063,0.5757125168752892,0.25210687561662704,0.6610876339327988,1041
0.0,0.6190821534750112,0.10890000000000001,0.4487122455572867,0.044973365642731154,0.0,0.1956761943904252,3.8768669401255234,0.09776642190467841,0.0,2.6385854452392365,0.181133596355019,-1.874126400591115,1.4432755765426577,0.9700846014527715,0.615196044546927,0.5862249625598495,0.00877216655854638,-1.266792001053351,0.3381951761343122,1044
0.0,0.25854453199958866,0.0,0.0,0.06765864847381481,0.9549010302251432,0.0,1.490719518872107,0.0032893468687716027,0.0,0.7834629640170051,0.181133596355019,-1.6080106081620134,0.5801169081817712,1.1167782690822154,-0.6187584180693918,0.9634972352767834,-0.03689781458710699,0.15544319128160644,-0.3359104656485459,1045
0.0,1.9162123290939006,0.0,0.0,0.07325046173959267,0.9917579743817846,0.0,0.1005433213973447,4.196476200635395e-05,0.0,0.056787499263402444,0.181133596355019,-0.9878938595346132,-0.6804783805523471,0.6364202225219673,-0.1930799385410008,0.18776475422948605,-1.1805807038176157,1.034165771440701,-0.09889411061241572,1046
0.0,0.3182559066019819,0.028900000000000006,0.0,0.0788111804242897,0.7469872683844655,0.14420787327573903,0.04112943804158537,1.3052543057991257,0.0,0.001514216173531351,0.6648240933323804,-1.1744215472454695,-0.6652520932669109,0.5728738059969571,-0.545913207163072,-0.14968202674637346,0.9656137623638298,0.010573974331542809,-0.9143834857546025,1047
0.44843328352162587,0.05295878168280805,0.1296,0.0,0.07788653865707124,0.0,0.0,0.022629333839624628,0.06853998294379059,0.5409761286623967,0.17902270763911277,0.181133596355019,0.5557462795846662,1.538713502855,-1.0215366468567242,-0.31457348837821136,-0.46449313615290916,-0.2829365504838311,-0.02179511503949584,-0.15779440557213456,1048
0.44843328352162587,0.03043585615848893,0.1296,0.0,0.08065790301745447,0.0,0.0,0.02586298978113893,0.06853998294379059,0.5062131032589602,0.10936646815301185,0.181133596355019,0.559372282871467,1.3278841957975764,-0.8285550361092913,-0.2987568557357715,-0.4046050814035194,-0.28093551848782283,0.06814807710249769,-0.15148381085976462,1049
0.10263334224906732,0.15771600733383928,0.34809999999999997,0.0,0.346422567474381,0.03682537009038924,0.0,0.022629333839624628,3.2175096580917177,1.6102560763158122,1.3173754374983664,0.6648240933323804,1.9629573379497949,0.31754875591582077,0.5002115497855472,-2.904083150005065,-2.5020749051618756,-0.796746095855881,-1.4734597580038455,0.39226742654047586,1051
0.0,0.16815390700125882,0.0025000000000000005,0.0,0.07045846364856141,0.2853149261682657,0.0,4.648260886250363,2.5258529156965137,0.0,5.158374322624548,0.6648240933323804,-3.5404612401771525,0.6539168814168367,0.18045100140904266,0.9066961873793411,0.1678415339146402,-0.36810047722744127,-1.1078942881397584,-1.0792302392343647,1052
0.0,1.2562637691749257,0.17639999999999997,0.0,0.06765864847381481,0.0,0.0,1.646822292889334,0.19389748738793933,0.5062131032589602,4.353048290389135,2.7774332834730595,-0.9649953656170402,3.181851118137147,0.655021870172166,0.3423985773906858,0.016899661469204234,-0.15941103251249056,-0.1406551658200374,-0.19114021414227886,1053
0.0,0.3659127576843181,0.0729,0.0,0.09075436326846414,0.0,0.6669260031341623,0.14760086269645764,1.3350261338514937,0.0,1.5380327981526363,0.181133596355019,0.8432306630198924,-0.6902116573290689,-0.6413918818090157,-0.7100973587691779,0.31707139194329315,-0.5409382021473559,0.2960338504202019,1.4567127514734406,1055
0.29040662823005287,0.08167978205347286,0.28090000000000004,0.7335928619575884,0.09621885774054283,0.0,0.0,0.2044359094521948,0.41574965004300457,0.0,2.3469246879987344,2.7774332834730595,0.26578139339368995,2.4235014191021076,-0.2588164857612713,1.6668386607860364,0.6380666401062977,-0.5001156058879596,-0.19382254612981126,0.7201531670611971,1056
0.0,0.3841653560507208,0.0625,0.6975368785261739,0.09893994785490356,0.7921722744537854,0.8521987184079803,0.3322250477691489,1.056314484934064,0.0,1.5380327981526363,0.6648240933323804,1.001415864607181,-1.986552385173144,1.2323716169420431,-0.1762900079437528,0.7267307096554745,0.807796989777509,-0.6252648857440748,0.6583940585757425,1057
0.6466769629007264,5.552866360572911e-05,0.32489999999999997,0.0,0.08892620919440151,0.8768430875563626,0.17027312080173776,0.03685919531537657,0.5966762430298194,0.470197951593395,1.1447799607436075,2.7774332834730595,0.8300723204420786,1.1336685658031986,1.6834617802117917,-0.002926637913461188,0.3692329973076524,-1.1057057358435392,1.0704659511534096,-0.25683761422074114,1058
0.29040662823005287,0.08167978205347286,0.28090000000000004,0.7335928619575884,0.09621885774054283,0.0,0.0,0.2044359094521948,0.41574965004300457,0.0,2.3469246879987344,2.7774332834730595,0.26578139339368995,2.4235014191021076,-0.2588164857612713,1.6668386607860364,0.6380666401062977,-0.5001156058879596,-0.19382254612981126,0.7201531670611971,1059
1.0584676340849346,2.8140791163824384,0.32489999999999997,0.0,0.07138999608667293,0.0,0.0,0.5061609484480453,1.1915959320623335,0.22169899923487,0.2509374896202608,0.181133596355019,2.382203974572963,1.7260103412740238,-1.1907921281023228,-0.7695335520826361,0.5644213859946264,0.7762184828111731,-0.002168706918499642,-0.22450779506105747,1060
0.37253826621486796,0.5345784794872352,0.25,0.0,0.06859279146561172,0.0,0.0,1.20182824961264,0.41574965004300457,0.17354122620610013,3.6160313405397013,8.453723154686502,-0.24674889827968952,3.692614351329171,0.37928401705760284,0.2053942926419996,0.8307345961830571,-0.9039829675998313,0.7167192598141864,0.6353368675301662,1061
0.0,0.7097839023091328,0.1936,0.0,0.0934903430873389,0.0,0.0,0.34481102633060623,0.004943337316125731,0.0,0.7834629640170051,0.181133596355019,-0.47047600458778865,1.743357975307087,-0.6078728360917206,-0.06683321480542734,0.3513438773678298,0.2532412512041055,-0.4224498404282038,-0.07489054155802312,1062
0.7327766880855823,1.8050130099017827,0.42250000000000004,0.0,0.07232066157962612,0.0,0.0,0.314982479056293,0.33750948554092247,0.0,1.5744060398561839,0.181133596355019,0.5946670284189098,2.206667548962891,-0.3588143207433445,0.1790903096074945,0.9614193462115841,0.10218522914989049,-0.6732617813403443,-0.5721603175836943,1063
0.0,1.3493080974785343,0.0081,0.0,0.06485097231961633,0.0,0.0,1.7552082679333014,0.03919234640701822,0.0,1.5744060398561839,0.181133596355019,-1.255382167080158,1.2669373104360833,-1.228059891167424,0.5926520772405215,0.47739700998825507,-1.488134599334663,-0.24434425500803975,0.1611794598714852,1064
0.0,0.19175661524979373,0.0324,0.0,0.07973496801885356,0.0,0.0,0.0499891057235251,0.017993464531129294,0.0,0.05005171376274625,0.181133596355019,-0.3186799630260857,0.47136090045942425,-1.1162273593218792,0.22573225907677685,0.008412913441639431,-0.1469640574234056,0.10854630970609232,0.7666350851074465,1065
0.0,0.003984229648887772,0.0064,0.0,0.06765864847381481,0.0,0.0,2.67819828608786,0.32262357151473864,0.31157001331400547,3.6160313405397013,2.7774332834730595,-1.994936537883313,2.3545272400228336,0.7030904183787972,0.5377403187434336,-0.11380655610511624,-0.6715896535481831,0.028112598304477696,0.41243839386695824,1066
0.9539116751161125,1.5182422398456628,0.28090000000000004,0.0,0.05826890812397577,0.0,0.0,0.2754891788642418,3.4505761611506007,0.6986878860637159,0.17902270763911277,2.7774332834730595,1.9202254278950284,2.9915962181896245,-0.30646270305888684,-0.6539511563794126,0.5178207165305515,-0.5865641264146998,-0.29155541852119876,0.7010293825644615,1067
0.0,0.24361058788162282,0.12249999999999998,0.18026934961129024,0.08250122151174369,0.7921722744537854,0.17027312080173776,0.019611550849729795,4.196476200635395e-05,0.0,0.10936646815301185,0.6648240933323804,-0.2668953941295417,-1.0146428770431328,0.5572945569991468,0.23633788940063988,0.1343138470245875,-0.3251390110310122,-0.17867584190554867,-0.6949373427464228,1069
0.44843328352162587,1.2562637691749257,0.2025,0.0,0.055434706888100586,0.2853149261682657,0.0,0.8267770426603792,0.6993626715145513,0.8600282693597463,0.36956699840079166,2.7774332834730595,0.4524639175149302,2.2974269024653795,1.150295028590291,-1.228975440543982,0.07505513434769145,-0.45670725233450593,0.20401517065169278,0.30339866599725773,1070
0.0,1.7651891589205408,0.04000000000000001,1.630481408475131,0.0934903430873389,0.8768430875563626,0.8778848095792277,1.2936993772622094,0.5021385692059677,0.0,1.3173754374983664,0.6648240933323804,1.4278539315800802,-3.276650029482123,1.6680709276424222,2.812028676313697,-0.3823260251836534,-0.021685738927610786,-0.8338684463936221,1.4457509521223386,1071
0.0,0.24361058788162282,0.10890000000000001,0.11670607820206329,0.08434114843375087,0.03682537009038924,0.0,0.059503663571498236,4.196476200635395e-05,0.0,0.056787499263402444,0.181133596355019,-0.16699371471528723,0.040223561333382875,-0.19166292545542185,0.5532870894760301,0.16731373865553337,-0.2643899390917509,0.46370111458669583,0.17445102556515804,1073
0.6466769629007264,1.3841539670871217,0.31360000000000005,0.0,0.07045846364856141,0.0,0.0,0.5216686720326986,1.056314484934064,0.35364766214801746,0.7834629640170051,0.181133596355019,0.7421780441652795,2.3665782507555533,-0.70050552492799,-0.39690261331029175,0.5568878398147752,-0.1782815753773366,-0.895407327485734,-0.1353209059403794,1076
0.1529841784803131,0.8066837259896001,0.42250000000000004,1.3487401290115695,0.07696104113612832,0.0,0.0,0.5592231762626763,0.06853998294379059,0.0,0.2657562177217061,0.6648240933323804,1.2742780936435714,0.44027226111305584,-0.6537723671044484,2.6010180782769807,-0.12454274108048996,1.19613306482726,-1.7740304999034122,0.12692556517772535,1078
0.0,1.6585285874505502,0.4624000000000001,1.6589580884979023,0.048790164169432,1.1426206650865591,2.0893458855328486,3.4398912643880664,3.691791418870378,0.0,2.947323473076236,2.7774332834730595,0.5315718109984778,-1.4757424823073755,7.382503951621094,2.0126740844605693,2.969860973033237,-1.0767743780141172,-1.742135053580807,2.1306863873407424,1079
0.0,1.6585285874505502,0.4624000000000001,1.6589580884979023,0.048790164169432,1.1426206650865591,2.1300368727852357,3.4398912643880664,3.691791418870378,0.0,2.947323473076236,2.7774332834730595,0.5369053898349126,-1.6069291903342695,7.561784236014345,1.9641963786654355,3.011052983052734,-1.1219188801230304,-1.7429430988013423,2.153043120626797,1081
0.0,0.7097839023091328,0.09,0.0,0.07045846364856141,0.9166334959107316,0.5508392479985759,0.003859128758400055,0.4839446742850763,0.0,0.7578669791145087,0.181133596355019,-0.5941253431447175,-0.7277459831394868,1.2202394719502199,-0.8527367512392754,0.370829989300006,1.2228353241432774,0.9767312281873555,0.09860131040070216,1082
0.200920876370925,0.3841653560507208,0.2025,0.0,0.06952606264861023,0.9549010302251432,0.33587176666578866,0.08474651597826682,0.014685483636421763,0.5062131032589602,2.0723412013547255,0.181133596355019,-0.2442860106473553,0.7475244836023383,1.9491148985786608,-0.12132160766478342,0.10858441098662465,-0.33776641767403903,0.10833388172739229,-1.065135226378176,1083
0.0,0.08167978205347286,0.0064,0.0,0.07138999608667293,1.2175396164819738,0.4393393195580633,0.5598622961822496,1.486605090301532,0.0,0.6055187008462087,0.6648240933323804,-0.5480229476519624,-1.6499787032515802,1.1637020294153935,-1.277672101097861,1.6167135982995122,0.12033848166676982,-0.3816012762772062,0.2395245542108152,1085
0.10263334224906732,1.1345716461090758,0.16000000000000003,0.9550517647701686,0.05354076692802982,0.0,0.0,0.11386370238454506,0.19389748738793933,0.013362382868697018,1.1447799607436075,2.7774332834730595,0.44396177587208274,2.3190280669740266,-0.005977692840589347,1.9758206808740533,-0.2923198620939275,0.8775482533707957,0.0829631082866155,0.5621047704060317,1086
0.0,3.6107513509631217,0.17639999999999997,0.0,0.055434706888100586,0.20914565395635606,0.0,2.011705279451641,0.017993464531129294,0.17354122620610013,0.4904550496763695,0.181133596355019,-0.7296689529612878,1.8122685625004555,0.6973499167801849,-0.9877044228230094,0.7721574244195155,0.778262542997666,-0.7041779247057222,-0.1896125353291129,1087
1.0584676340849346,0.45627288034580543,0.2916,0.0,0.09075436326846414,0.48418381194589716,0.0,0.10358941056282114,3.4505761611506007,0.470197951593395,0.2509374896202608,2.7774332834730595,2.3227016612532045,1.2542080526167385,0.6026166392053447,-1.271357664537791,0.8902663872401629,-0.6819458182687667,1.0643763221359839,0.3911498587123632,1088
1.0584676340849346,0.45627288034580543,0.2916,0.0,0.09075436326846414,0.48418381194589716,0.0,0.10358941056282114,3.4505761611506007,0.470197951593395,0.2509374896202608,2.7774332834730595,2.3227016612532045,1.2542080526167385,0.6026166392053447,-1.271357664537791,0.8902663872401629,-0.6819458182687667,1.0643763221359839,0.3911498587123632,1089
0.6762082614831358,2.2816547263335543,0.2916,0.0,0.07973496801885356,1.273678951738023,0.6188146964961719,1.330378019013025,4.464329719994997,0.0,1.5744060398561839,8.453723154686502,0.7733183323912491,2.053732381346812,3.358344473602305,-0.9478937219819454,2.5210935896219286,-0.9573772276518525,1.0356795097769445,0.4976673129259891,1090
0.0,1.1345716461090758,0.17639999999999997,0.0,0.08250122151174369,0.0,0.0,0.4355087343400452,0.06192402115437553,0.0,0.7834629640170051,0.181133596355019,-0.6986322981922677,1.6550280565620212,-0.4003257414060891,0.03571893405410651,0.5017040641284228,0.5799900163623958,-0.3357386383507181,-0.1867254690487776,1091
0.0,0.0023249025246693767,0.0081,0.0,0.07788653865707124,0.0,0.0,1.0160048647969064,0.5768283576615741,0.0,0.9555828270820602,0.181133596355019,-1.6870247762945971,1.1972250390907773,-0.5628471519811146,0.37319851963559786,0.09854894217471617,-0.027763641972570217,-0.0500691787077089,-0.04068375536089873,1092
0.4112056088378546,1.5182422398456628,0.1296,0.0,0.07603468627599762,0.0,0.0,0.0909033334321907,0.014685483636421763,0.7826083945763022,2.0723412013547255,2.7774332834730595,0.22568146008680395,2.7412278890267805,0.8157901803277254,-0.08044182671756385,-0.38587258896581506,-0.03206800506253681,0.26289784822514445,-0.2397987219055415,1093
0.0,1.162286069363948,0.0081,1.1596482826017465,0.11064652008706356,0.0,0.0,0.008782845161446085,0.06192402115437553,0.0,0.10936646815301185,0.181133596355019,-0.6693512235725424,-0.11622309268957447,-0.570382339960697,2.605726822646196,-0.14138781949677173,-0.07586783796091724,-0.3215558674160886,1.239246014972985,1094
0.0,1.162286069363948,0.0081,1.1596482826017465,0.11064652008706356,0.0,0.0,0.008782845161446085,0.06192402115437553,0.0,0.10936646815301185,0.181133596355019,-0.6693512235725424,-0.11622309268957447,-0.570382339960697,2.605726822646196,-0.14138781949677173,-0.07586783796091724,-0.3215558674160886,1.239246014972985,1096
0.1529841784803131,0.003984229648887772,0.1444,0.0,0.0916671885258238,0.0,0.0,0.0013378016192846338,0.5021385692059677,0.0,0.9272925279793011,0.6648240933323804,0.34742234511577813,-0.23294992594125183,-1.9091514023216911,-0.6929088915817603,0.7046486326257201,0.30018011317905957,-0.4331108732478492,0.25113380561373544,1099
0.0496122560132309,1.1345716461090758,0.17639999999999997,0.0,0.06952606264861023,0.5425604642575216,0.0,2.1313166479796437,1.6463328014124616,0.5409761286623967,3.273138771509722,0.181133596355019,-0.2586174549062527,1.9513549034504238,1.3521257517646843,-0.6299357077806046,0.817021193777866,-0.8407953228676331,-1.1721757989807933,-0.37452369644473826,1100
0.0,0.05295878168280805,0.0729,0.0,0.06859279146561172,0.0,0.0,2.1924175699534443,0.06192402115437553,0.0,2.0723412013547255,0.181133596355019,-1.5462964753971087,1.498770912449989,0.1254198013606425,0.1786430951629601,0.4522090751156923,-0.3996835352138545,-0.5006890048226019,-0.1860263233736341,1101
0.0,0.05295878168280805,0.0729,0.0,0.06859279146561172,0.0,0.0,2.1924175699534443,0.06192402115437553,0.0,2.0723412013547255,0.181133596355019,-1.5462964753971087,1.498770912449989,0.1254198013606425,0.1786430951629601,0.4522090751156923,-0.3996835352138545,-0.5006890048226019,-0.1860263233736341,1103
0.0,0.08167978205347286,0.11560000000000002,0.0,0.07045846364856141,0.03682537009038924,0.0,2.644301794350862,0.03919234640701822,0.013362382868697018,3.273138771509722,0.181133596355019,-1.2360841943369858,1.7594031361721596,0.4054764024755924,0.16026910916061615,0.653460319382783,-0.7889802001219921,-0.7448343903785687,-0.3663784065878398,1104
0.0,0.0463214731859342,0.07840000000000001,0.0,0.046883585898850416,0.0,0.08994614192826365,2.413070794837578,0.3992097455694669,0.0,4.747172671208599,0.6648240933323804,-2.4070780883601874,0.6454476178114831,0.19042480036566653,0.420331677586342,0.32206756125480956,-0.7093076700435897,-1.3095354191633677,-0.899023669891632,1105
0.37253826621486796,1.6585285874505502,0.16809999999999997,0.0,0.0657877405380031,0.0,0.0,0.6074755970126215,0.06853998294379059,0.7554099632452922,1.3510543650016476,2.7774332834730595,0.16494877050579954,2.864842511801947,0.6005822215760758,-0.4191002320284703,-0.12153893439916776,-0.1058137575483737,0.011655909200203138,0.12131550841730233,1107
0.0,1.9162123290939006,0.010000000000000002,0.4487122455572867,0.08617769624105233,0.0,0.0,0.8934181135220886,0.09776642190467841,0.0,0.7578669791145087,0.6648240933323804,0.16183148702405944,-1.1638970308944625,-2.2096988198462193,1.18230957430342,-0.3620213518072388,0.07969274141937362,0.1658333911060401,0.3137792868932515,1108
0.8854930909232513,0.11659885727048336,0.18489999999999998,0.0,0.1578580846155803,0.7469872683844655,0.47790394060861674,0.5827736546089219,0.8101978546601726,0.470197951593395,0.10936646815301185,0.181133596355019,1.6340652918316088,0.17285637565731163,1.1768696657087725,-0.5721281176703886,0.35665709354376307,-0.6256636298310831,0.5956484172846791,-0.7755954251273871,1109
0.0,5.552866360572911e-05,0.0,0.0,0.06765864847381481,0.0,0.0,0.17287594023214262,0.15168151999999027,0.0,0.16689829373793028,0.181133596355019,-0.11759372596840732,0.85827020608883,-1.279070652498036,-0.6345796146272721,0.1828907577201885,-0.07859820742926014,0.13542885515291264,0.5845780698696671,1110
0.0,0.3841653560507208,0.0729,0.0,0.0880108773227133,0.5425604642575216,0.2446246896822607,1.1015083069691154,8.961472712196194,0.0,2.947323473076236,2.7774332834730595,-3.309794512936122,1.4715556948578215,1.6381040461295306,0.6715128965925303,-0.5725216382493884,0.953697168125546,1.2809581613637537,-0.5129114417646627,1111
0.0,1.2562637691749257,0.16809999999999997,0.0,0.05448818528406963,0.0,0.0,2.071079217812488,0.017993464531129294,0.26764376658974054,0.2657562177217061,0.181133596355019,-0.7583412402668575,1.7478484393366813,-0.16414843422592412,-0.8768564460925438,0.37853818575398546,0.21102057951248537,-0.7585232737060287,0.26510207872325203,1112
0.0,0.5345784794872352,0.25,0.8345607581462006,0.044973365642731154,0.8354035567659245,0.7128284753944212,11.50772033964258,1.3052543057991257,0.013362382868697018,8.51494945923798,0.181133596355019,-3.616638739761192,1.3407773567785848,3.159390833165858,1.1847093048506572,0.5921276633532208,-0.35178064708332535,-1.773813960373537,-0.11088096685256273,1114
0.0,0.7801344920021048,0.004900000000000001,0.0,0.08709470685093376,0.0,0.0,0.2754891788642418,0.19389748738793933,0.0,0.6284203715484423,0.181133596355019,-1.3251446871484958,0.4647188834281763,-0.38595729351388974,0.7083675638638651,-0.11846834502020777,-0.5963343715760052,0.24092864967009528,0.14589045131147738,1115
0.0,0.7801344920021048,0.004900000000000001,0.0,0.08709470685093376,0.0,0.0,0.2754891788642418,0.19389748738793933,0.0,0.6284203715484423,0.181133596355019,-1.3251446871484958,0.4647188834281763,-0.38595729351388974,0.7083675638638651,-0.11846834502020777,-0.5963343715760052,0.24092864967009528,0.14589045131147738,1116
0.0,0.7801344920021048,0.004900000000000001,0.0,0.08709470685093376,0.0,0.0,0.2754891788642418,0.19389748738793933,0.0,0.6284203715484423,0.181133596355019,-1.3251446871484958,0.4647188834281763,-0.38595729351388974,0.7083675638638651,-0.11846834502020777,-0.5963343715760052,0.24092864967009528,0.14589045131147738,1117
0.0,0.6190821534750112,0.0144,0.0,0.06297479916138844,0.0,0.0,4.783626541913964,0.004943337316125731,0.0,6.973953634253272,0.181133596355019,-2.1452923691003716,2.2767425269295667,0.4571602974218984,0.46098191906032987,1.4177911802186607,-0.539604507764252,-1.1427800075922683,-0.5029633830526423,1118
0.0,0.5130072268723961,0.0,0.0,0.0639133257436528,0.0,0.0,4.693166898519944,1.77947546778984,0.0,5.158374322624548,0.6648240933323804,-3.360696250303254,1.0432702395532953,-0.702856724789739,1.0783305991624181,-0.13097541192034381,-0.6786705249932318,-1.4571941493036173,-0.6670640230997016,1119
0.0,0.0023249025246693767,0.11560000000000002,0.0,0.07325046173959267,0.0,0.0,5.177713356804174,0.5021385692059677,0.31157001331400547,6.032009437245921,8.453723154686502,-1.3367300923242538,3.7404046761898315,0.7298387526738894,0.6520234722317039,0.6867853716031297,-1.7771012185413801,0.04846242587809316,1.1335722649902038,1120
0.0,0.11659885727048336,0.0,0.0,0.05354076692802982,0.7469872683844655,0.0,5.5383893940985125,0.7870419883972198,0.0,2.947323473076236,0.181133596355019,-3.091802438543444,1.1189672525710317,0.8654890802200615,-0.056523919544937455,1.2922849608985976,-0.1568958208968762,-0.14463057126365658,-0.5284382323861818,1122
0.2466643809766059,2.6304062448531313,0.12249999999999998,0.0,0.05354076692802982,0.0,0.0,2.101089996420173,1.1915959320623335,0.0,0.6284203715484423,2.7774332834730595,-0.11297858584168932,2.5294419926636174,0.45323923887073475,-0.6554827125081579,1.656051568186609,0.09061727633566397,-0.13863905808080562,0.670707285319745,1125
0.0,1.6203640635935261,0.0,0.2400326664001431,0.06952606264861023,0.6996635591645785,0.17027312080173776,2.3330517863118403,1.6132529924653793,0.0,0.9555828270820602,0.181133596355019,-2.5728995507025574,-0.20480401389657044,0.912206383778484,0.8395763940348092,-0.1351597400979847,-0.8340373392504264,0.3058950662787779,0.07229558081391878,1127
0.6762082614831358,0.3182559066019819,0.10890000000000001,0.11670607820206329,0.09075436326846414,0.7921722744537854,0.8391039440872766,0.7521895383020997,0.33750948554092247,0.122946425483153,0.16689829373793028,0.6648240933323804,1.4503282843873428,-1.2773432928217687,1.1928677983152702,-0.5517542116632528,0.4369265376830915,0.19151827269543975,-0.08099046518467165,-0.8176079024217673,1128
0.37253826621486796,0.1461007174643103,0.0,0.0,0.05638033343610754,0.0,0.0,0.2536783617092879,0.6993626715145513,0.0,0.001514216173531351,0.181133596355019,0.757019101917766,0.7776508343066876,-1.4692145149281775,-0.004310324446548088,0.14830622001906404,-0.5093007742779325,0.30177530763344296,0.32795127992868395,1130
0.0,0.9097816245164132,0.11560000000000002,0.0,0.07232066157962612,0.20914565395635606,0.0,3.1754158303254694,0.19389748738793933,0.8348817894015947,8.51494945923798,2.7774332834730595,-1.7260561974204351,3.2543487429952305,1.7855848605359208,-0.09997989182306567,-0.2198203923555023,-0.8312383652602929,-0.32181207595290257,-0.5538035892645301,1132
0.0,0.08167978205347286,0.004900000000000001,1.1596482826017465,0.08525984395082342,0.0,0.0,0.00324071318887879,0.14175757731586763,0.122946425483153,0.4904550496763695,2.7774332834730595,-0.05374625257241952,1.4516630036721085,0.5261907354494656,2.2427599184617604,-0.6274223058626281,0.5130036335078311,0.03378085988889716,1.261629851294927,1133
0.10263334224906732,1.9576955071993605,0.12249999999999998,0.0,0.05921185963184609,0.0,0.0,0.5994051262794194,0.004943337316125731,0.39402604307736266,1.5744060398561839,2.7774332834730595,-0.28344482898112355,2.9951146275281983,0.056749091666106706,-0.26290110279876894,0.23106582424473762,0.21719690805600775,0.08374015971555086,0.16282689774018036,1134
0.0,2.4529314481701703,0.18489999999999998,0.0,0.06485097231961633,0.48418381194589716,0.11744500439534311,1.2247152208169296,0.19389748738793933,0.0,1.8148349853072083,0.181133596355019,-1.1201578490707371,1.4068857747407997,1.1514219577263858,-0.39567757790452157,1.0171477907032513,0.6008043280786686,-0.23973133893672854,-0.8029929414438798,1135
0.7863157308235277,0.003984229648887772,0.2025,0.0,0.07696104113612832,0.0,0.0,0.27504090725398556,0.33750948554092247,0.470197951593395,0.7834629640170051,0.181133596355019,1.1417235854288599,1.572432211551098,-0.853922255554895,0.08747106700759069,-0.19405235912950503,-0.6945783762397707,0.09397827473434132,-0.6202785452395148,1136
0.0,0.45627288034580543,0.0225,0.6212736051728601,0.09893994785490356,0.8354035567659245,0.90292761449833,0.344309494727052,1.1915959320623335,0.0,1.5380327981526363,0.6648240933323804,0.9822799288632224,-2.0209966677810076,1.3480550384814267,-0.3628577590254868,0.7449339558803868,0.7882122661301356,-0.6049517629969638,0.6439045535507745,1138
0.0,0.014111005480515507,0.0576,0.0,0.07603468627599762,0.03682537009038924,0.7987582329804733,0.22325359052929705,0.034230375064955826,0.0,0.7578669791145087,0.181133596355019,0.2437941187831222,-0.7154640059639938,0.4388802938213358,-0.6113389486490352,0.05081310056175972,0.3523434811959122,0.7841423406131597,0.4583430942669471,1139
0.0,0.5345784794872352,0.09,0.0,0.07696104113612832,0.9917579743817846,0.6977605589813709,0.007760730174557911,0.3992097455694669,0.0,0.7578669791145087,0.181133596355019,-0.4904462221380076,-0.8415743556391351,1.5236880014434293,-1.0653224017397473,0.1603635791013249,0.9944527641618507,1.0034460306493915,0.04944935053459516,1140
0.0,0.7097839023091328,0.1024,0.0,0.07696104113612832,0.5977164317993333,0.5682711825506759,0.06489765438355136,0.06853998294379059,0.7554099632452922,0.2657562177217061,0.181133596355019,0.19624197592613918,0.5713199430212158,1.6857933541639079,-0.6560118627932093,-0.29711647397824975,-0.05281301470259684,-0.25125960686413634,-0.13660539557610588,1141
0.0,0.2050312322435411,0.0121,0.0,0.042101176018635396,0.0,0.0,2.7466388884167148,0.004943337316125731,0.0,0.7834629640170051,0.181133596355019,-1.3802441891551531,1.7308255940873298,-0.49577501078899655,0.08824076025602859,0.28087707638285936,-0.07620575537645395,-0.9607840748081519,0.574899985606953,1142
0.0,3.003950062758091,0.09,0.0,0.06297479916138844,0.03682537009038924,0.0,2.9248911245122357e-05,3.642171705449754,0.669072844505199,0.16689829373793028,0.181133596355019,-0.8868975985454955,1.1220025849080064,0.22925869693219125,-0.7095949574638838,-1.3013515678869416,2.1659487532452384,0.449778349188095,-0.35075643158505465,1143
0.0,1.3841539670871217,0.0529,0.0,0.0639133257436528,1.0616309829709105,0.5508392479985759,0.1951489341997916,0.5768283576615741,0.0,0.09993636845209211,0.6648240933323804,-0.8529240909241813,-0.9948703403044896,1.5445978049222324,-0.7483184434083107,0.3992830218928813,1.292970283460804,-0.21440634898617325,-0.7509610755628493,1144
0.0,3.4022861800484323,0.18489999999999998,0.0,0.07325046173959267,0.9166334959107316,0.14420787327573903,2.9248911245122357e-05,1.9538466977751774,0.6385539155203055,0.001514216173531351,0.181133596355019,-0.2745551313419922,0.5700578292699789,1.8130581879606071,-0.5622332395976447,-0.6258699856356218,1.7284424502356945,0.4790848516321617,-0.812606182933259,1145
0.0,0.03043585615848893,0.0144,0.0,0.16381808522939498,0.0,0.0,0.14396041466942477,0.03919234640701822,0.8090866165833153,0.3520539560990836,0.181133596355019,0.0706263656371777,0.9910615708534232,-0.7017012403103968,-0.9443836651402587,-1.0326234893339123,0.010730590698300624,-0.20864335613879353,0.7848897415213384,1146
0.6762082614831358,0.45627288034580543,0.2025,1.3097013771259076,0.06859279146561172,0.0,0.0,0.022629333839624628,0.41574965004300457,0.0,1.5744060398561839,2.7774332834730595,1.282216539152744,1.9371295186634976,0.18720826786605024,3.009269924569547,0.9892023085205743,0.20133929778296153,-0.2553167883604119,0.8306817507825123,1147
0.0,0.6190821534750112,0.17639999999999997,0.0,0.08250122151174369,0.0,0.0,0.5834260895268196,0.2541861521208982,0.013362382868697018,1.1447799607436075,0.181133596355019,-0.9325680896663695,1.6626663557656611,-0.23354397760079076,0.06796553411867637,0.11190014886565337,0.3232416614735896,-0.30401840750074943,-0.3174779014595135,1148
0.6762082614831358,1.019077597889572,0.22089999999999999,0.0,0.05921185963184609,0.0,0.0,0.20916034943522738,0.2674180756997283,0.0,2.0723412013547255,0.181133596355019,0.23908675940396978,2.068787637168454,-0.7653409284320025,0.3602639485910773,1.3615165601296317,-0.04104876875652692,-0.3535622450108114,-0.7069998629630108,1149
0.0,0.07338314643238054,0.0529,0.0,0.04305948946044697,0.03682537009038924,0.5508392479985759,2.7811829990085712,0.9043719357563667,0.0,3.6160313405397013,0.181133596355019,-2.4953184341092105,0.8283425589326319,1.12463647675875,0.522114075376317,0.07144019349035867,-0.7180329002835395,-0.49149205039019833,-0.131969767366123,1151
0.0,0.1461007174643103,0.0625,0.0,0.11154137473290741,0.0,0.0,0.08779794058625924,1.056314484934064,0.0,0.3520539560990836,0.6648240933323804,0.21555767740767856,-0.5963395202480485,-1.1896120834334627,-0.3352015014479864,0.7971910403798734,-0.3344732007599565,-0.7163908197413984,0.4502583274748999,1152
0.5524596693304464,0.3841653560507208,0.12249999999999998,0.0,0.07973496801885356,0.12669271367382126,0.0,0.07029891650680767,0.2674180756997283,0.013362382868697018,0.36956699840079166,0.181133596355019,0.4412264090345638,1.0063969180157233,0.2645462994125634,-0.2506858960032643,0.6555725848919469,-0.2069821614819488,-0.00683095479719943,-0.3795149729688255,1153
0.0,0.1461007174643103,0.0625,0.0,0.11154137473290741,0.0,0.0,0.08779794058625924,1.056314484934064,0.0,0.3520539560990836,0.6648240933323804,0.21555767740767856,-0.5963395202480485,-1.1896120834334627,-0.3352015014479864,0.7971910403798734,-0.3344732007599565,-0.7163908197413984,0.4502583274748999,1155
0.10263334224906732,3.8254145967241575,0.2601,0.0,0.06859279146561172,1.3523874492600176,0.8258354189080606,0.5994051262794194,0.014685483636421763,0.470197951593395,1.5744060398561839,2.7774332834730595,-0.43163698609191153,1.239595737608889,3.7392736048837145,-1.0611058434242953,0.9198190994513327,0.38183252457502104,0.863251379321225,-0.7440729783151419,1156
0.0,0.014111005480515507,0.0324,0.0,0.04114194333117518,0.03682537009038924,0.9859456665095397,5.060186422934632,0.9043719357563667,0.8090866165833153,5.158374322624548,2.7774332834730595,-2.895120927788286,1.807716775516346,2.5060833767525774,-0.2217072377556531,-0.5962537621284167,-1.0671648204499435,-0.337285871726912,0.5823509205146439,1157
0.10263334224906732,1.3841539670871217,0.17639999999999997,0.0,0.07232066157962612,0.0,0.0,1.541890285071421,1.1915959320623335,0.26764376658974054,1.5744060398561839,2.7774332834730595,-0.03190433993291751,2.742191349496255,0.5493097176411869,-0.20672323264798892,0.8563125812790022,-0.3709151257469981,-0.37128979718529526,0.6354722054150677,1162
0.3323154110779112,1.9940481922479605,0.0576,0.0,0.07510747248680541,0.0,0.0,0.00969914840635657,0.017993464531129294,0.06965473649295341,0.16689829373793028,0.6648240933323804,0.05244327151033471,-0.5844514350871393,-1.5981461539410304,-0.22997642847741198,-0.4283980238707772,-0.9495540993431865,0.029244028540149486,-0.27375864071282374,1164
0.0,1.2562637691749257,0.1521,0.0,0.07138999608667293,0.8354035567659245,0.06166965793063503,0.5676629257258394,0.0032893468687716027,0.8348817894015947,3.273138771509722,2.7774332834730595,-0.4218825868332822,2.1765905604549416,2.3905269217516274,-0.16357338147413797,-0.20300148802300053,-0.31690215254903087,0.24594255756205236,-0.38859918810086214,1167
0.0,1.1345716461090758,0.0729,0.18026934961129024,0.06485097231961633,0.0,0.0,2.2543819837337216,0.41574965004300457,0.0,2.0723412013547255,0.181133596355019,-1.1827788247297317,1.6019406336815678,0.3789260132935712,0.2649802112960637,1.1392324950643975,0.036830067651197715,-1.3546054224853636,0.5948220878837429,1168
0.0,0.03043585615848893,0.0841,0.0,0.08250122151174369,0.0,0.0,0.7894221453646975,0.0032893468687716027,0.0,0.9555828270820602,0.181133596355019,-0.9203305291297186,1.5254700446059215,-0.7496648529722767,0.3659647760275691,0.22670501398266696,-0.1760636532487862,-0.47424626857737,0.1791906896816086,1169
0.4112056088378546,0.9097816245164132,0.11560000000000002,0.0,0.06015392281974709,0.0,0.0,0.0009847889065176866,0.5021385692059677,0.06965473649295341,0.002861373273662736,0.181133596355019,0.6951006255848411,1.5291035890388849,-0.9928925621314709,-0.6028548713118902,0.40383738790106444,0.30626786836111924,-0.17514824581130134,0.10733706796263826,1170
0.5848618305138175,0.3841653560507208,0.2116,0.0,0.07138999608667293,0.0,0.0,0.015596158135776814,0.06853998294379059,0.39402604307736266,2.947323473076236,0.181133596355019,0.3458194701197584,2.202082437407377,-0.44353838963443704,0.28104387024108424,0.051234517538284334,-0.4832980415991647,-0.42097691856662484,-0.851616140448083,1172
0.0,0.9097816245164132,0.0961,0.0,0.07603468627599762,0.6996635591645785,0.4588075223140107,0.04979825741420802,0.9043719357563667,0.0,0.7578669791145087,0.181133596355019,-0.4396655388857894,-0.44816121263333536,0.8651396111118663,-0.8254805113998999,0.09713754415761017,1.3727210226185567,1.0154653560105955,-0.04822679884699389,1173
0.0,0.9097816245164132,0.0961,0.0,0.07603468627599762,0.6996635591645785,0.4588075223140107,0.04979825741420802,0.9043719357563667,0.0,0.7578669791145087,0.181133596355019,-0.4396655388857894,-0.44816121263333536,0.8651396111118663,-0.8254805113998999,0.09713754415761017,1.3727210226185567,1.0154653560105955,-0.04822679884699389,1174
0.0,0.19175661524979373,0.0,0.0,0.09075436326846414,1.4253503941722845,0.33587176666578866,0.4704642642153108,3.642171705449754,0.22169899923487,0.9555828270820602,0.181133596355019,-2.3617613838111673,-0.5896513115090752,2.460704258100268,0.1140958403103408,-0.49357674637100196,-0.03040975313787899,1.2184880694963942,-1.131862771340849,1175
0.0,3.767338147376513,0.0009,1.1825128743555846,0.07603468627599762,0.5425604642575216,0.032570289690610876,0.2754891788642418,2.9479341676151587,0.0,0.4904550496763695,4.2285047744051445,-1.9740862647859982,-2.3113794465534636,0.03163335225624972,2.701793433403968,-0.6777171854634724,-0.2873432281523563,-1.123640900309518,-0.7211346796243893,1176
0.0,4.561661702020343,0.0,0.0,0.040181789632831734,0.12669271367382126,0.6824621225792098,2.8861105684936623,5.547265706861457,0.35364766214801746,0.7834629640170051,0.6648240933323804,-3.4869852809144426,-1.0930846345785463,0.32124406665162814,0.34822595715727706,-1.401966546093438,-1.2035187756622996,-0.16898440909449766,-0.48169371421150303,1178
0.0,1.019077597889572,0.10890000000000001,0.0,0.07325046173959267,0.0,0.032570289690610876,0.14792929932179397,0.06853998294379059,0.6385539155203055,0.2657562177217061,0.181133596355019,0.16231988816823473,1.279536711885238,0.5040734590611645,-0.46546871398106454,-0.27359484742987594,0.1821263030784322,-0.5687094150226726,0.11568543914223724,1179
0.616246959504358,0.6190821534750112,0.18489999999999998,0.0,0.0657877405380031,0.0,0.0,1.0265039062357224,0.5966762430298194,0.0,0.7834629640170051,0.6648240933323804,-0.06028307261223027,1.175834061825322,-1.4214634116883231,-0.1455137785176243,1.6995821927293935,-0.07308520197183019,-1.1760522029722313,-0.797332183142039,1181
0.0,0.5130072268723961,0.004900000000000001,0.0,0.06765864847381481,0.03682537009038924,0.37855180047175346,0.2754891788642418,0.017993464531129294,0.0,1.1137953474405857,0.6648240933323804,-0.840388792251834,-1.371691273404823,-0.5298139561639185,-0.9338826123547106,0.10606551267068466,-0.17289184373739352,-0.24428263675774844,0.573099165247513,1183
0.0,0.3659127576843181,0.0529,0.0,0.07696104113612832,0.0,1.172304112038367,0.49208520099531095,0.09776642190467841,0.22169899923487,0.17902270763911277,0.6648240933323804,-1.2101656568268868,-1.0887182756611469,0.7641870426333507,-0.4925500254534882,-0.21432718118123625,-0.7654854816330803,-0.8153592419224452,0.04808901260361243,1184
0.0,0.3659127576843181,0.0529,0.0,0.07696104113612832,0.0,1.172304112038367,0.49208520099531095,0.09776642190467841,0.22169899923487,0.17902270763911277,0.6648240933323804,-1.2101656568268868,-1.0887182756611469,0.7641870426333507,-0.4925500254534882,-0.21432718118123625,-0.7654854816330803,-0.8153592419224452,0.04808901260361243,1188
0.2466643809766059,5.562431172879905,0.0025000000000000005,0.0,0.07232066157962612,0.0,0.0,0.08779794058625924,0.004943337316125731,0.0,0.6055187008462087,4.2285047744051445,-0.6048064869631075,-1.8639973588303078,-2.877988280812197,0.22611534784581513,0.30603239648942954,-1.187449071985452,-0.4769590862516452,-0.3250494951335159,1189
0.37253826621486796,0.5345784794872352,0.32489999999999997,0.9262625692046964,0.07696104113612832,0.0,0.0,0.011946644578045845,0.03919234640701822,0.0,3.6160313405397013,0.181133596355019,0.3273567834968634,1.7657310623598863,0.003131781928611167,2.0387351789118724,0.5870934152797833,0.05468715462497087,-0.9131519704260708,-0.3261533123374817,1190
0.0,3.8761643847623,0.0,0.0,0.15357908792830066,0.0,0.0,0.40190241041239844,2.5258529156965137,0.0,0.10936646815301185,0.6648240933323804,-2.3168161066242474,-0.620620784310707,-1.936205727848201,1.0848778328246926,-0.6442809500944826,-0.5371253797249042,0.06133763198995687,-0.21072758442366293,1191
0.0,2.4529314481701703,0.1369,0.0,0.06109509935981088,0.0,0.0,1.4780617479171112,1.77947546778984,0.6070741818604354,3.273138771509722,2.7774332834730595,-1.515643444329009,2.8135541519660734,1.2868350934566386,0.2779538072356437,-0.459256011299369,0.6653689014560419,-0.013317426017588077,-0.1250802198914733,1192
0.0,1.4147478109399028,0.0144,0.0,0.10795714150509228,0.0,0.4393393195580633,0.1951489341997916,0.33750948554092247,0.0,0.7578669791145087,0.181133596355019,-0.5802897564364976,-0.8510602645891661,-0.29355378293604956,-0.5871664577943103,0.290178263881934,-0.848426993451182,0.4639332244526305,1.298538736223804,1194
0.0,0.3182559066019819,0.0484,0.0,0.07510747248680541,0.42218689553501815,0.26822882093429734,0.04326340260520101,1.77947546778984,0.0,0.7578669791145087,0.181133596355019,-1.3562079420410806,-0.4127912100950096,0.4065023142743775,-0.5744145866968614,-0.20635067814746705,1.3769472531945544,0.8288699905313265,0.4155365882866971,1195
0.0,0.0463214731859342,0.04409999999999999,0.0,0.06672363204290818,0.0,0.0,1.2478180649729649,0.9291817924666731,0.0,0.3520539560990836,0.181133596355019,-0.4673733550858114,0.7993670373949173,-1.604789677459583,-0.6313624651922727,0.8582955488851093,-0.3335821126307418,-0.2639384968561494,1.252318748160747,1197
0.0,2.2816547263335543,0.06760000000000001,0.0,0.050693114315518116,0.2853149261682657,0.6669260031341623,0.7173028261928656,1.056314484934064,0.5745711749545842,0.17902270763911277,0.181133596355019,0.116313619475986,0.9468803724491192,1.5421288749670707,-1.2793231158423182,0.5103824620553769,0.10463115506177635,-0.8662937947856689,0.39017977937949044,1198
0.0,0.07338314643238054,0.0529,0.0,0.07325046173959267,0.5425604642575216,0.90292761449833,0.004531512565819022,0.41574965004300457,0.0,0.7578669791145087,0.181133596355019,0.21235018583051074,-1.1718368369356886,0.906177878546533,-0.6085249734484249,0.710043754062773,-0.2524559798142775,0.5630952605307519,0.8673189533625226,1199
0.0,0.0463214731859342,0.04409999999999999,0.0,0.06672363204290818,0.0,0.0,1.2478180649729649,0.9291817924666731,0.0,0.3520539560990836,0.181133596355019,-0.4673733550858114,0.7993670373949173,-1.604789677459583,-0.6313624651922727,0.8582955488851093,-0.3335821126307418,-0.2639384968561494,1.252318748160747,1200
0.0,1.1345716461090758,0.1296,0.0,0.06297479916138844,0.0,0.0,1.7414711322200627,0.06853998294379059,0.0,0.4904550496763695,2.7774332834730595,-0.8031876139545576,2.4902238143446724,-0.48757724145429976,-0.007431049771096581,1.127659311594397,0.3142162179795173,0.08929804447038374,0.8733150547385677,1201
0.1529841784803131,0.3841653560507208,0.1521,0.0,0.0657877405380031,0.0,0.0,0.6654800028059192,0.06192402115437553,0.17354122620610013,1.3510543650016476,8.453723154686502,-0.5615645397241915,3.248848608435805,0.03781404053160352,0.24375164027731863,0.2333491980403083,-0.23668950595399005,1.2245977357049633,0.7864948685984281,1202
0.6466769629007264,1.3493080974785343,0.0361,1.2267310368699902,0.10526051065749295,0.9917579743817846,0.6511446984449785,1.133552715490269,1.1915959320623335,0.0,0.9272925279793011,0.6648240933323804,1.89282556170887,-2.6711641044490935,1.0806693702713843,1.5868598497593653,0.4563427398530715,-0.5375965774722735,-0.15663345140138754,0.3236762474322361,1203
0.0,0.9097816245164132,0.2116,0.0,0.07138999608667293,0.5977164317993333,0.0,0.5216686720326986,0.32262357151473864,0.7554099632452922,0.2657562177217061,2.7774332834730595,-0.7916168536925133,1.6094293202056011,1.604201388074309,-0.5822794659992314,-0.5841792530140085,0.3597260839015958,0.6220511517721057,0.3614283643255358,1204
0.0,0.9097816245164132,0.2116,0.0,0.07138999608667293,0.5977164317993333,0.0,0.5216686720326986,0.32262357151473864,0.7554099632452922,0.2657562177217061,2.7774332834730595,-0.7916168536925133,1.6094293202056011,1.604201388074309,-0.5822794659992314,-0.5841792530140085,0.3597260839015958,0.6220511517721057,0.3614283643255358,1206
0.6466769629007264,1.1030444307489253,0.30250000000000005,0.0,0.1275133202989596,0.5977164317993333,0.17027312080173776,0.16823261786308824,0.06192402115437553,0.9770685441885573,0.16689829373793028,0.6648240933323804,0.656664635332555,-0.8539579619517488,0.19007755983184146,-0.942278674045018,-1.4454362572005974,-0.9942385367413004,0.2851474900986227,-1.0327520895329052,1207
0.0,0.9097816245164132,0.2116,0.0,0.07138999608667293,0.5977164317993333,0.0,0.5216686720326986,0.32262357151473864,0.7554099632452922,0.2657562177217061,2.7774332834730595,-0.7916168536925133,1.6094293202056011,1.604201388074309,-0.5822794659992314,-0.5841792530140085,0.3597260839015958,0.6220511517721057,0.3614283643255358,1208
0.0,0.6190821534750112,0.18489999999999998,0.0,0.06859279146561172,0.0,0.0,1.6202654815073902,0.7870419883972198,0.8090866165833153,0.4904550496763695,2.7774332834730595,-1.5671049445368057,2.2218489250283713,0.7947353341732877,-0.437839060643673,-0.9865847328566331,0.3514277299099086,0.20855946557391264,0.7097325916540169,1209
0.0,0.4363609548551842,0.0004,0.0,0.07510747248680541,0.0,0.0,0.8267770426603792,0.06192402115437553,0.0,0.001514216173531351,0.181133596355019,-1.2817420591698732,0.5801936315542002,-1.022252124232005,0.0806409453129553,-0.17289840215759186,-0.29607362361788575,0.018729789698838914,0.8121193692132036,1210
0.0,0.4363609548551842,0.0004,0.0,0.07510747248680541,0.0,0.0,0.8267770426603792,0.06192402115437553,0.0,0.001514216173531351,0.181133596355019,-1.2817420591698732,0.5801936315542002,-1.022252124232005,0.0806409453129553,-0.17289840215759186,-0.29607362361788575,0.018729789698838914,0.8121193692132036,1212
0.7327766880855823,1.2562637691749257,0.2116,0.0,0.07788653865707124,0.0,0.0,0.05474274899189719,1.8142092671842687,0.0,0.001514216173531351,0.181133596355019,1.0985610554762395,1.4189559474738707,-1.2096765146281236,-0.296164893419628,1.7116026368747363,0.31041561487942243,-0.23477812449474472,0.20135423817201248,1214
0.0,0.0463214731859342,0.0961,0.0,0.07603468627599762,0.0,0.6977605589813709,0.00042291486359490016,0.017993464531129294,0.17354122620610013,0.7578669791145087,0.181133596355019,0.10759472288121436,-0.430102709879609,0.027222975676892018,-0.7021351108818986,-0.1572416780481676,-0.10317043422790853,0.35936680383813385,0.8977177143900971,1216
0.3323154110779112,0.6190821534750112,0.16000000000000003,0.0,0.04305948946044697,0.6499885853699919,0.11744500439534311,1.0265039062357224,0.5021385692059677,0.6986878860637159,0.17902270763911277,0.181133596355019,0.055979893650840815,1.0408110176013903,1.153774388535654,-1.4549993544243907,0.2751633312190762,-0.49210993422010924,-0.23997096305144533,-0.2780434965590252,1219
0.9088232930119424,1.3841539670871217,0.27040000000000003,0.0,0.1239859797809912,0.12669271367382126,0.0,0.10027258309808097,0.03919234640701822,0.5062131032589602,0.9555828270820602,0.181133596355019,1.120174175890595,1.458721201425435,0.5939200295198653,-0.4519379027750555,0.2441566285192296,-0.005686566740340759,0.19363865956171192,-1.2405843133655208,1220
0.9088232930119424,1.3841539670871217,0.27040000000000003,0.0,0.1239859797809912,0.12669271367382126,0.0,0.10027258309808097,0.03919234640701822,0.5062131032589602,0.9555828270820602,0.181133596355019,1.120174175890595,1.458721201425435,0.5939200295198653,-0.4519379027750555,0.2441566285192296,-0.005686566740340759,0.19363865956171192,-1.2405843133655208,1221
1.2395811408328468,0.6190821534750112,0.24009999999999998,0.0,0.07696104113612832,0.0,0.0,1.6457260246939545,2.3667311924650134,0.669072844505199,0.017244329669892283,0.181133596355019,3.203942146606908,1.3281319896086132,-0.6287981611853244,-0.3446310131579583,0.02456143793676353,-0.31099835708948076,0.12214291042295193,-0.4740649818728909,1224
0.4112056088378546,0.15771600733383928,0.0529,0.0488266144487674,0.08709470685093376,0.20914565395635606,0.6669260031341623,1.6724898323619675,1.056314484934064,0.0,0.9272925279793011,0.6648240933323804,1.5507606773353102,-1.5163563014138617,-0.06131567207915838,-0.33136787238522447,0.959878042948561,0.4937231922852138,-0.02904847840167632,-0.05280937021280129,1225
0.0,0.07338314643238054,0.0009,0.7683939275323008,0.07696104113612832,0.7469872683844655,0.0025987038478202254,0.17722260254984348,3.4505761611506007,0.0,1.3173754374983664,0.6648240933323804,0.5599057009226567,-1.6648806791634405,0.23382161632813295,0.2022341441305115,1.3553791814808815,-0.09614154254642668,-1.0416812387384384,1.2291631529084894,1226
0.3323154110779112,0.07338314643238054,0.0625,0.0,0.09893994785490356,0.0,0.0,0.2484726459178319,0.06853998294379059,0.31157001331400547,0.6055187008462087,0.6648240933323804,0.727475877134481,-0.2816542162403677,-1.3993582245353946,-0.4840968642665702,-0.5497972840019634,0.03851528445274642,-0.2619740000648806,-0.14118217700752922,1227
0.0,0.3841653560507208,0.0,0.0,0.04305948946044697,0.20914565395635606,0.8258354189080606,7.185828711266952,5.547265706861457,0.35364766214801746,8.51494945923798,2.7774332834730595,-4.102242959975759,2.249037127521236,2.439587760420227,0.2681333691503319,-0.19301136357394252,-0.2804308568497007,0.039874839255730474,-0.31936819492686697,1228
0.0,0.3182559066019819,0.0841,0.0,0.07232066157962612,0.2853149261682657,0.47790394060861674,0.05454302401703051,0.32262357151473864,0.0,0.7578669791145087,0.6648240933323804,-0.21306060919561093,-1.0442921463647428,0.15842711989711286,-0.6957821448560434,-0.1252134861514085,1.0405982845241595,-0.09011174285824877,-0.22859944362467635,1229
0.0,3.8254145967241575,0.11560000000000002,0.11670607820206329,0.0639133257436528,0.0,0.313828630344137,1.112439094311167,0.14175757731586763,0.5409761286623967,1.5744060398561839,0.181133596355019,-0.6511743490764798,1.7530243659535811,1.4372736044585392,-0.2712188839766318,0.0725329176822854,0.8142531673271409,-0.9623761729612607,-0.3272347603091845,1230
0.0,2.4936032641156314,0.0001,0.0488266144487674,0.07138999608667293,1.4253503941722845,0.8521987184079803,0.07308049992527753,0.19389748738793933,0.0,0.10936646815301185,0.6648240933323804,-1.1176872079718594,-2.4179487370769075,2.0651357756913993,0.03732109636600208,0.1878320387012564,-1.200383472572537,0.5916109201753823,-1.026261178743751,1231
0.0,0.3182559066019819,0.0841,0.0,0.07232066157962612,0.2853149261682657,0.47790394060861674,0.05454302401703051,0.32262357151473864,0.0,0.7578669791145087,0.6648240933323804,-0.21306060919561093,-1.0442921463647428,0.15842711989711286,-0.6957821448560434,-0.1252134861514085,1.0405982845241595,-0.09011174285824877,-0.22859944362467635,1232
0.0,1.4817370431128576,0.0001,0.0,0.05732506661926941,0.0,0.0,5.013553427052096,0.2541861521208982,0.0,4.747172671208599,0.181133596355019,-2.8408448379220324,1.2292034941666863,-0.6433971457530014,1.2433823198866172,1.2629727926040333,-1.4692694367642891,-0.31888788003161234,-0.1565985562190467,1234
0.0,0.010792351232078716,0.0,0.0,0.06765864847381481,0.0,0.0,0.005320001269998052,0.10603637414144908,0.0,0.9272925279793011,0.181133596355019,0.014076609365231649,0.3622539255094029,-1.28341466185981,-0.5908180584473269,-0.07037526362833968,0.20675685776806962,0.3105779615984435,0.945639367574233,1236
0.0,1.4817370431128576,0.0001,0.0,0.05732506661926941,0.0,0.0,5.013553427052096,0.2541861521208982,0.0,4.747172671208599,0.181133596355019,-2.8408448379220324,1.2292034941666863,-0.6433971457530014,1.2433823198866172,1.2629727926040333,-1.4692694367642891,-0.31888788003161234,-0.1565985562190467,1237
0.0,1.2230772266905572,0.0,0.0,0.07788653865707124,0.0,0.0,0.42134950845840535,0.19389748738793933,0.0,0.6055187008462087,4.2285047744051445,-0.26967274397737545,-1.9364343261302508,-1.9597876114238828,0.47697321200917603,0.014428266321329356,0.24120071069201543,-0.3613855549342949,-0.6797686805442271,1238
0.0,0.5958515737359537,0.0,0.8345607581462006,0.055434706888100586,0.0,0.0,0.9239420625528132,0.7870419883972198,0.0,1.5744060398561839,4.2285047744051445,-1.7946959013820887,-0.6094615509118887,-0.7881005775437504,1.7437726593278788,-0.34218412305912876,-0.11744514550339615,-1.9926946706468396,-0.7807241428512973,1239
0.0,0.19175661524979373,0.04000000000000001,0.0,0.07325046173959267,1.0948180332928596,0.35743946444942853,0.8649954317624314,1.8142092671842687,0.0,1.1137953474405857,0.6648240933323804,-0.5157377865899287,-1.915740348775232,0.44145464834110754,-1.0830943082004014,1.978672904077968,-0.3764647481531781,-0.16022255229253266,0.4361967807895478,1240
0.0,0.025457874785833744,0.0484,0.0,0.0788111804242897,0.0,0.7987582329804733,0.6647831845602733,0.14175757731586763,0.0,0.7578669791145087,0.6648240933323804,0.3604314132477652,-1.4284937854505495,-0.3037126686392451,-0.24378556374013569,-0.23872640476755708,0.43409095665378367,0.05566256273743439,-0.05521653090651223,1243
0.0,0.010792351232078716,0.0361,0.0,0.0788111804242897,0.0,0.0,0.008782845161446085,1.3052543057991257,0.122946425483153,0.002861373273662736,0.6648240933323804,-1.0481094717337496,-0.28326732078384625,-0.529329393034775,-0.21858247530542618,-0.6718953426120161,0.45160277814452404,-0.08817616898006456,-0.7378524553816446,1245
0.0,1.3493080974785343,0.004900000000000001,0.0,0.08250122151174369,0.0,0.06166965793063503,0.7894221453646975,1.486605090301532,0.0,0.16689829373793028,0.6648240933323804,-0.653291594111433,-1.0732071579526723,-0.9188030573200674,-0.551057656818865,1.1407169537912265,-1.113617512827189,-0.6141743708189544,0.6352497398732347,1246
0.0,0.1461007174643103,0.0001,0.0,0.07603468627599762,0.5977164317993333,0.0,0.6825384043166153,0.32262357151473864,0.0,0.17902270763911277,0.181133596355019,-1.4140962694852308,0.1341274846985265,0.4570736026654238,0.15207358084821979,0.12782112461492898,-0.2100051788650074,0.36979261343701886,0.0530475510931437,1250
0.0,0.07338314643238054,0.019600000000000003,0.0,0.07417939817425151,0.7469872683844655,0.35743946444942853,0.0499891057235251,0.03919234640701822,0.0,0.3520539560990836,0.6648240933323804,-0.4235671570962178,-1.364778221496787,0.3689830712103305,-0.563230730412045,0.40291388750249574,0.0206504411502506,-0.16027417178726674,-0.059569788928044314,1251
0.0,1.1030444307489253,0.0,0.0,0.11600367575630613,0.0,0.0,0.05720052298296722,0.7870419883972198,0.0,0.3520539560990836,0.6648240933323804,-1.2126783169047164,-0.5765380015593383,-1.9169966763975836,0.0510395330955768,-0.5658922836391731,0.07687570940233122,0.0022628049208762453,0.07163351248948253,1252
0.0,0.5130072268723961,0.0,0.0,0.0916671885258238,0.0,0.0,0.29209106951916525,0.5768283576615741,0.0,0.7578669791145087,0.6648240933323804,-0.9970224119191059,-0.402550942941328,-1.9854667478494745,-0.40875588347220354,-0.2687227114484014,0.1886263865828687,-0.008226041065120397,0.006641182113503573,1253
0.0,0.8815730634046994,0.0036,0.0,0.07603468627599762,0.35609082721260205,0.0,0.05474274899189719,0.32262357151473864,0.17354122620610013,0.17902270763911277,0.6648240933323804,-0.9537357025936882,-0.5162353684809653,-0.3222375402104344,-0.05827680934727509,-0.5162164777208634,-0.6131142263585114,-0.07597263472384316,-0.7901890658030373,1254
0.0,0.10664289452517259,0.0484,0.0,0.0788111804242897,1.300609352207062,0.35743946444942853,0.8173573659795493,1.8142092671842687,0.0,1.3173754374983664,0.6648240933323804,-0.46255443156592285,-2.101869617980493,0.9121133464430179,-1.186176854669648,1.9669451196898056,-0.268735641925618,-0.04877422277680324,0.31730990331210307,1256
0.0,0.07338314643238054,0.07840000000000001,0.9830352832620172,0.08157998699242289,0.0,0.5330980419330561,0.04326340260520101,0.0032893468687716027,0.22169899923487,0.2657562177217061,0.181133596355019,-0.2474951486125375,-0.005652461687670436,0.9070240339294994,1.3711554359287963,-0.48171867205380176,-0.20033145532347432,-0.6329677746528911,0.9219139532866099,1257
0.0,0.3659127576843181,0.0,0.11670607820206329,0.11600367575630613,0.0,0.0,0.49208520099531095,0.6778607956989522,0.0,0.6284203715484423,0.181133596355019,-1.5485203244436299,0.4573805346432168,-0.007905327388946622,0.6993851741019813,-0.3014167789824429,-0.3123703463245148,0.1374539421336493,0.13579293483905236,1258
0.1529841784803131,0.3330129371662647,0.4624000000000001,0.0,0.3386128011203238,0.2853149261682657,0.26822882093429734,0.0454513354067455,3.4505761611506007,1.358167639298841,1.1137953474405857,0.6648240933323804,1.4795980251703849,-0.4452217377015751,0.4358585985288613,-2.2142803299775795,-1.6480884482270444,-1.4593430188301122,-1.2104098350385348,0.5655243452000543,1260
0.0,7.400190867158242,0.0,0.0,0.07973496801885356,0.12669271367382126,0.0,1.503431258065149,3.1711979255658025,0.0,0.4904550496763695,4.2285047744051445,-3.084928850782185,-1.6665327942413237,-1.4529619613222335,0.7852505938764676,-0.777407027255777,-1.283678497014801,-0.5020023437026426,-1.1209527989584465,1261
0.616246959504358,0.2050312322435411,0.1444,0.0,0.07788653865707124,1.0273046342358119,0.47790394060861674,0.0756808199446182,1.056314484934064,0.0,0.3520539560990836,0.6648240933323804,1.123050858702159,-1.291435538571676,0.9812555584129575,-0.6830453294589246,1.1602452944367936,0.08627159025403384,-0.11795340552672537,-0.6086338170489951,1262
0.10263334224906732,0.8066837259896001,0.1024,0.0,0.0639133257436528,0.6996635591645785,0.14420787327573903,1.2711367820806194,0.19389748738793933,0.31157001331400547,1.5744060398561839,0.181133596355019,-0.9436290630467301,1.1640891880960391,1.3916416468507753,-0.48092303319457524,0.3977609184611606,-0.0527283090063565,-0.07846717955872819,-0.8758917942726075,1264
0.0,0.0463214731859342,0.0025000000000000005,0.0,0.07788653865707124,0.03682537009038924,0.0,0.32084025203538535,0.19389748738793933,0.0,0.017244329669892283,0.181133596355019,-0.9961411583999701,0.1355831178544242,-0.1569947197847113,0.04130174646712817,0.05597514191336366,0.12221885065234749,0.3159191623439807,0.46760303866134434,1265
0.0,0.0463214731859342,0.0025000000000000005,0.0,0.07788653865707124,0.03682537009038924,0.0,0.32084025203538535,0.19389748738793933,0.0,0.017244329669892283,0.181133596355019,-0.9961411583999701,0.1355831178544242,-0.1569947197847113,0.04130174646712817,0.05597514191336366,0.12221885065234749,0.3159191623439807,0.46760303866134434,1266
0.7863157308235277,0.3182559066019819,0.25,0.0,0.0657877405380031,0.0,0.0,0.14396041466942477,1.8142092671842687,0.8090866165833153,0.7834629640170051,0.181133596355019,1.2817497633602217,1.846898516655499,0.12838870534961194,-0.4981392013149724,-0.011160641011830971,-0.9223417507117209,-0.677034590476503,-0.3106010734500063,1267
0.0,0.45627288034580543,0.0961,0.0,0.07603468627599762,0.42218689553501815,0.14420787327573903,0.0006857444316519885,1.0298506377764036,0.0,0.7578669791145087,0.181133596355019,-0.8837230964133724,-0.36638631364481594,0.27231082276633883,-0.3936162893121858,0.17858813451173053,1.3869512681285996,0.834655213491958,0.3385253368381675,1268
0.0,0.7097839023091328,0.0001,0.0,0.046883585898850416,0.6996635591645785,0.35743946444942853,9.362664665706692,6.16491707064133,0.4328370920202075,10.808692347568496,0.181133596355019,-4.530170312375176,2.079116089478717,2.315335715222983,0.07058310049669549,-0.22803133723112662,-0.09909055211048019,-0.7682924508347425,-1.3670399492199248,1270
0.0,0.25854453199958866,0.04000000000000001,0.0,0.04783732941416013,0.5977164317993333,0.4393393195580633,2.8159429825518543,0.19389748738793933,0.0,1.3510543650016476,0.181133596355019,-1.8649191114505408,0.7108667584754833,1.1906101848131245,-0.4135978077989656,1.0412099939319412,-0.19184605685418632,-0.11756199539352742,-0.3338087964890709,1271
0.0,0.15771600733383928,0.0,0.0,0.07417939817425151,0.6499885853699919,0.0,2.238809927931708,1.4551792718018106,0.0,0.4904550496763695,0.6648240933323804,-2.568577995000066,-0.233268102979427,0.4927116809585215,-0.1754317934251767,0.4902956011667541,0.6371951636822138,-0.6034148231505443,-0.6562384325744125,1272
0.0,0.07338314643238054,0.04000000000000001,0.0,0.07045846364856141,1.0273046342358119,0.0,0.8649954317624314,1.8142092671842687,0.0,1.1137953474405857,0.6648240933323804,-0.39646789974086216,-1.5861048549606465,0.2136149441853115,-0.918277037970525,1.7623600887858093,-0.18851325047856493,-0.3540725021969425,0.4947262285598446,1273
0.0,0.07338314643238054,0.016900000000000002,0.0,0.09712671073072274,0.12669271367382126,0.0,1.4654579452000192,0.2054754205194157,0.0,0.4904550496763695,0.181133596355019,-1.0075579153573773,0.6062310351528453,-0.02001046778235429,0.04880382626222738,1.0584914838447788,-0.7134593281558556,-0.1626350468580407,0.29695305286598916,1274
0.0,1.0453523108454896,0.0484,0.0,0.07232066157962612,0.0,0.7276727158637448,0.00603818489437873,0.2054754205194157,0.0,0.7578669791145087,0.181133596355019,0.027981904601236642,-1.0829808128012515,-0.16576427375847708,-0.15698892579508644,0.5016072654878494,-0.6451197382455479,0.6492113430911127,1.0676680644786654,1275
0.10263334224906732,0.5345784794872352,0.16000000000000003,1.3294112439914327,0.048790164169432,0.0,0.0,0.3091786743151702,0.03919234640701822,0.0,2.0723412013547255,4.2285047744051445,0.2195053872882483,0.36486242175470374,-0.6910883540060665,2.588951323390775,0.2496254745761329,0.6087588688400166,-3.108308091330698,-0.6508132901499274,1276
0.0,0.7801344920021048,0.0,0.0,0.10795714150509228,0.0,0.0,0.037023413628044725,0.06192402115437553,0.0,0.47024769317440096,0.181133596355019,-0.776583293484251,0.2535741701533154,-1.7608429972117405,0.03451703542812729,-0.4040233723944466,-0.08503483819240058,0.4352538743326491,1.0298571174628364,1277
0.0,1.0453523108454896,0.0484,0.0,0.07232066157962612,0.0,0.7276727158637448,0.00603818489437873,0.2054754205194157,0.0,0.7578669791145087,0.181133596355019,0.027981904601236642,-1.0829808128012515,-0.16576427375847708,-0.15698892579508644,0.5016072654878494,-0.6451197382455479,0.6492113430911127,1.0676680644786654,1278
0.616246959504358,1.6585285874505502,0.1521,0.0,0.06015392281974709,0.0,0.0,1.0055597915958796,1.1915959320623335,0.0,0.9555828270820602,2.7774332834730595,0.3698162645074432,2.9352189428149833,-0.5970376039455368,-0.1965866614739794,1.520425970443235,-0.15015786522913888,-0.025431549051413163,0.4769891949782548,1279
0.0,0.15771600733383928,0.04000000000000001,0.0,0.07417939817425151,0.7921722744537854,0.22044990654106972,0.34481102633060623,0.14175757731586763,0.0,0.001514216173531351,0.181133596355019,-0.9886526129701886,-0.04640979285938262,1.023826777393107,-0.5894107506091467,0.2813621762309551,0.3663157882260719,0.4282503948308834,0.06417352085404797,1280
0.0,0.15771600733383928,0.04000000000000001,0.0,0.07417939817425151,0.7921722744537854,0.22044990654106972,0.34481102633060623,0.14175757731586763,0.0,0.001514216173531351,0.181133596355019,-0.9886526129701886,-0.04640979285938262,1.023826777393107,-0.5894107506091467,0.2813621762309551,0.3663157882260719,0.4282503948308834,0.06417352085404797,1281
0.0,1.69200185190124,0.0,0.0,0.08065790301745447,0.0,0.0,0.07880557147596243,0.014685483636421763,0.122946425483153,0.17902270763911277,0.181133596355019,-0.706254152489072,0.4670004927737442,-0.9536131184388846,0.2859271926516258,-0.477245263755297,-1.0958478646783019,0.37818898387209005,0.2589138084272664,1282
0.200920876370925,0.3016626353597976,0.07840000000000001,0.11670607820206329,0.0916671885258238,0.12669271367382126,0.5330980419330561,0.10027258309808097,0.10603637414144908,0.0,0.05005171376274625,0.181133596355019,0.40562799786812126,-0.4899010689510665,0.31292087086727355,0.11628075568128815,0.18969948982060683,-0.5177214907028267,0.5124333865247659,0.38228335458389573,1283
0.0,0.3841653560507208,0.0361,0.0,0.06859279146561172,0.20914565395635606,0.0,1.0476638938271847,0.2541861521208982,0.0,0.17902270763911277,0.6648240933323804,-1.3739913175455054,0.04897618664894156,-0.01184486971719306,-0.10139980687028866,0.5078969945830105,0.6380825991936049,-0.8641808099758952,-0.4360137625400587,1284
0.9970545016232787,0.8066837259896001,0.25,0.0,0.08617769624105233,0.35609082721260205,0.032570289690610876,0.10027258309808097,1.056314484934064,0.0,0.002861373273662736,0.6648240933323804,1.5213822831824122,-0.045270496493819076,-0.1063676438811828,-0.67686948703721,1.3724871980469415,0.045960152952288356,-0.31612130681354894,-1.209219051162053,1285
0.0,0.1461007174643103,0.09,0.896619925069164,0.0657877405380031,0.35609082721260205,1.0834598055989593,1.5667298393997762,0.004943337316125731,1.3879011656755285,0.05005171376274625,0.6648240933323804,1.1644675035749779,-1.3769416280831064,2.0581650277634025,-0.08351350671020033,-2.8905707254135153,-0.4041783331461227,-1.0458386938883817,0.23358221512855737,1288
0.0,0.1461007174643103,0.09,0.896619925069164,0.0657877405380031,0.35609082721260205,1.0834598055989593,1.5667298393997762,0.004943337316125731,1.3879011656755285,0.05005171376274625,0.6648240933323804,1.1644675035749779,-1.3769416280831064,2.0581650277634025,-0.08351350671020033,-2.8905707254135153,-0.4041783331461227,-1.0458386938883817,0.23358221512855737,1289
0.0,1.3493080974785343,0.0,0.0,0.09531017980432487,0.0,0.0,0.62377844319256,0.09776642190467841,0.0,0.2657562177217061,0.6648240933323804,-1.2908433887922404,0.09115765360137841,-1.6500785135874014,0.29240094816079665,-0.12978898504033629,-0.7936671291039897,-0.5594174437877498,-0.2597935340617327,1290
0.0,0.3330129371662647,0.010000000000000002,0.0,0.07045846364856141,0.6499885853699919,0.35743946444942853,0.033133262166123556,0.017993464531129294,0.4328370920202075,0.17902270763911277,0.181133596355019,-0.27577810348755105,-0.059990476781002715,0.9142435866962734,-0.31508016198080074,-0.21346965960402658,-0.8990908954323368,0.4335210298987507,-0.1136585354862066,1291
0.0,0.5760555571253301,0.016900000000000002,0.0,0.05448818528406963,0.0,0.0,2.610621175565669,3.889881727383062,0.06965473649295341,3.273138771509722,0.181133596355019,-2.835610887955642,1.709375429114056,0.5775908112872529,0.6012744262679084,-0.4042628311693268,0.6608213487421373,-0.412531236615635,-0.5717843137670738,1292
0.0,0.3016626353597976,0.0,0.8345607581462006,0.08892620919440151,1.4933498470849937,0.67472423392918,0.35712022290567846,0.5021385692059677,0.0,0.7578669791145087,0.6648240933323804,-0.6117836644435761,-2.838731211952381,2.204003066913551,0.35038677349842,1.295405620763883,0.025393558306030264,-0.25251217245444985,0.5047002462447068,1296
0.0,5.552866360572911e-05,0.019600000000000003,0.0,0.06203539091945264,0.0,0.0,3.306331325528207,0.06192402115437553,0.0,2.3469246879987344,0.181133596355019,-1.8833156374488207,1.4006446390192149,0.22012400294399923,0.20942990459266417,0.588127447580289,-0.6393201954064621,-0.5588509456269608,-0.09659203546632424,1297
0.0,0.1461007174643103,0.0,0.0,0.06109509935981088,0.0,0.0,6.270128135317579,0.7870419883972198,0.0,2.6385854452392365,0.181133596355019,-3.2870711613371615,1.5327356386166404,-0.36860673012171646,0.10556742073144279,0.4671053647675002,-0.6468980926123916,-0.5233256840598449,0.11815917256206195,1298
0.0,34.07982844512271,0.0,0.0,0.12839321476839888,0.0,0.0,1.0476638938271847,1.4551792718018106,0.0,0.17902270763911277,10.87217563957331,-2.9023533289967007,-3.2752518642463118,-3.903289919502909,1.738425850954741,-0.741450829328382,-3.5081518312199753,-0.5868088747864729,-1.127485116248164,1299
0.0,0.400362096913958,0.0,0.0,0.07696104113612832,0.0,0.0,1.4155824167104196,8.961472712196194,0.0,3.6160313405397013,0.181133596355019,-3.734691041682195,0.9255852545478583,0.11301468313308287,1.2089829009079807,-0.9643863416403675,0.19945632766530097,0.5201149252495681,-0.8197452032082037,1300
0.0,3.3475283849492246,0.004900000000000001,0.0,0.09531017980432487,0.35609082721260205,0.2912886209505227,0.1519521522121124,3.402610438177341,0.39402604307736266,1.3510543650016476,0.181133596355019,-2.2142555506922363,-0.19080460830492246,0.43449489040854605,0.6318750464866779,-1.3114911743602997,-1.170602846877024,0.9993598453082683,-0.55110665791498,1301
0.37253826621486796,0.8066837259896001,0.1024,0.0,0.06203539091945264,0.0,0.0,0.2541088799884451,0.004943337316125731,0.6070741818604354,0.4904550496763695,0.181133596355019,0.19976972693550657,1.9928765505215742,-0.5197543245389837,-0.2738824241510456,-0.3437143960280552,0.09691309084880946,-0.5317354840065194,-0.18476011716607135,1302
0.0,2.0734335741136065,0.04409999999999999,0.0,0.08342160813907239,0.42218689553501815,0.5150363918549524,0.40851573872208874,1.486605090301532,0.0,1.3173754374983664,0.6648240933323804,-0.3124032473910677,-2.0701964822746963,-0.4552143212798619,-0.42683316257601595,1.247927956024912,-1.0040863130602298,-0.267609191214654,0.9539624074621768,1304
0.0,0.19175661524979373,0.06760000000000001,0.0,0.07045846364856141,0.5977164317993333,0.8258354189080606,0.1005433213973447,0.004943337316125731,0.0,0.3520539560990836,0.6648240933323804,-0.6432870119434057,-1.7153431426224055,0.4631033573951267,-0.6640352675855807,0.724021626623815,-0.14855745554988511,-0.04152363528212241,-0.003920679585348021,1305
0.5848618305138175,0.7801344920021048,0.1024,0.0,0.08434114843375087,0.48418381194589716,0.8651242336364556,0.3691260074977169,0.017993464531129294,0.0,0.09993636845209211,0.6648240933323804,0.6557515556635273,-1.706948306809271,0.4094230610023551,-0.08845803852088271,0.22168000423361445,-0.720686548368399,0.2725637380735514,-0.6317529602431248,1306
0.0,0.24361058788162282,0.010000000000000002,0.0,0.06859279146561172,0.7469872683844655,0.4194845680225318,0.14396041466942477,0.03919234640701822,0.0,1.3173754374983664,0.6648240933323804,-0.6941880471555993,-1.6493116415353235,0.14373310073518,-1.2501644331005966,0.26855592856822325,-0.03505661641726872,0.058321140664041676,0.237083593988074,1309
0.0,0.014111005480515507,0.0225,0.29642485248943906,0.06203539091945264,0.0,0.0,3.9591234113580103,0.014685483636421763,0.0,4.747172671208599,0.181133596355019,-2.111591728654731,1.7407138531716206,0.3810887717556057,0.9204067004144623,0.6516087649924371,-0.6733915695546221,-1.1494926430661128,0.07254405977635785,1311
0.0,13.039560510031755,0.04409999999999999,0.0,0.07973496801885356,0.0,0.0,0.5367842169788217,0.034230375064955826,0.0,0.002861373273662736,0.6648240933323804,-1.5669575361448582,-1.7928494523841052,-1.6657848308807455,0.7047527703199886,0.13781679392267784,-2.5221598709079003,0.4646207062165697,0.03229971237439656,1312
0.0,0.3016626353597976,0.0729,0.0,0.07973496801885356,0.12669271367382126,0.8651242336364556,0.08779794058625924,0.10603637414144908,0.0,0.3520539560990836,0.181133596355019,-0.3809481366523146,-0.8843831957377739,0.48704733408680684,-0.5491010558665343,0.5437280597971105,-0.47624371698409373,0.4526670221137722,0.8909832081910629,1315
0.0,1.3493080974785343,0.0,0.0,0.040181789632831734,0.03682537009038924,0.0025987038478202254,4.648260886250363,19.906601218271817,0.0,3.6160313405397013,0.181133596355019,-5.158644597172166,0.6757833088502668,0.18840594016298487,0.9061532876181296,-1.1176925448740747,0.026289554355544698,1.1055472094845273,-1.3084682920069695,1316
0.37253826621486796,1.6203640635935261,0.4624000000000001,0.0,0.346422567474381,0.20914565395635606,0.4393393195580633,0.011946644578045845,6.8829770614062475,1.598459187093238,1.5380327981526363,0.181133596355019,2.216337063446344,0.07360322003759547,0.8377901947718454,-2.561436087576403,-2.2464124860746155,-2.5846615675354205,-0.5955494871281095,1.4752360670733526,1319
0.0,1.3493080974785343,0.0,0.0,0.040181789632831734,0.03682537009038924,0.0025987038478202254,4.648260886250363,19.906601218271817,0.0,3.6160313405397013,0.181133596355019,-5.28680925065466,0.6484838543751732,0.20506127779648933,0.8967295376037882,-1.16501843377091,0.0715139808335411,1.0642636166312003,-1.2119397409154444,1321
0.37253826621486796,1.1345716461090758,0.17639999999999997,0.0,0.05638033343610754,0.0,0.0,2.1313166479796437,0.6993626715145513,0.0,0.7834629640170051,0.6648240933323804,-0.3249063468239594,1.2447059973030439,-0.7484772157028946,-0.47654940808572355,1.4466660518258496,-0.014764487103517573,-1.5541208336112513,-0.5942811676055013,1322
0.0,0.15771600733383928,0.0576,0.0,0.07417939817425151,0.20914565395635606,0.0,1.0055597915958796,0.2541861521208982,0.0,0.021285800970286428,0.181133596355019,-1.4608477984764956,0.5827161048536514,0.10898821977670173,-0.4316993210955997,0.32087226125192964,0.422109783230575,0.10862943221295827,0.2677225851461868,1324
0.0,0.15771600733383928,0.0576,0.0,0.07417939817425151,0.20914565395635606,0.0,1.0055597915958796,0.2541861521208982,0.0,0.021285800970286428,0.181133596355019,-1.4608477984764956,0.5827161048536514,0.10898821977670173,-0.4316993210955997,0.32087226125192964,0.422109783230575,0.10862943221295827,0.2677225851461868,1325
0.0,0.15771600733383928,0.0576,0.0,0.07417939817425151,0.20914565395635606,0.0,1.0055597915958796,0.2541861521208982,0.0,0.021285800970286428,0.181133596355019,-1.4608477984764956,0.5827161048536514,0.10898821977670173,-0.4316993210955997,0.32087226125192964,0.422109783230575,0.10862943221295827,0.2677225851461868,1326
0.0,0.15771600733383928,0.0576,0.0,0.07417939817425151,0.20914565395635606,0.0,1.0055597915958796,0.2541861521208982,0.0,0.021285800970286428,0.181133596355019,-1.4608477984764956,0.5827161048536514,0.10898821977670173,-0.4316993210955997,0.32087226125192964,0.422109783230575,0.10862943221295827,0.2677225851461868,1327
0.0,0.003984229648887772,0.0121,0.0,0.07045846364856141,0.0,0.0,0.40851573872208874,0.034230375064955826,0.0,1.1137953474405857,0.6648240933323804,-1.063606724915484,-0.8406434688984523,-0.9375515464811043,-0.6711396190637571,0.38610419252629313,0.7498863628667358,-0.42645536361234515,0.5443298885115346,1328
0.0,0.1461007174643103,0.06760000000000001,0.0,0.07973496801885356,0.12669271367382126,0.8651242336364556,0.08779794058625924,0.017993464531129294,0.0,0.3520539560990836,0.181133596355019,-0.4844856093904714,-0.8707222610787617,0.5218117039609811,-0.4511038635032807,0.5801514339134264,-0.23233295866566886,0.46664110920294893,0.8525120811783095,1329
0.0,0.1461007174643103,0.06760000000000001,0.0,0.07973496801885356,0.12669271367382126,0.8651242336364556,0.08779794058625924,0.017993464531129294,0.0,0.3520539560990836,0.181133596355019,-0.4844856093904714,-0.8707222610787617,0.5218117039609811,-0.4511038635032807,0.5801514339134264,-0.23233295866566886,0.46664110920294893,0.8525120811783095,1330
0.0,3.5543342287396955,0.06760000000000001,0.6601320765940236,0.10165365372649983,0.9166334959107316,0.4966425086978604,0.0006857444316519885,0.10603637414144908,0.0,1.3173754374983664,0.6648240933323804,-0.23075877372964546,-2.7754489560541806,0.24607571618323268,0.7125974635002842,0.5615508136705827,-0.7499010637550856,0.24628928820795357,0.5759831759407784,1331
0.0496122560132309,0.6190821534750112,0.010000000000000002,0.0,0.07232066157962612,0.0,0.0,0.22859779174651063,1.990234487616968,0.0,0.47024769317440096,0.181133596355019,0.393441933782686,0.6648578271378907,-1.211721450082838,-0.6293948744425751,1.7471175728168968,0.39072326242479716,-0.2197933958419343,1.083747832744567,1332
0.37253826621486796,1.8399259846514278,0.0484,0.0,0.07603468627599762,0.0,0.06166965793063503,0.20404977450078587,0.6993626715145513,0.0,0.6055187008462087,0.6648240933323804,0.5920413410043897,-1.4083481846594397,-1.2988630697045414,-0.014458316623073345,0.5694669761554306,-0.8788463169608575,0.08111447699446281,0.17673138771295693,1333
0.0,2.8576303529258085,0.0,0.0,0.15357908792830066,0.0,0.0,0.1141521940149081,0.2541861521208982,0.0,0.16689829373793028,0.6648240933323804,-1.2265466823097124,-0.7044368830168363,-2.257737406208384,0.42048364749827055,-0.2790640896572561,-0.5508367802282006,-0.05895044075578579,0.2654444902018651,1334
0.0,0.07338314643238054,0.0004,0.0,0.06672363204290818,0.2853149261682657,0.0,2.20782772104157,0.19389748738793933,0.013362382868697018,3.976001180166172,0.181133596355019,-2.0666010679320883,1.1742726816068012,0.7868481264504278,0.5120061613589445,0.16949541559360515,-0.876058961763346,-0.4780679303644351,-0.3010837986587228,1335
0.0,0.03043585615848893,0.0,0.0,0.055434706888100586,0.0,0.0,1.3665703800272984,0.09776642190467841,0.0,0.7578669791145087,0.6648240933323804,-1.7565174667579875,-0.6229440064484548,-1.0598667836090008,-0.7682750693714749,0.7938834653318646,0.8523944773733884,-0.4640253487440862,0.4821613136494377,1336
0.0,0.03043585615848893,0.0,0.0,0.055434706888100586,0.0,0.0,1.3665703800272984,0.09776642190467841,0.0,0.7578669791145087,0.6648240933323804,-1.7565174667579875,-0.6229440064484548,-1.0598667836090008,-0.7682750693714749,0.7938834653318646,0.8523944773733884,-0.4640253487440862,0.4821613136494377,1337
0.0,0.03043585615848893,0.0,0.0,0.055434706888100586,0.0,0.0,1.3665703800272984,0.09776642190467841,0.0,0.7578669791145087,0.6648240933323804,-1.7565174667579875,-0.6229440064484548,-1.0598667836090008,-0.7682750693714749,0.7938834653318646,0.8523944773733884,-0.4640253487440862,0.4821613136494377,1338
0.0,0.014111005480515507,0.0004,0.0,0.08065790301745447,0.0,0.0,0.49208520099531095,0.09776642190467841,0.0,0.002861373273662736,0.181133596355019,-1.045419276478216,0.5197183285708629,-0.4954187820178657,-0.19155229613598826,0.5501576163651677,0.21914533671965586,0.282260984366894,0.28162350865312596,1339
0.0,0.014111005480515507,0.0004,0.0,0.08065790301745447,0.0,0.0,0.49208520099531095,0.09776642190467841,0.0,0.002861373273662736,0.181133596355019,-1.045419276478216,0.5197183285708629,-0.4954187820178657,-0.19155229613598826,0.5501576163651677,0.21914533671965586,0.282260984366894,0.28162350865312596,1340
0.0,0.014111005480515507,0.0004,0.0,0.08065790301745447,0.0,0.0,0.49208520099531095,0.09776642190467841,0.0,0.002861373273662736,0.181133596355019,-1.045419276478216,0.5197183285708629,-0.4954187820178657,-0.19155229613598826,0.5501576163651677,0.21914533671965586,0.282260984366894,0.28162350865312596,1341
0.0,0.014111005480515507,0.0004,0.0,0.08065790301745447,0.0,0.0,0.49208520099531095,0.09776642190467841,0.0,0.002861373273662736,0.181133596355019,-1.045419276478216,0.5197183285708629,-0.4954187820178657,-0.19155229613598826,0.5501576163651677,0.21914533671965586,0.282260984366894,0.28162350865312596,1343
1.0384127510221777,0.3841653560507208,0.2304,0.0488266144487674,0.07417939817425151,0.0,0.0,0.8642009701957396,1.990234487616968,0.0,0.2657562177217061,0.6648240933323804,2.081423821765399,0.5042907676877425,-1.2008928451894119,0.3422618717350498,1.2473571113803699,-0.14204627874891984,-0.6375295637524527,-1.0552285855157146,1344
0.0,0.25854453199958866,0.0576,0.0,0.06109509935981088,0.0,0.0,0.09727602383773401,0.15168151999999027,0.0,0.05005171376274625,0.181133596355019,-0.02583088325146627,0.6122072440994362,-0.6352052280466931,-0.05144229096590707,0.8137489771341031,0.41635847587780783,-0.004958238801277394,0.5557694358284108,1345
0.0,0.10664289452517259,0.0001,0.0,0.05448818528406963,0.0,0.0,1.0906314878648475,1.77947546778984,0.0,0.7834629640170051,0.6648240933323804,-2.3275936749316584,0.4514802377352226,-1.3139972506285171,0.5575209063539014,-0.2974443112920572,0.2695684210057452,-0.7620651093162886,-0.4096048656837895,1346
0.0,0.473909331507997,0.0009,0.0,0.07510747248680541,0.0,0.0,0.19976543770701502,0.034230375064955826,0.0,0.7578669791145087,0.6648240933323804,-1.0513004949551694,-0.7421476789523602,-2.1307992879069384,0.038878954862938665,0.7161285287767947,0.33339514136879156,-0.11366608514052215,0.4223616184038831,1347
0.0,0.24361058788162282,0.0001,0.0,0.06297479916138844,0.0,0.0025987038478202254,3.1384971172658007,0.0032893468687716027,0.0,1.5744060398561839,0.181133596355019,-1.8407149081716319,0.9155783001451112,-0.2371444853071819,0.49217396849697037,0.9398812645303277,-0.9175312824799575,-0.5274611785320878,0.4093816277185175,1351
0.0,0.400362096913958,0.0009,0.0,0.08250122151174369,0.0,0.2912886209505227,0.007760730174557911,0.14175757731586763,0.0,0.017244329669892283,0.6648240933323804,-0.8111275678674542,-1.126848194740449,-0.7491142159257225,0.088723110596045,0.5594629162279625,-0.009135463630910692,0.10191365463924992,-0.2933601433731654,1353
0.0,1.3841539670871217,0.0625,0.0,0.08250122151174369,0.0,0.0,1.1791571513598427,0.09776642190467841,0.0,0.09993636845209211,0.6648240933323804,-1.4849774025631228,0.19391938571391923,-1.1019415216614168,-0.47386601724116556,0.9834050163341809,1.4356667279994595,-1.0962400879890177,0.3773778425977402,1355
0.0,1.1345716461090758,0.0625,0.0,0.08065790301745447,0.0,0.0,1.1791571513598427,0.09776642190467841,0.0,0.09993636845209211,0.6648240933323804,-1.5007819838299503,0.22672546722065204,-1.2557366814819773,-0.4209242957227813,0.932050345078486,1.3694539980609473,-1.0911119472289155,0.4048368254357725,1356
0.0,0.3182559066019819,0.0576,0.0,0.07510747248680541,0.7469872683844655,0.4966425086978604,0.01692059913082481,3.402610438177341,0.0,0.36956699840079166,0.181133596355019,-1.4586952784935445,-0.07830807035153185,1.3370387533452797,0.4061296250137174,-0.0471111764418931,0.9718033800789699,0.8636967152846522,-0.7669299146588148,1357
0.0,0.3659127576843181,0.028900000000000006,1.1362486438050583,0.15529288440603534,1.5150262130322558,0.9512068579605802,0.1069602062655033,0.03919234640701822,0.0,0.7578669791145087,0.6648240933323804,0.12373905270392746,-3.3138142713819136,2.7459411513532603,1.0897020151533963,0.7102117366216809,0.2531482350091946,0.05855406654368875,0.17653407265708698,1358
1.0584676340849346,0.0983645603061849,0.16000000000000003,0.0,0.08709470685093376,0.0,0.0,0.02586298978113893,2.3667311924650134,0.0,0.1426801774652864,0.181133596355019,1.897392513896174,1.0148056761064959,-1.1229518262628073,-0.8607357554889341,0.9582060239196215,-0.6413347268426172,0.1806126028107699,0.029977526160138504,1359
0.0,3.1469206160050986,0.019600000000000003,0.0,0.08892620919440151,0.0,0.22044990654106972,0.07007256153529208,0.09776642190467841,0.0,0.09993636845209211,0.6648240933323804,-0.4201309006160456,-1.5181181207208572,-1.002061903112895,0.5291655803941332,-0.1011378661855741,-0.8755648686994235,0.27185773433291205,-0.1308087467832384,1361
1.0584676340849346,0.0983645603061849,0.16000000000000003,0.0,0.08709470685093376,0.0,0.0,0.02586298978113893,2.3667311924650134,0.0,0.1426801774652864,0.181133596355019,1.897392513896174,1.0148056761064959,-1.1229518262628073,-0.8607357554889341,0.9582060239196215,-0.6413347268426172,0.1806126028107699,0.029977526160138504,1362
0.0,0.16815390700125882,0.0004,0.0,0.0916671885258238,0.0,0.0,0.8079916575367286,0.9043719357563667,0.0,1.5744060398561839,0.181133596355019,-1.8706594630449087,0.9081965651615851,-0.4905128095877225,0.6130304378772619,0.3166444594723025,-0.32866725718209494,0.21289146931909003,-0.26465465878794886,1364
0.0,1.3493080974785343,0.0064,0.0,0.08984070399978947,0.0,0.0,0.2541088799884451,0.2054754205194157,0.0,0.3520539560990836,0.6648240933323804,-0.7663960996584225,-1.072142840912195,-1.3164896513739852,-0.3513264090846075,0.5605422594327089,-0.6630661034690143,-0.3164965918829446,0.5116584127025804,1366
0.0,0.0023249025246693767,0.09,0.0,0.08434114843375087,0.0,1.0304630236997112,0.07284970662098715,0.15168151999999027,1.4024428381186909,0.002861373273662736,0.181133596355019,0.50150748898429,0.321258142310869,1.4732128694587063,-1.3825292978720112,-2.3484501538479994,-0.8790202473964905,-0.5786929535187152,0.7829718110888321,1367
0.0,1.7651891589205408,0.1024,0.0,0.07603468627599762,0.03682537009038924,0.6188146964961719,0.007836181831729775,0.06853998294379059,0.0,0.3520539560990836,0.181133596355019,-0.3599246605198697,-1.0870084993964104,-0.20495759390174695,-0.01322992243121974,0.6487133956203799,-0.8775737314563035,0.8422502711623847,0.7978999948115009,1368
0.200920876370925,1.9162123290939006,0.2601,0.0,0.3471295310952009,0.0,0.47790394060861674,0.06757130132624208,3.9411554312510293,1.3879011656755285,1.3173754374983664,0.6648240933323804,1.4660314791164075,-0.6712478149987401,-0.04128431443400068,-2.1650140045458643,-1.8987716352292145,-2.1716217273735205,-1.199468923339233,0.9022247703958134,1370
0.0,0.07338314643238054,0.31360000000000005,0.34980600355009,0.14236724128692196,0.0,0.0,1.0476638938271847,0.41574965004300457,1.1583988942424401,1.1447799607436075,0.181133596355019,-0.13849068914897425,1.9510359618006357,-0.00966037064851983,-0.018526327904643064,-1.573088774262778,-1.2050017389387226,-1.3579593610239071,0.6107880038857895,1371
0.200920876370925,1.9162123290939006,0.2601,0.0,0.3471295310952009,0.0,0.47790394060861674,0.06757130132624208,3.9411554312510293,1.3879011656755285,1.3173754374983664,0.6648240933323804,1.4660314791164075,-0.6712478149987401,-0.04128431443400068,-2.1650140045458643,-1.8987716352292145,-2.1716217273735205,-1.199468923339233,0.9022247703958134,1372
0.0,3.8761643847623,0.04000000000000001,0.0,0.08250122151174369,0.0,0.0,1.2247152208169296,1.6463328014124616,0.0,0.16689829373793028,0.6648240933323804,-0.6455331552875236,-0.849844873692603,-1.978118135053083,-0.3814342427845727,1.1027362807249697,-1.8089648645172582,-0.5243699331117435,0.6846741550815,1376
0.0,0.2050312322435411,0.0225,0.0,0.07510747248680541,0.0,0.0,0.11066902350364077,0.017993464531129294,0.0,0.2509374896202608,0.181133596355019,-0.5117155723642369,0.38210441031739006,-0.7645039457122014,-0.23562134026189907,0.6827000476770774,0.6761205549151095,0.13584673503543512,0.800245350369963,1378
0.0,0.0463214731859342,0.0004,0.0488266144487674,0.07417939817425151,0.0,0.0,0.36335577355010673,0.09776642190467841,0.0,0.10936646815301185,0.181133596355019,-0.8565148701367201,0.5373721810833173,-0.2817024884357636,0.35960919713319767,0.00958915802479361,-0.12311329223901893,-0.004105626323934198,0.39537782127928695,1379
0.0,0.0463214731859342,0.0004,0.0488266144487674,0.07417939817425151,0.0,0.0,0.36335577355010673,0.09776642190467841,0.0,0.10936646815301185,0.181133596355019,-0.8565148701367201,0.5373721810833173,-0.2817024884357636,0.35960919713319767,0.00958915802479361,-0.12311329223901893,-0.004105626323934198,0.39537782127928695,1380
0.0,0.1461007174643103,0.0484,0.0,0.07696104113612832,0.6499885853699919,1.0304630236997112,0.09727602383773401,0.004943337316125731,0.0,0.2509374896202608,0.6648240933323804,-0.5058594491526563,-1.9233680193561062,0.7885062036463557,-0.5261363380283103,1.046990157923135,-0.20208348256371,0.0011197809576210822,-0.12121185399297128,1382
0.0,0.1461007174643103,0.0484,0.0,0.07696104113612832,0.6499885853699919,1.0304630236997112,0.09727602383773401,0.004943337316125731,0.0,0.2509374896202608,0.6648240933323804,-0.5058594491526563,-1.9233680193561062,0.7885062036463557,-0.5261363380283103,1.046990157923135,-0.20208348256371,0.0011197809576210822,-0.12121185399297128,1383
0.0,1.550275793997399,0.0225,0.0,0.10165365372649983,0.35609082721260205,0.7709274196202452,0.17287594023214262,0.5966762430298194,0.0,0.7578669791145087,0.6648240933323804,-0.6028557572796313,-2.0081450567553865,-0.15224587536644918,-0.7039009974288399,0.8466765316386469,-0.8638411383714889,-0.14572333711664912,0.6604219496949099,1384
0.0,2.4064702886920553,0.0625,0.49472348894674767,0.07325046173959267,1.0273046342358119,0.7849396424473999,0.0006857444316519885,0.5966762430298194,0.0,1.3173754374983664,0.6648240933323804,-0.013350977787894108,-2.9321996205546483,0.6586823805780043,0.2800736776154929,1.1587402181948887,-0.7722533062005814,0.23787970991634497,0.53398507985876,1385
0.0,0.3659127576843181,0.004900000000000001,0.0,0.09531017980432487,0.0,0.0,0.10723982123031667,0.004943337316125731,0.0,0.6055187008462087,0.6648240933323804,-0.5781508513781064,-0.5649377393032711,-1.5676484282589245,-0.40187516606601326,-0.004603885327235471,0.006889310275862692,-0.3711075321104011,0.36886096258628454,1386
0.0,0.3659127576843181,0.0961,1.2895952072414691,0.07973496801885356,0.0,0.08994614192826365,0.05454302401703051,0.06192402115437553,0.122946425483153,0.017244329669892283,0.6648240933323804,0.027843912504628032,-0.9557884521793628,-0.07400726794944756,2.120882662178697,-1.0796793223728491,0.32357363634618735,-1.4434620930501336,0.9610410491093123,1388
0.0,0.05295878168280805,0.0,0.0,0.0657877405380031,0.0,0.0,3.917887239265957,2.9479341676151587,0.0,3.6160313405397013,0.181133596355019,-3.1071965898989036,1.442981140400953,0.4854423580029946,0.6998975080798422,0.0984546081278258,0.10443398457441534,-0.37037201722398233,-0.44202609579380625,1390
0.0,0.3659127576843181,0.0484,0.0,0.08984070399978947,0.0,0.0,0.1005433213973447,0.14175757731586763,0.0,0.2657562177217061,0.6648240933323804,-0.7449122512248151,-0.03247300510441763,-1.1968568874869543,0.49057880820228256,-0.026089816028358075,-0.3268128709689463,-0.5999902684655825,-0.37834536715634665,1391
0.0,0.24361058788162282,0.0036,0.0,0.06765864847381481,0.0,0.0,1.7277879647448804,0.8101978546601726,0.0,0.3520539560990836,0.6648240933323804,-0.9902735499143617,-0.08990591579217815,-1.982734776188849,-0.7500438998881086,1.0015635527066409,-0.3630487114330419,-0.9545334590014891,0.7908919203166679,1392
0.0,0.003984229648887772,0.0625,0.0,0.07510747248680541,0.2853149261682657,0.33587176666578866,0.1005433213973447,0.004943337316125731,0.0,0.05005171376274625,0.6648240933323804,-0.5014470602844353,-0.9026799565506007,-0.16792160288214414,-0.309466640143496,0.9893068596956146,0.22008786307404446,-0.2611259240955782,-0.2791615778015238,1393
0.1529841784803131,0.7317394843681883,0.010000000000000002,0.0,0.0880108773227133,0.0,0.0,0.13972593829513,4.196476200635395e-05,0.0,0.6795581811557958,0.181133596355019,0.20703110284100126,0.2785886763635795,-1.8545601275974868,-0.21515683040264866,-0.4590862116917714,-0.2766813854710065,0.753152257348685,0.6127255820204004,1395
0.200920876370925,0.6395980252351121,0.010000000000000002,0.0,0.08617769624105233,0.0,0.0,0.13972593829513,4.196476200635395e-05,0.0,0.6795581811557958,0.6648240933323804,0.21576837442539223,-0.3504654333612992,-2.119797562012277,-0.35850146811803163,-0.49495877046500325,-0.15062358022428973,-0.0186197604690235,-0.050057503815702224,1396
0.0,0.10664289452517259,0.06760000000000001,0.0,0.07696104113612832,0.12669271367382126,1.0195180955220389,0.21393875765621756,0.03919234640701822,0.0,0.2509374896202608,0.6648240933323804,-0.6659428091190651,-1.6178913176946288,0.39067802749973485,-0.6435211228822169,0.8331931097368896,-0.19860300019111116,-0.3808086541821606,0.28318849755423603,1397
0.0,0.5958515737359537,0.0,0.0,0.0657877405380031,0.0,0.0,0.34481102633060623,0.4839446742850763,0.31157001331400547,0.36956699840079166,0.181133596355019,-1.2394421617827545,0.7341369317275953,-0.5201432237111839,0.30714463704749423,-0.7566009318472029,-0.55445323166051,0.1572540958374867,0.16133023191014859,1399
0.0,0.7801344920021048,0.04409999999999999,0.0,0.07696104113612832,0.9917579743817846,1.3611104816301818,0.07591605158168345,0.15168151999999027,0.0,0.2509374896202608,0.6648240933323804,-0.4607887042723858,-2.7531908358201327,1.747935311247956,-0.7543785819313679,1.171889363441787,-0.8557582283702447,0.17593402283947432,-0.0576586300655546,1400
0.0,1.6585285874505502,0.17639999999999997,0.0,0.050693114315518116,0.0,0.0,0.0499891057235251,0.6778607956989522,0.669072844505199,1.8148349853072083,0.181133596355019,-0.6346658899295335,2.1150704715647364,0.033672451093982,-0.07523186658629018,-0.8025975729484889,0.6651244292250962,-0.436371051345636,-0.6219970041590761,1402
0.0,1.2562637691749257,0.10890000000000001,0.0,0.05921185963184609,0.0,0.0,0.14396041466942477,0.2674180756997283,1.2797195427714867,0.16689829373793028,8.453723154686502,0.5026178088929277,3.2178232853415976,0.2990063575244906,-1.3619052268270713,-1.7482895116105188,0.17844671279749638,0.6198810356864527,2.072207016741308,1403
0.0,0.03043585615848893,0.1521,0.0488266144487674,0.0788111804242897,0.0,0.0025987038478202254,0.844992715834507,0.5768283576615741,0.0,0.056787499263402444,0.181133596355019,-0.0076070627840678,0.20061192558363578,-0.13743465792098422,0.560330519005378,-0.331586813264109,0.5822766635320394,0.7028619363256161,-0.2234439506218888,1404
0.0,2.6304062448531313,0.11560000000000002,1.062573389725466,0.06015392281974709,0.0,0.0,0.12098307145516621,0.33750948554092247,0.9770685441885573,0.17902270763911277,0.181133596355019,1.4335579795553794,1.672691498113855,0.7232295682892139,0.844729385408498,-1.2017832051302395,0.9242620711596706,-1.4186252676670854,0.6307576258032718,1406
0.0,0.014111005480515507,0.0,0.0,0.06203539091945264,1.2175396164819738,0.22044990654106972,0.8079916575367286,2.1363666824214076,0.954730776801224,0.056787499263402444,0.181133596355019,-1.852810080199747,-0.06415512630976143,2.2794882312467624,-0.8183922172995175,-1.4679786618670978,0.24716505306692776,0.5029925389520319,-0.3479492351964425,1407
0.0,1.8050130099017827,0.1296,0.0,0.046883585898850416,1.0616309829709105,0.1956761943904252,0.8079916575367286,0.06853998294379059,1.1208492592588006,3.273138771509722,2.7774332834730595,-0.26576840519330663,2.2718213679126684,3.0525391936908544,-0.8142009566406891,-0.5028077129129012,-0.49171744908781573,0.07754848315489009,-0.44619313943931216,1408
0.0,0.014111005480515507,0.0,0.0,0.06203539091945264,1.2175396164819738,0.22044990654106972,0.8079916575367286,2.1363666824214076,0.954730776801224,0.056787499263402444,0.181133596355019,-1.852810080199747,-0.06415512630976143,2.2794882312467624,-0.8183922172995175,-1.4679786618670978,0.24716505306692776,0.5029925389520319,-0.3479492351964425,1409
0.0,5.69450019093949,0.0,0.0,0.0788111804242897,0.0,0.0,2.644301794350862,1.4551792718018106,0.0,1.8148349853072083,0.181133596355019,-3.0383722952822594,0.48055249376416803,-1.5961173064395364,1.242944398069229,0.2153043590352812,-1.6571338605940735,0.4600739543362104,0.1817277822527237,1410
0.0,0.11659885727048336,0.16000000000000003,0.0,0.06859279146561172,0.0,0.0,0.0499891057235251,2.5258529156965137,0.35364766214801746,0.021285800970286428,0.181133596355019,-1.3567745395727555,0.9206178572916777,-0.4731403317453422,0.2709305793162752,-1.1780699518340012,0.9941126677467468,0.2116152522791529,0.13516524954732573,1411
0.0,2.6304062448531313,0.11560000000000002,1.062573389725466,0.06015392281974709,0.0,0.0,0.12098307145516621,0.33750948554092247,0.9770685441885573,0.17902270763911277,0.181133596355019,1.4335579795553794,1.672691498113855,0.7232295682892139,0.844729385408498,-1.2017832051302395,0.9242620711596706,-1.4186252676670854,0.6307576258032718,1412
0.6466769629007264,0.0463214731859342,0.0625,0.0,0.09893994785490356,0.0,0.8391039440872766,0.0499891057235251,2.9925919096937097,0.8845578841437388,0.09993636845209211,0.6648240933323804,1.4896822435188828,-0.4489872072012496,0.4009766584653485,-1.4600341869317601,-0.19434769022583456,-1.394577199653079,-1.1692029739218242,0.10758987877112804,1413
0.6762082614831358,1.3841539670871217,0.34809999999999997,0.0,0.07417939817425151,0.0,0.0,1.923078384196642,0.5021385692059677,0.5409761286623967,0.6055187008462087,0.6648240933323804,2.1423647370105914,0.4866075383419608,-1.3951281256093506,-0.6654472856893482,-0.530012281432676,0.9862577564921463,-0.5871968229147686,-0.43993899111304147,1414
0.0,0.07338314643238054,0.0,0.0,0.06297479916138844,0.0,0.0,0.004589210891891607,2.5258529156965137,0.7274510450063292,0.9272925279793011,0.6648240933323804,-1.2705905802170794,-0.30104117343494635,-1.2267859527012435,-0.7342438290748194,-2.011995754568761,0.8820043748193058,-0.10893116962929547,0.011529337276027517,1415
0.6762082614831358,1.3841539670871217,0.34809999999999997,0.0,0.07417939817425151,0.0,0.0,1.923078384196642,0.5021385692059677,0.5409761286623967,0.6055187008462087,0.6648240933323804,2.1423647370105914,0.4866075383419608,-1.3951281256093506,-0.6654472856893482,-0.530012281432676,0.9862577564921463,-0.5871968229147686,-0.43993899111304147,1416
0.0,1.1345716461090758,0.10890000000000001,0.0,0.06203539091945264,0.42218689553501815,0.0,0.6320108186394775,0.06192402115437553,0.5062131032589602,2.3469246879987344,2.7774332834730595,-0.8673485595721353,2.1752238572766096,1.5271065344654873,0.10496153434405214,-0.032100656978205,0.0797734910916667,0.21237841842541866,0.09335874289680458,1417
0.0,5.552866360572911e-05,0.0001,0.0,0.07417939817425151,0.0,0.0,0.8079916575367286,0.9291817924666731,0.0,0.3520539560990836,0.6648240933323804,-0.393214248155149,-0.010013324645138972,-1.9005944178950667,-0.5909368349017546,1.1850394123148917,0.011944714114025968,-0.97036249676937,0.6310976184243783,1418
0.0,0.3659127576843181,0.04409999999999999,0.0,0.07417939817425151,0.9549010302251432,1.2965028407619943,0.34481102633060623,0.06853998294379059,0.0,0.2509374896202608,0.6648240933323804,-0.7510765668770999,-2.5646563819924695,1.598589837080841,-0.6331925962613912,1.4680933777520728,-0.5274871828179992,0.03593872175189969,0.014828581309031762,1419
0.0,5.552866360572911e-05,0.0001,0.0,0.07417939817425151,0.0,0.0,0.8079916575367286,0.9291817924666731,0.0,0.3520539560990836,0.6648240933323804,-0.393214248155149,-0.010013324645138972,-1.9005944178950667,-0.5909368349017546,1.1850394123148917,0.011944714114025968,-0.97036249676937,0.6310976184243783,1420
0.0,0.5345784794872352,0.0324,0.0,0.07603468627599762,0.5977164317993333,0.313828630344137,0.014325685378619286,0.034230375064955826,0.0,0.9272925279793011,0.6648240933323804,-0.3881024748852809,-1.029634318154397,0.1954734396080415,-1.1003784473629403,0.478271332334508,1.0331318620359204,-0.08298581040106404,-0.19579888996146563,1421
0.0,0.0023249025246693767,0.0,0.0,0.07603468627599762,1.1882420769649327,0.2446246896822607,0.34481102633060623,0.2541861521208982,0.7274510450063292,0.7834629640170051,0.181133596355019,-1.1750301991508207,0.10683388309856957,2.1297397493365393,-0.5160814484062531,-0.6166112451849644,-0.44729319217582836,0.3909830417221365,-0.5954639622645288,1422
0.0,5.552866360572911e-05,0.0081,0.6975368785261739,0.11600367575630613,0.0,0.0,0.00130673328986092,1.4551792718018106,0.06965473649295341,0.2657562177217061,4.2285047744051445,-1.107336577462677,-0.9000816949561666,-0.39987119050293884,1.0391301774144115,-1.0223946647072881,0.8589844491062528,-1.5438813636232158,-0.9353918640120529,1423
0.0,0.45627288034580543,0.10890000000000001,0.0,0.07510747248680541,0.0,0.0,0.28650313772959846,0.004943337316125731,0.0,0.4904550496763695,0.6648240933323804,-0.5652843405387213,0.6807705112383139,-0.8509752384410185,0.20102347678828214,0.4199857825719893,0.4365498378360676,-1.236251421167445,-0.334891845006512,1427
0.0,0.3659127576843181,0.0,0.0,0.06952606264861023,0.7469872683844655,0.2446246896822607,0.07591605158168345,4.196476200635395e-05,0.0,0.2657562177217061,0.6648240933323804,-0.764297003270164,-0.8328676746758192,0.4393515658949049,-0.2817807206500738,0.23429272280954638,-0.6526635806087809,-0.1638812016569384,-0.7803390612315732,1428
0.0,3.8254145967241575,0.16000000000000003,0.0,0.04783732941416013,1.1580602180839163,0.4966425086978604,0.14396041466942477,0.014685483636421763,0.954730776801224,0.6284203715484423,0.6648240933323804,-0.07397403280991126,0.2652272863901346,2.5784268494086393,-1.327559082832678,-0.43716339810981036,0.8244332140764754,-1.01054791361277,-1.4506078548590204,1429
0.0,0.45627288034580543,0.0576,0.0,0.0639133257436528,0.20914565395635606,0.032570289690610876,0.34481102633060623,0.14175757731586763,0.0,0.001514216173531351,0.6648240933323804,-0.8498416646775118,-0.2024656582596207,0.013153500401839716,-0.6644420808199504,0.2711769730211982,0.6757934350836556,-0.5847288074821775,-0.4420994377646132,1430
0.0,0.3182559066019819,0.0961,0.0,0.06672363204290818,0.0,0.6188146964961719,0.23359207291906567,0.10603637414144908,0.0,0.2509374896202608,0.181133596355019,-0.27889183132107703,-0.10207089322505146,0.2652241411245774,-0.5566808088040145,0.9258644159912651,0.3969160278339865,0.028167649841027778,0.8246352075239405,1431
0.0,0.5345784794872352,0.0256,0.0,0.06672363204290818,0.0,0.0,0.40851573872208874,0.4839446742850763,0.39402604307736266,0.09993636845209211,2.7774332834730595,-1.157957239841833,1.5067803838929532,0.07464364412898451,-0.5488785711962592,-0.6032675037471759,0.8557878995893973,0.6986820913974897,1.2371740434990866,1433
0.7327766880855823,0.0023249025246693767,0.1369,2.350435851446834,0.19392069263730652,1.5773711101704595,0.9152176986363139,13.069994472256445,0.6993626715145513,0.5062131032589602,1.7757674294033978,0.181133596355019,5.231090231887869,-3.6561640730381177,5.174589364488186,6.581729790027568,-1.5656102533763074,1.5548685175592287,-0.6020274889446808,1.7918868236646,1434
0.6762082614831358,0.7097839023091328,0.1444,0.0,0.1561486824899313,0.7469872683844655,0.8521987184079803,1.5667298393997762,1.056314484934064,0.0,3.220599644604598,0.6648240933323804,2.01131249694771,-1.7896779444619844,0.611902335840046,-1.694863006905422,0.6730424350783785,0.7164625932215685,0.3609519232036186,-0.27712275902336225,1436
0.0,4.561661702020343,0.0841,0.9830352832620172,0.06765864847381481,0.0,0.0,0.24889872586421416,1.9538466977751774,0.0,0.36956699840079166,0.6648240933323804,-1.716439064371229,-1.2989074650467574,-0.42329132474274833,2.3602835517115266,-0.7400020844139856,-0.7341225227345305,-0.3798139613902651,-0.02088451439931348,1437
0.0,0.10664289452517259,0.0,0.0,0.050693114315518116,0.0,0.0,0.14396041466942477,0.3992097455694669,0.0,0.017244329669892283,0.6648240933323804,-1.2964649417512908,-0.030430392897960606,-2.0664638259857244,0.17008140640072,0.23109129278587703,0.46821037092107415,-0.3315218864044375,-0.049346369145063344,1438
0.0,0.5958515737359537,0.0004,0.0,0.06952606264861023,0.9166334959107316,0.8778848095792277,0.3091786743151702,0.0032893468687716027,0.122946425483153,0.3330659303304092,0.181133596355019,-1.012736833711491,-0.7209249553458668,1.7553208750301765,-0.26922655309539534,0.1788073283394332,-1.042779209562139,0.48272697199655945,0.00990507427189048,1439
0.0,0.07338314643238054,0.04000000000000001,0.0,0.05638033343610754,0.0,0.0,3.3252494120801277,0.19389748738793933,0.0,1.3510543650016476,0.6648240933323804,-2.228099813772168,0.6069682319377668,-1.0275560046098993,0.18124637709445007,0.8050246318734094,-0.38358700909950355,-1.120143348682025,-0.39839853204651743,1443
0.0,1.9940481922479605,0.0361,1.087739767682,0.08984070399978947,0.2853149261682657,0.9512068579605802,0.04308586929420841,0.9291817924666731,0.0,0.6055187008462087,0.181133596355019,0.48811304224685825,-1.8902587665044506,0.9369944699151552,1.4095677887434244,0.46781485984962523,-0.8338508332030005,-0.011235990894602045,1.8602143643839981,1445
0.0,0.5958515737359537,0.0,0.0,0.07696104113612832,0.48418381194589716,0.0,0.021093458225716396,0.32262357151473864,0.39402604307736266,0.47024769317440096,0.6648240933323804,-0.7630331121925351,-1.1445474068422454,-0.26705151038050384,-0.5706306671637631,-1.0007209942449495,0.02777283543328175,0.1093450928455468,-0.1279826418936778,1447
0.0,0.7097839023091328,0.0961,0.0,0.05448818528406963,0.0,0.0,1.0906314878648475,0.2674180756997283,0.470197951593395,0.6284203715484423,8.453723154686502,-0.571544630388005,2.767606504102735,1.0584587471661606,-0.36581983262299705,0.24619256116382515,-0.25873906953131504,0.8155146655735567,1.4679407868688543,1449
0.0,0.8066837259896001,0.1024,0.0,0.06015392281974709,0.0,0.0,1.112439094311167,0.2674180756997283,0.35364766214801746,0.6284203715484423,2.7774332834730595,-0.628884008676779,2.1221037399559273,0.6925882723099298,-0.4465241343873649,0.330580669151185,-0.08999691525287033,0.04031889358205669,0.8566642273906125,1450
0.0,1.3841539670871217,0.1936,0.11670607820206329,0.09893994785490356,0.0,0.0,0.09380083288227813,0.014685483636421763,0.5409761286623967,0.2657562177217061,2.7774332834730595,0.28818633820722356,2.179410475071524,0.15544051452792246,0.2124433686207001,-0.562368728766252,0.7375362622990189,0.4225911389505133,0.5882232525785762,1451
0.0,0.07338314643238054,0.0004,0.0,0.06015392281974709,1.126938989137158,0.1956761943904252,2.413070794837578,0.06192402115437553,0.470197951593395,1.1447799607436075,2.7774332834730595,-1.8304782735988494,0.9122596535751017,2.258091009968282,-0.388943138062167,0.06182562922254606,-0.9329015486595589,0.7825341480917988,0.3612726386779134,1452
1.078128213569586,0.2050312322435411,0.39690000000000003,0.0,0.07045846364856141,0.0,0.0,2.4441202377478426,0.41574965004300457,0.17354122620610013,0.17902270763911277,0.181133596355019,2.2602204588077925,1.1362629716106538,-0.8630219035385774,0.2300186589631141,0.13555456515402164,-0.14508433181867092,0.6264164591794139,-0.9088695585339229,1454
0.0,4.2119402091891835,0.0,0.0,0.050693114315518116,0.0,0.0,1.1455552657648713,1.4551792718018106,0.0,0.17902270763911277,0.181133596355019,-2.3542569341088178,0.21642423456351292,-1.2591464759388815,0.4216699985280626,-0.7753377749502962,-1.1875658608116706,0.6637168152158085,0.37106626663830117,1455
0.0,0.05295878168280805,0.10890000000000001,0.0,0.07138999608667293,0.7469872683844655,0.7849396424473999,0.029312518674252972,0.3992097455694669,0.0,1.7757674294033978,0.6648240933323804,-0.37553969430164164,-1.897352190200886,0.6202168549779616,-0.9380316508929916,0.21301940628989008,0.9379742783703203,0.3734753163799869,-0.16215659374140576,1457
0.0496122560132309,1.8050130099017827,0.16000000000000003,0.0,0.06485097231961633,0.0,0.0,0.1323775701397009,0.2541861521208982,0.0,0.002861373273662736,0.6648240933323804,-0.3570218141501881,0.7168015338323747,-0.9308387727843781,-0.49714487084463943,0.3327607156334357,1.2492327299885502,-0.7219707247145328,-0.7376443386448772,1458
0.0,3.4022861800484323,0.12249999999999998,0.0,0.05259245011917058,0.0,0.0,1.2478180649729649,0.0032893468687716027,0.6070741818604354,1.8148349853072083,2.7774332834730595,-0.590763392581756,3.2903890897579178,0.41042797358042,-0.5035258469526034,0.032162437945504004,0.49949619726745464,-0.23409925136854243,0.21494691133340307,1459
0.0,0.3841653560507208,0.0081,0.0,0.05259245011917058,1.0273046342358119,0.4393393195580633,0.07007256153529208,0.3992097455694669,0.122946425483153,0.001514216173531351,0.181133596355019,-0.783879240553539,-0.4727159259805908,1.6732221835301277,-0.39689673214552657,-0.17774350856414645,0.8347175359921698,0.7054908007017908,-0.09882254391443902,1460
0.0,1.9940481922479605,0.0,0.0,0.05826890812397577,0.0,0.0,0.0022057317585367545,3.1711979255658025,0.0,0.16689829373793028,4.2285047744051445,-1.8843593892321426,-1.3900808010523018,-2.191381464828791,0.4052400112947771,-1.3616439276352736,0.3295599286451194,-0.5452212360822841,-0.6709841907391779,1461
0.0,0.3016626353597976,0.0001,0.0,0.07325046173959267,0.0,0.0,0.6156000359836388,0.034230375064955826,0.0,0.10936646815301185,0.181133596355019,-1.296931764674431,0.16816387375788147,-0.26437544824915693,0.3721267660968551,0.450365561946246,-0.3291931573415556,0.12485251678778349,0.5598374947820141,1463
0.0,0.10664289452517259,0.010000000000000002,0.0,0.06109509935981088,1.0273046342358119,0.1956761943904252,0.23359207291906567,0.3992097455694669,0.06965473649295341,0.47024769317440096,0.6648240933323804,-1.2132315842250427,-1.4286875671751291,0.7079207026146941,-0.9303915596349228,-0.22814251168177602,0.257302076920631,0.18664200776833403,-0.36380303354820803,1464
0.0,0.08167978205347286,0.1024,0.0,0.06015392281974709,0.9166334959107316,0.22044990654106972,0.08150495130556382,0.004943337316125731,0.0,0.16689829373793028,2.7774332834730595,-0.1317373064699891,0.1492503048450387,1.3670038134473905,-0.44221788413159374,0.24193590570104953,0.3079117889430392,1.5077943887234684,0.7552200795607356,1466
0.0,8.018339024668593,0.0064,0.0,0.06485097231961633,0.2853149261682657,0.0,0.01692059913082481,1.77947546778984,0.0,0.2657562177217061,4.2285047744051445,-2.080258397506306,-2.1233661004630333,-1.3134830339360388,0.9265821925507092,-0.9364168452239812,-1.3289323830684667,-0.20097841152395848,-1.1635430329430116,1467
0.0,0.08167978205347286,0.1024,0.0,0.06015392281974709,0.9166334959107316,0.22044990654106972,0.08150495130556382,0.004943337316125731,0.0,0.16689829373793028,2.7774332834730595,-0.1317373064699891,0.1492503048450387,1.3670038134473905,-0.44221788413159374,0.24193590570104953,0.3079117889430392,1.5077943887234684,0.7552200795607356,1468
0.0,6.2382714502936905,0.0025000000000000005,0.0,0.05921185963184609,0.35609082721260205,0.08994614192826365,0.027560770108743818,4.196476200635395e-05,0.0,0.47024769317440096,10.87217563957331,-0.8448668481639842,-3.3845562431681815,-1.5947499784581876,-0.09365897284132338,-0.35463966733324104,-1.1639454983175064,-1.0656644079317854,-0.963818095820909,1469
0.6762082614831358,0.7801344920021048,0.0121,0.0,0.08065790301745447,0.0,0.0,0.24374253997794565,7.5691264433679075,0.0,0.47024769317440096,0.6648240933323804,1.2126578321174348,-0.4232424665677761,-1.9218252490956251,-0.9058522982115148,1.874073637011211,-1.548816372019462,-0.8329087222578081,0.628077639289406,1470
0.0,0.8815730634046994,0.0064,0.640891576609567,0.06485097231961633,0.0,0.0,3.101794277157752,0.5768283576615741,0.0,3.976001180166172,0.6648240933323804,-2.361515588217256,0.6200682302376664,-0.6792322748023704,1.8098063310845696,0.22327555517523728,-0.8270333457408302,-1.5058610402404664,-0.41425544011401644,1471
0.0,1.019077597889572,0.36,0.0488266144487674,0.07045846364856141,0.5425604642575216,0.0,0.007836181831729775,0.19389748738793933,0.5745711749545842,0.36956699840079166,0.181133596355019,-0.28125705799478606,0.8439569388514495,1.1870580158362962,-0.19030303465247633,-0.4618351186868232,0.60846542600777,-0.04776601038050228,-0.3602542232592747,1472
0.0,0.1461007174643103,0.0064,0.0,0.06859279146561172,0.0,0.0,3.0653073100013217,0.19389748738793933,0.0,0.2657562177217061,0.6648240933323804,-2.293285786983031,-0.1908573130422847,-0.36411968721170695,-0.24998564761297043,0.5156649748979969,-0.27532662119122026,-0.9616669847456065,0.03440852754385205,1473
0.6466769629007264,0.03043585615848893,0.25,2.231102844878853,0.18647956694261833,1.4253503941722845,0.7422998240923979,8.735142676093355,0.9291817924666731,0.4328370920202075,2.302468503694399,0.6648240933323804,4.667090943043343,-3.699112666701397,3.991001864602644,5.43811637077556,-1.3102783037448031,1.6483366028490585,-1.487987901777812,1.3136261810082024,1474
0.0,0.11659885727048336,0.0121,0.0,0.046883585898850416,0.03682537009038924,0.8391039440872766,6.506448037480862,2.1363666824214076,0.8348817894015947,8.336137802863632,2.7774332834730595,-3.3129080060260576,2.375035637276518,2.561439835147673,0.1003015695218275,-0.6858818019777086,-0.9560076839645261,-0.4480720904597952,0.08388219074884153,1475
0.6466769629007264,0.03043585615848893,0.25,2.231102844878853,0.18647956694261833,1.4253503941722845,0.7422998240923979,8.735142676093355,0.9291817924666731,0.4328370920202075,2.302468503694399,0.6648240933323804,4.667090943043343,-3.699112666701397,3.991001864602644,5.43811637077556,-1.3102783037448031,1.6483366028490585,-1.487987901777812,1.3136261810082024,1476
0.0,0.11659885727048336,0.0121,0.0,0.046883585898850416,0.03682537009038924,0.8391039440872766,6.506448037480862,2.1363666824214076,0.8348817894015947,8.51494945923798,2.7774332834730595,-3.319600127363051,2.389116603421907,2.568384670831616,0.1110342920511893,-0.682760151353352,-0.9671442213592547,-0.4535783215389992,0.06835257404127927,1477
0.0,3.6600614287023108,0.0025000000000000005,1.2048663414410132,0.0788111804242897,0.0,0.0,0.4914860260707108,0.32262357151473864,0.0,0.05005171376274625,10.87217563957331,-0.26256692656996355,-2.5355420100236246,-2.2999739574761295,2.576535910078802,-1.085119778717009,0.008033625878741043,-2.1465437433367542,-0.43816215204334497,1478
0.0,1.9576955071993605,0.36,0.29642485248943906,0.09893994785490356,0.0,0.0,0.6479495326667464,0.2541861521208982,0.122946425483153,0.021285800970286428,0.6648240933323804,0.48881087534096906,0.44924189712401974,-0.473430275173801,0.28075620017597974,-0.41781839079175787,1.5485735904234177,-0.7060417601964114,-0.7781712019975167,1479
0.0,0.24361058788162282,0.0009,0.0,0.07696104113612832,0.0,0.0,0.8267770426603792,4.96220936172512,0.0,0.09993636845209211,4.2285047744051445,-2.6812872690674587,-0.802313536837132,-1.9136870334721976,-0.2003139391299102,-1.1700475744156715,0.9826710901819052,-0.8834686731884652,-0.7702846006437007,1480
0.0,1.9576955071993605,0.36,0.29642485248943906,0.09893994785490356,0.0,0.0,0.6479495326667464,0.2541861521208982,0.122946425483153,0.021285800970286428,0.6648240933323804,0.48881087534096906,0.44924189712401974,-0.473430275173801,0.28075620017597974,-0.41781839079175787,1.5485735904234177,-0.7060417601964114,-0.7781712019975167,1481
0.0,1.2562637691749257,0.1936,0.0,0.04114194333117518,0.0,0.0,0.4633652217644795,0.06192402115437553,0.0,0.056787499263402444,0.6648240933323804,-0.5825044706024832,0.9568727462560039,-1.1702122377226456,-0.5816490757137829,0.3611524743826738,0.888765702635415,-0.9472051169536813,-0.5902705094026514,1483
0.0,0.473909331507997,0.0256,0.0,0.07138999608667293,0.0,0.0,0.12128043975111899,0.14175757731586763,0.0,0.47024769317440096,0.6648240933323804,-0.9475784690316986,-0.6854077890270235,-1.5067987762139117,-0.044122922936919044,-0.10321623776630448,0.18640811993838372,-0.3002980136627983,0.3381715483402856,1485
0.0,0.6848939954458569,0.04409999999999999,0.0,0.06765864847381481,0.0,0.0,0.4355087343400452,0.19389748738793933,0.0,0.017244329669892283,0.6648240933323804,-1.2929064333416664,-0.3725125096923631,-1.2706954521931784,0.03806765412062651,-0.27951556732332183,-0.1783756366979652,-0.514337319420576,0.13238159423347773,1486
0.0,0.3659127576843181,0.0025000000000000005,0.0,0.0639133257436528,0.0,0.0,0.8457783007356492,1.77947546778984,0.5409761286623967,0.021285800970286428,0.6648240933323804,-1.9752699207515925,0.12809799135822778,-0.9543641138979467,-0.2072669650052251,-1.429330986104147,0.08521193626223077,-0.6354363235928714,-0.15383783154769193,1487
0.0,0.0023249025246693767,0.0016,0.0,0.04783732941416013,0.0,0.0,1.7277879647448804,6.815163453064744,0.0,0.7834629640170051,0.6648240933323804,-3.2400206267660643,0.587250770840588,-1.2477968427464967,0.4582449616801499,-0.7709683366504589,0.9247800326598266,-0.4608092959771202,-0.7972871256205857,1488
0.0,3.003950062758091,0.24009999999999998,0.0,0.038258712117090345,0.0,0.0,2.9215181708919955,0.2541861521208982,0.0,3.273138771509722,0.181133596355019,-1.7792858757185988,2.4701188211886254,0.013399594385843934,0.022853909783999413,1.0126633983400062,0.7560210780100962,-0.9589982084231078,-0.4411640933320724,1490
0.0,0.4363609548551842,0.0036,0.0,0.048790164169432,0.0,0.0,2.8509188390469484,2.7328191643253894,0.0,1.9414534345064027,0.6648240933323804,-3.060243828438646,0.6081509379106439,-1.2139190666198068,0.49292463260683556,-0.09909282237152972,-0.224272065323265,-0.7211894023676683,-0.7491655390086852,1492
0.0,0.0023249025246693767,0.06760000000000001,0.0,0.08525984395082342,0.5425604642575216,1.4069664386793117,0.037023413628044725,0.10603637414144908,0.0,0.47024769317440096,0.6648240933323804,-0.19479396091183623,-2.1978115168176546,1.5237114366099938,-1.1816969268896138,0.8179732621816316,-0.23242675353249015,-0.24071462133830415,0.15708342943315456,1493
0.0,1.5182422398456628,0.0081,0.0,0.0639133257436528,0.0,0.0,1.2362396587760587,0.4839446742850763,0.22169899923487,0.16689829373793028,2.7774332834730595,-1.3388231574595884,1.6056332318581366,0.3662138181460357,-0.9755156028087283,-0.06852640254251145,1.124008340339214,0.6817642421251653,1.0925042608987607,1494
0.0,0.3182559066019819,0.0004,0.0,0.07696104113612832,0.0,0.0,0.8844284357409393,0.06192402115437553,0.6385539155203055,0.021285800970286428,0.181133596355019,-0.8990336090472337,1.0862117326186778,0.22508008036183327,-0.738832765423624,-0.5961333815843081,0.23512558039491432,-0.31851615855984156,0.35468131998958174,1495
0.0,1.3493080974785343,0.0009,0.0,0.05259245011917058,0.0,0.0,0.73500884655842,0.7870419883972198,0.0,0.9555828270820602,0.181133596355019,-1.7920627225409516,0.8287038432627732,-0.929088668912816,0.8064765727570087,-0.49826928460687864,-0.7783813332078774,0.1329944107314303,0.15853227441202436,1497
0.0,1.3493080974785343,0.0009,0.0,0.05259245011917058,0.0,0.0,0.73500884655842,0.7870419883972198,0.0,0.9555828270820602,0.181133596355019,-1.7920627225409516,0.8287038432627732,-0.929088668912816,0.8064765727570087,-0.49826928460687864,-0.7783813332078774,0.1329944107314303,0.15853227441202436,1499
0.0,2.5822857582507965,0.0841,0.8345607581462006,0.07973496801885356,0.42218689553501815,0.4393393195580633,0.02600057809715823,0.9291817924666731,0.0,0.9272925279793011,0.6648240933323804,0.24669571712108446,-2.145205607256947,-0.046620921818520504,0.8046850311284856,0.4129545007757754,-0.9007947995347771,-0.5630993525500426,1.0386740456966996,1501
0.0,0.25854453199958866,0.1521,0.0,0.07417939817425151,0.0,0.0,0.3759887795525381,1.6132529924653793,0.17354122620610013,0.2657562177217061,0.181133596355019,-1.5393554558331775,1.2911382692831983,-0.5352446178282223,0.3893047350191505,-0.7748795034732965,0.8784997738592651,-0.19864901434787052,0.2367281409036282,1503
0.0,0.7097839023091328,0.32489999999999997,0.0,0.10074990310014306,0.0,0.0,0.12492551497606136,0.09776642190467841,0.0,0.7834629640170051,0.181133596355019,-0.7216537746899577,1.5559525589197263,-0.7823099249799018,0.4705488320562829,0.45535645245065054,0.6621922152715789,-0.27410467151626633,-0.03927607164519105,1504
0.0,1.6203640635935261,0.0004,0.0,0.07510747248680541,0.0,0.0,0.14396041466942477,2.327035421728514,0.0,0.20678323285453473,10.87217563957331,-1.7881462427651083,-1.8164107521110189,-2.509265232272001,-0.08065675702140088,-1.23529387219139,0.26961984594207355,-1.4754179329956818,-1.2954990199331522,1505
0.0,2.4064702886920553,0.0025000000000000005,0.0,0.06765864847381481,0.0,0.0,0.3327177027072199,1.6132529924653793,0.013362382868697018,0.10936646815301185,0.181133596355019,-1.8019219476856876,0.4170656089244671,-1.3109109386823217,0.5958610750618296,-1.007593715802402,-0.6705224426991977,0.5904380063537742,0.3092349018768084,1506
0.0,0.7097839023091328,0.32489999999999997,0.0,0.10074990310014306,0.0,0.0,0.12492551497606136,0.09776642190467841,0.0,0.7834629640170051,0.181133596355019,-0.7216537746899577,1.5559525589197263,-0.7823099249799018,0.4705488320562829,0.45535645245065054,0.6621922152715789,-0.27410467151626633,-0.03927607164519105,1507
0.0,2.116576079343285,0.36,0.0,0.07138999608667293,0.12669271367382126,0.0,0.5361584120575728,0.19389748738793933,0.31157001331400547,0.021285800970286428,0.181133596355019,0.024065375494056632,0.9488477846826116,0.2614219728640877,-0.32663102561586577,-0.43378624444875347,1.4330538238398232,0.24348853982125526,-0.22532840108454313,1508
0.0,3.8254145967241575,0.16000000000000003,0.0,0.06015392281974709,0.0,0.0,1.8670482102030233,0.03919234640701822,0.22169899923487,0.36956699840079166,0.6648240933323804,-0.5636772791914557,1.575472766202108,-0.3893346664999181,-0.9194441803951836,0.48479507086327744,0.9833100187495653,-1.8076601924027695,-0.46002326913858266,1509
0.0,0.9097816245164132,0.04409999999999999,0.0,0.045928931888399804,0.6996635591645785,0.06166965793063503,0.003912388751697843,1.0298506377764036,0.5062131032589602,0.47024769317440096,0.181133596355019,-0.7993026468722666,-0.02781466104637322,1.0416209305792135,-0.7519178960240842,-0.8005783455102058,1.3642815462013387,0.4862007271609644,0.25294161762348494,1510
0.0,0.7801344920021048,0.0016,0.0,0.0657877405380031,0.2853149261682657,0.0,0.040956343063367574,0.6778607956989522,0.06965473649295341,0.3520539560990836,0.6648240933323804,-0.8362011110665513,-1.0306194153153427,-0.7388784948135525,-0.10854202023610579,-0.8602786020404509,0.1384983631858853,0.224410714975083,-0.24660733885643388,1511
0.0,2.952510921907319,0.04409999999999999,0.7683939275323008,0.07138999608667293,0.03682537009038924,0.4588075223140107,0.7703184279053421,1.9538466977751774,0.31157001331400547,1.2476179329683896,0.181133596355019,-0.39882656112719655,-1.5994593535733552,0.09077007530698455,1.1747296497921327,-1.751084762303545,-0.006956587422893582,1.1289217676436676,0.9691347165219997,1514
0.0,2.952510921907319,0.04409999999999999,0.7683939275323008,0.07138999608667293,0.03682537009038924,0.4588075223140107,0.7703184279053421,1.9538466977751774,0.31157001331400547,1.2134507336449143,0.181133596355019,-0.402172621795697,-1.5924188705006526,0.09424249314896004,1.1800960110568197,-1.7495239369913649,-0.012524856120264164,1.1261686521040626,0.9613699081682098,1515
0.0,5.552866360572911e-05,0.0036,0.0,0.06109509935981088,0.8354035567659245,0.0,0.9139827034929322,0.19389748738793933,0.6986878860637159,0.017244329669892283,0.181133596355019,-1.2328594008906621,0.12704054947208027,1.1740242869246014,-0.8675593798578508,-0.7529581797709428,-0.03078881250832572,0.1523457587092287,0.3258475525220362,1517
0.0,0.11659885727048336,0.2116,0.0,0.10795714150509228,0.0,0.0,0.01829900836379267,0.0032893468687716027,0.0,0.002861373273662736,0.6648240933323804,-0.39067846902941816,0.25741125224204997,-1.0876615728908794,-0.11631417769358131,-0.09209552522756803,0.5018847492980885,-0.8284568606125458,-0.15774484709784614,1518
0.0,0.8815730634046994,0.0064,0.0488266144487674,0.10074990310014306,0.0,0.0,0.0017447825699558506,0.6778607956989522,0.0,0.05005171376274625,0.6648240933323804,-1.2031923176601336,-0.8866027960951218,-0.9600074638167888,0.4814088401072126,-0.517374876321645,0.1230104529273526,-0.10665615633236594,-0.026830844539512056,1519
0.0,1.3841539670871217,0.0625,0.0,0.06859279146561172,0.5425604642575216,0.313828630344137,0.04326340260520101,0.4839446742850763,1.0412354779247281,0.021285800970286428,0.6648240933323804,-0.702746576411694,0.057757921445449015,1.3231834317956315,-1.0871502223991476,-1.5616229738814864,0.9490847568022143,-1.029971760219385,-0.481243914511793,1522
0.0,0.08167978205347286,0.0625,0.0,0.07325046173959267,0.8354035567659245,0.37855180047175346,0.5521156348765642,0.034230375064955826,0.0,0.001514216173531351,0.6648240933323804,-1.1480585455476977,-0.8835250065723211,0.8379898231771247,-0.6779821816883778,0.48222708665129677,0.3281301386293144,-0.44957521611811824,-0.3465944710532244,1523
0.0,0.08167978205347286,0.0064,0.0,0.06203539091945264,0.20914565395635606,0.0,0.39534305034061223,0.014685483636421763,0.0,0.47024769317440096,0.6648240933323804,-0.8462735895290557,-0.5289328093787057,-0.3268981051428107,-0.6908537216082616,-0.031859620347122,0.6488935275871686,-0.6396856032522624,0.23635192825823637,1525
0.0,0.11659885727048336,0.0064,0.0,0.06203539091945264,0.20914565395635606,0.0,0.38883765850665847,0.004943337316125731,0.0,0.6055187008462087,0.181133596355019,-0.6311591607045275,0.06354142008492851,0.08330155248362975,-0.6284224924335776,0.08111015960697433,0.5280209990881738,0.06302452174532967,0.9547079863819465,1526
0.0,1.8050130099017827,0.24009999999999998,0.0,0.0916671885258238,0.42218689553501815,0.33587176666578866,0.045269363762978056,4.196476200635395e-05,0.06965473649295341,0.09993636845209211,0.181133596355019,0.25083520510524215,0.274631689762284,0.8816718039376362,-0.6730005215957194,0.28289063005570114,1.0693308988327934,0.21042208966779508,0.09840501271569721,1528
0.0,0.7801344920021048,0.0064,0.0,0.06109509935981088,1.273678951738023,0.17027312080173776,0.1141521940149081,0.4839446742850763,0.0,0.05005171376274625,0.181133596355019,-1.3130808159339464,-1.1578533275198601,1.3770686164983812,-0.1790076214746381,0.12080121796714362,-0.27664622913038467,1.308467737286883,-0.16123743715504588,1529
0.0,0.25854453199958866,0.0081,0.0,0.06109509935981088,0.0,0.0,1.4155824167104196,0.4839446742850763,0.17354122620610013,0.6284203715484423,0.181133596355019,-1.5801252619335724,1.4699444178677807,-0.24888609103591208,0.04835139371466903,-0.269596029334189,0.33954693348915094,-0.4731307901048963,0.21545564814088225,1530
0.0,0.9346166271733762,0.010000000000000002,0.18026934961129024,0.07788653865707124,0.0,0.0,0.04769323644617027,3.402610438177341,0.013362382868697018,0.05005171376274625,0.6648240933323804,-1.8215208936343787,-0.8314231182942574,-0.8132560823159877,0.6428198759876176,-1.3316561794298505,0.458108250488099,-0.021249447327399612,-0.16387723317612354,1531
0.0,5.552866360572911e-05,0.016900000000000002,0.0,0.05638033343610754,0.20914565395635606,0.0,0.2700631517884508,0.41574965004300457,0.122946425483153,0.2509374896202608,0.181133596355019,-0.29038911592078337,0.34220418392917434,-0.21709441935529616,-0.6588222133969018,0.09583304064035343,-0.06103303430465346,-0.010692856757262626,0.8554172809060734,1532
0.0,0.6190821534750112,0.09,0.0,0.07138999608667293,0.9549010302251432,0.7709274196202452,0.05214365659666713,0.2541861521208982,0.0,1.7757674294033978,0.6648240933323804,-0.05374254588602729,-1.7499345210269952,1.0715600502675449,-1.1764163778607155,0.3313460510647707,1.2372717204916241,0.3339362757661244,-0.4061541886764075,1533
0.0,0.025457874785833744,0.019600000000000003,0.0,0.06203539091945264,0.0,0.0,2.056154780865336,0.4839446742850763,0.0,1.3510543650016476,2.7774332834730595,-1.9437357252553533,1.710982725086446,0.3474029491368329,0.5735108760134475,0.14778866295975512,-0.38043906823871204,0.4482065488614633,0.7290533612860457,1534
0.0,0.010792351232078716,0.016900000000000002,0.0,0.07232066157962612,0.0,0.0,0.1860778318990078,0.09776642190467841,0.0,0.47024769317440096,0.181133596355019,-0.8042008726231239,-0.07090005117637975,-0.3656010183540372,-0.21155973305823433,0.05997567682642835,0.4104822231548187,0.3826768171448494,0.7971309287004709,1535
0.0,0.3659127576843181,0.0081,0.0,0.07788653865707124,0.0,0.0,0.49208520099531095,2.7328191643253894,0.0,2.0723412013547255,0.6648240933323804,-2.341856061391242,0.1378189188130278,-0.31371055600083825,0.8882002170958266,-0.6951441202572389,-0.04687681601596669,-0.4923536563208603,-1.0061539949065863,1538
0.0,0.003984229648887772,0.0064,0.866071681898131,0.06859279146561172,0.0,0.0,0.019731385834649805,2.5258529156965137,0.0,1.1447799607436075,0.181133596355019,-1.4538744696149262,0.6395172623894129,0.2755481208208669,1.9113455638664327,-0.8348723000121988,0.747512096931762,-0.17088465329079644,0.12440806464405661,1540
0.0496122560132309,0.8066837259896001,0.18489999999999998,0.0,0.06109509935981088,0.0,0.0,0.40851573872208874,0.8101978546601726,0.6385539155203055,0.4904550496763695,2.7774332834730595,0.3444466290956982,2.375315964578584,0.44563625579121696,-0.378196940057096,0.03699542341865958,-0.28087767003547653,-0.03483810149147777,0.765625158716998,1544
0.0,0.3016626353597976,0.10890000000000001,0.0,0.05732506661926941,0.03682537009038924,0.0,0.544422941808698,0.09776642190467841,0.0,0.09993636845209211,0.181133596355019,-1.2827770878842908,0.11900071815481293,-0.39564065664432113,-0.35115151774747566,-0.19132442450290515,-0.12434412759184792,0.32038704731631884,0.7090788213946074,1545
0.0,0.0463214731859342,0.0004,0.0,0.06952606264861023,0.12669271367382126,0.0,0.2593730023505227,0.09776642190467841,0.0,0.05005171376274625,0.6648240933323804,-1.0262862306871443,-0.43883704204458407,-0.6414472021336849,-0.2967329306472249,-0.05522239424276166,0.22998427645111033,-0.416473840988911,-0.11766196832873231,1546
0.9757157332627988,0.5345784794872352,0.25,0.0,0.09440067542148432,0.2853149261682657,0.11744500439534311,0.32626377664708744,1.8142092671842687,0.0,0.001514216173531351,0.6648240933323804,1.8192846642117773,-0.20873903881845252,-0.14693827408259472,-0.6092601121489846,1.3072635433851758,-0.11283829914548216,-0.36905492297010634,-0.9914636972793232,1548
0.0,0.9097816245164132,0.09,0.0,0.07138999608667293,0.12669271367382126,0.0,1.7414711322200627,0.2054754205194157,0.22169899923487,0.7834629640170051,8.453723154686502,-0.8005291846728941,2.858137131873243,1.0318474485207971,-0.3856228294685053,0.6522259466005235,-0.19549691853259923,0.8751351024734677,1.3021808248836388,1549
0.0,0.5958515737359537,0.0,0.0,0.07973496801885356,0.20914565395635606,0.0,0.2433208983643382,0.6778607956989522,0.0,0.9272925279793011,0.6648240933323804,-0.7037383694398485,-1.3844903489884866,-1.0496440494077781,0.1611087913768468,-0.36425937018627347,0.5764026629493009,0.448346917141741,-0.05887401257092089,1551
0.0,0.6848939954458569,0.0001,0.6212736051728601,0.09803374027136541,0.9549010302251432,0.22044990654106972,0.2044359094521948,1.6132529924653793,0.013362382868697018,0.6284203715484423,0.181133596355019,-1.7277093845072031,-0.5213599179428421,1.5121931061619895,1.1371926014617262,-0.5976198870517512,-0.2170744924957362,0.5023407873380035,-0.08706625589985591,1552
0.0,1.285417902728753,0.0,0.0,0.07696104113612832,0.20914565395635606,0.0,0.22818946513122754,0.3992097455694669,0.0,0.9272925279793011,0.6648240933323804,-0.5639256062170775,-1.4222587764168444,-1.0597390026376616,0.02673892379658196,-0.6128959866774343,0.1246208206544544,0.44225308182721046,-0.02042867731939767,1553
0.0,0.025457874785833744,0.028900000000000006,0.0,0.06297479916138844,0.0,0.0,0.6825384043166153,0.6778607956989522,0.122946425483153,0.00993892829741321,2.7774332834730595,-1.3892695066094911,1.2648361371410646,0.018488396343625597,-0.15972400679877669,-0.31906503093345234,0.0130417035644157,1.0991800020300948,0.7839450836713052,1555
0.0,3.767338147376513,0.0016,0.0,0.0639133257436528,0.0,0.0,0.037023413628044725,1.9538466977751774,0.0,0.2509374896202608,0.6648240933323804,-1.7645023131056805,-1.2558149845176638,-1.6218520918147588,0.5806584159441402,-0.8673834559025273,-0.3140385858558667,0.41552737828485586,0.0009675495078733207,1556
0.0,3.2464497411213684,0.0004,0.0,0.06015392281974709,0.0,0.0,0.05720052298296722,2.1363666824214076,0.0,0.2657562177217061,0.181133596355019,-1.9268331219313648,-0.1742926335433041,-0.7049957340681633,1.031676125827598,-0.8396917769666216,-0.691085761141529,0.9703622010542964,0.04319520797399341,1557
0.0,0.3016626353597976,0.10890000000000001,1.4045814132903134,0.2110709700799405,1.7775471621939511,1.133788723879159,0.35043267056289507,0.33750948554092247,0.0,0.7578669791145087,0.6648240933323804,0.5209823944544033,-3.99217373901639,4.215149633967309,1.435048692242425,0.5707863819071464,0.24453049182160302,-0.11356068372047226,0.3312554559865135,1558
0.0,0.1461007174643103,0.06760000000000001,0.0,0.07696104113612832,0.9166334959107316,1.2796769772883807,0.07029891650680767,0.41574965004300457,0.0,0.2509374896202608,0.6648240933323804,-0.26703164506119853,-2.352170990406644,1.6033709951112483,-0.9408503900197236,1.2684879372749533,-0.5497209083284532,-0.07905007385254012,0.004752548663570009,1559
0.0,0.1461007174643103,0.06760000000000001,0.0,0.07696104113612832,0.9166334959107316,1.2796769772883807,0.07029891650680767,0.41574965004300457,0.0,0.2509374896202608,0.6648240933323804,-0.26703164506119853,-2.352170990406644,1.6033709951112483,-0.9408503900197236,1.2684879372749533,-0.5497209083284532,-0.07905007385254012,0.004752548663570009,1560
0.0,0.1461007174643103,0.06760000000000001,0.0,0.07696104113612832,0.9166334959107316,1.2796769772883807,0.07029891650680767,0.41574965004300457,0.0,0.2509374896202608,0.6648240933323804,-0.26703164506119853,-2.352170990406644,1.6033709951112483,-0.9408503900197236,1.2684879372749533,-0.5497209083284532,-0.07905007385254012,0.004752548663570009,1561
0.0,0.8300790183476088,0.016900000000000002,0.0,0.07325046173959267,0.0,0.0,0.4355087343400452,0.017993464531129294,0.0,0.09993636845209211,0.6648240933323804,-0.9732384508380517,-0.5640364717487261,-1.3349480821718942,-0.08566007868137332,0.2632691813331732,-0.380574471863553,-0.4570523966046479,0.24954111943102686,1562
0.0,0.8300790183476088,0.016900000000000002,0.0,0.07325046173959267,0.0,0.0,0.4355087343400452,0.017993464531129294,0.0,0.09993636845209211,0.6648240933323804,-0.9732384508380517,-0.5640364717487261,-1.3349480821718942,-0.08566007868137332,0.2632691813331732,-0.380574471863553,-0.4570523966046479,0.24954111943102686,1563
0.0,0.5958515737359537,0.0004,0.0,0.05921185963184609,0.6996635591645785,0.0,0.9139827034929322,0.2541861521208982,0.669072844505199,0.17902270763911277,0.181133596355019,-1.4740260090084074,0.18840777828934052,0.8364276269029748,-0.47542621350959363,-0.8571254838877345,-0.7994358047486478,0.2590882400992014,0.10699637923593619,1565
0.0,4.273335312785263,0.4096,0.0,0.05732506661926941,0.5977164317993333,0.17027312080173776,0.8649954317624314,0.034230375064955826,0.26764376658974054,0.4904550496763695,0.181133596355019,-0.8883218321095708,1.2384864458850524,1.5858646109989603,-0.8070072064107947,0.444231981451277,1.2010398324069076,-0.5904246265736744,-0.14089366548854756,1566
0.0,0.8300790183476088,0.016900000000000002,0.0,0.07325046173959267,0.0,0.0,0.4355087343400452,0.017993464531129294,0.0,0.09993636845209211,0.6648240933323804,-0.9732384508380517,-0.5640364717487261,-1.3349480821718942,-0.08566007868137332,0.2632691813331732,-0.380574471863553,-0.4570523966046479,0.24954111943102686,1567
0.0,0.025457874785833744,0.016900000000000002,0.0,0.07417939817425151,0.6499885853699919,0.0,0.05233894323875901,0.034230375064955826,0.0,1.3173754374983664,0.6648240933323804,-0.7295565618834962,-1.3020611721814304,-0.23835201907186532,-0.949374578411279,0.13339662266338906,0.5252185368862192,0.09437968741670641,0.08101179703034823,1568
0.0,0.014111005480515507,0.019600000000000003,0.0,0.05448818528406963,0.0,0.0,2.071079217812488,1.1634780944573193,0.0,0.9555828270820602,0.181133596355019,-2.349809684543749,0.908112191801307,0.09709281947456695,0.16444656347147757,0.25589405546003885,0.16562208134672826,-0.06334140817162594,0.009213162705071427,1569
0.0,0.9097816245164132,0.28090000000000004,0.0,0.20701416938432615,0.2853149261682657,0.0,2.992980994543521,0.14175757731586763,0.954730776801224,3.273138771509722,0.181133596355019,-1.6394687351520958,2.0796246140798553,1.4276454167075812,-0.5113170922324942,-0.7768636594256676,-0.24215909158709065,-1.1599085322304181,-0.3063359331534169,1570
0.0,0.7097839023091328,0.019600000000000003,0.0,0.037295784743696894,0.0,0.0,0.6825384043166153,0.6778607956989522,0.0,0.36956699840079166,0.181133596355019,-1.4948591067025576,1.1123079594737422,0.1727888185053909,-0.016796125377203583,-0.08821855261165527,0.8151792325883783,-0.18185798716339963,0.06944997845997446,1571
0.0,0.7801344920021048,0.1024,0.0,0.06672363204290818,1.0616309829709105,1.0195180955220389,0.0454513354067455,0.014685483636421763,0.0,0.7578669791145087,0.6648240933323804,-0.7938518762392541,-2.619623935814926,1.21645516815289,-0.5710132705776405,0.7324380840152412,-0.2763339235740858,0.40407265168060014,-0.027674973316897434,1572
0.0,0.07338314643238054,0.04000000000000001,0.0,0.07232066157962612,0.0,0.11744500439534311,1.1455552657648713,2.9479341676151587,0.06965473649295341,3.6160313405397013,0.181133596355019,-2.590381442579639,0.9634675252451602,0.6834732435475336,0.8037372427313619,-0.5502851843884796,-0.23410092406779232,-0.028880861722618736,-0.5429363229060415,1573
0.0,0.003984229648887772,0.16000000000000003,0.0,0.05826890812397577,0.0,0.0,1.0690397543702665,0.10603637414144908,0.0,1.5744060398561839,0.181133596355019,-0.9443357590355289,1.416961749535704,-0.1676037032682478,0.18174887197848466,0.42364082477558035,-0.5864787296786886,-0.5361491044001191,0.05886764764898357,1575
0.0,1.6585285874505502,0.39690000000000003,0.0,0.07788653865707124,0.03682537009038924,0.0,0.1951489341997916,0.004943337316125731,0.5409761286623967,0.10936646815301185,0.181133596355019,-0.11697596587881191,1.404790967453626,0.35547811826379555,-0.9355013630948953,-0.09608774031281678,0.5711347564887991,-0.24294661216590158,-0.16424234293596887,1576
0.0,0.8815730634046994,0.0225,1.062573389725466,0.07325046173959267,0.0,0.0,0.07029891650680767,2.1363666824214076,0.0,1.8148349853072083,0.181133596355019,-1.6236160453928754,0.3086580094003173,0.21536478182376623,2.6429630024732864,-0.8681123626959305,-0.04983617502345294,-0.15430352873683129,0.24892009790639516,1577
0.0,0.5958515737359537,0.0225,0.0,0.11154137473290741,0.0,0.0,0.477617274904126,0.4839446742850763,0.06965473649295341,0.6284203715484423,0.181133596355019,-1.594265182459937,0.7463337537707773,-0.49165590207792087,0.19789146534937632,-0.4626066216514128,-0.5653410104495221,0.26299977881669023,0.019280271407629876,1578
0.0,1.019077597889572,0.10890000000000001,0.0,0.0657877405380031,0.0,0.0,1.112439094311167,0.09776642190467841,0.0,1.8148349853072083,0.181133596355019,-1.1483951893154094,1.7393283150996872,0.0007990374975637906,0.3295560468662542,0.5463724216959308,0.3857130597765747,-0.6532170516868976,-0.1527113909357233,1580
0.0,1.0453523108454896,0.010000000000000002,0.0488266144487674,0.05164323315183845,0.0,0.0,2.610621175565669,2.7328191643253894,0.0,1.8148349853072083,0.6648240933323804,-3.025633211671231,-0.024658120366225594,-0.6294725924445767,1.1063392744816112,-0.003042444927002696,-0.34430470165828725,-0.6454792107270104,-0.618297670685603,1582
0.0,0.15771600733383928,0.0841,0.0,0.07138999608667293,0.9549010302251432,0.9512068579605802,0.24374253997794565,0.014685483636421763,0.0,0.3520539560990836,0.6648240933323804,-0.9965188923291571,-1.6904558341021474,1.573762942829267,-1.0550349519354063,0.41476983937829054,0.5393096477055017,-0.35172778227692064,0.05648664162141149,1583
0.0,1.3841539670871217,0.1936,0.0,0.05921185963184609,0.5977164317993333,0.0,0.9643191811711652,0.017993464531129294,0.6070741818604354,1.1447799607436075,2.7774332834730595,-0.8409423691909618,2.0271602980312995,1.6602819142362957,-0.34774285079943995,-0.03818746215642208,0.17761245536003437,0.057019727688012264,0.5285282363450104,1584
0.0,1.5182422398456628,0.16809999999999997,0.0,0.06297479916138844,1.0273046342358119,0.35743946444942853,0.8844284357409393,0.034230375064955826,0.7554099632452922,0.7834629640170051,0.181133596355019,-0.6860167453423117,0.8234922559821567,2.365478166112578,-0.7609067218896194,-0.17078567145445184,0.25750134752713166,-0.3329442751084482,-0.49257395522738256,1586
0.0,0.19175661524979373,0.0121,0.0,0.0639133257436528,0.20914565395635606,0.0,0.9745483814204583,2.327035421728514,0.013362382868697018,0.17902270763911277,0.181133596355019,-2.374053901099989,0.4090814764366369,-0.011864967041221135,0.04073351873868832,-0.6531199154948693,0.17786681216593875,0.45135417404724354,0.08147421540937232,1587
0.0,0.010792351232078716,0.0225,0.0,0.07417939817425151,0.6996635591645785,0.0,3.478536961060688,0.0032893468687716027,0.669072844505199,1.1447799607436075,0.181133596355019,-1.8850940500352662,1.0273065348350865,1.1491392968131795,-0.7045287405940669,-0.31298847311652145,-0.828840024488813,-0.5399522750684705,0.11739375058263167,1590
0.0,1.3493080974785343,0.0081,0.0,0.08525984395082342,0.03682537009038924,0.0,1.9823421196986473,5.2506631569628395,0.0,1.1447799607436075,0.181133596355019,-3.4882623598359186,0.3979365395249434,-0.33197931158063504,0.6843204367439243,-0.5363134955236358,-0.22038388917481133,0.6802699188985245,-0.22213336887676224,1591
0.0,0.014111005480515507,0.016900000000000002,0.0,0.07325046173959267,0.8354035567659245,0.0,0.264691092950564,0.4839446742850763,0.4328370920202075,0.2657562177217061,0.181133596355019,-1.3549729297257425,0.2646736728694881,1.1780946872263462,-0.19567751919682186,-0.5564398983135224,0.165831632268733,0.25865576090806225,-0.09251728583823039,1592
0.0,0.24361058788162282,0.0064,0.0,0.0657877405380031,0.7921722744537854,0.0,0.01310918085938043,0.4839446742850763,0.669072844505199,0.7578669791145087,0.181133596355019,-0.7783408606340454,-0.4785550748546666,0.5769413703911312,-0.7964931722742828,-1.182360944177465,0.12399090910046974,0.8568739498613821,0.39926812668490735,1593
0.0,0.1461007174643103,0.0064,0.0,0.08617769624105233,0.9549010302251432,0.0,0.9040773126710665,0.7870419883972198,0.0,0.002861373273662736,0.6648240933323804,-1.9930375775097715,-1.0524360985067722,0.5849146851857722,-0.29817198497085173,0.1166085465825865,0.1918417106142887,-0.09400048941658515,-0.4772395554903324,1594
0.0,0.010792351232078716,0.010000000000000002,0.0,0.06015392281974709,1.1882420769649327,0.14420787327573903,0.6998126787789307,1.77947546778984,0.470197951593395,0.4904550496763695,0.181133596355019,-2.1027826607780327,-0.12651657262928817,1.9701564192214625,-0.22340173683885134,-0.6782930434696682,0.09868661267349378,0.5873750004099975,-0.4581521299642566,1595
0.0,0.400362096913958,0.0144,0.0,0.07232066157962612,0.9549010302251432,0.0,0.4286795330787365,2.7328191643253894,0.26764376658974054,0.05005171376274625,0.6648240933323804,-2.1364909366256217,-1.2153419452986454,0.6356114176442117,-0.36591981001511537,-0.9768250296306137,0.3596076686104098,0.21802615091783528,-0.5818920857134182,1597
