CRIM__log,ZN__log,INDUS__sq,CHAS__log,NOX__sq,RM__sq,AGE__sq,DIS__log,RAD__log,TAX__sq,PTRATIO__sq,B__log,LSTAT__sq,PC1,PC2,PC3,PC4,PC5,PC6,PC7,MEDV
0.0,0.8919980393051105,1.6554327927674364,0.0,0.28944400000000003,0.1707862414214139,0.014374755205732807,0.13109403566396438,0.0,0.4434883096617191,2.124475228009399,0.36507072700873877,1.1545480372701697,-2.274018444167945,-0.19267397275830658,1.1452071705805156,-0.4567234110686864,0.7110973095196232,-0.07091143859788797,-0.24310112004835757,24.0
0.0,0.0,0.3514051748764288,0.0,0.21996099999999996,0.037667973113251624,0.13454475364271212,0.4425097692037546,0.0,0.9728929911028426,0.09168450907852511,0.36507072700873877,0.24201728677375237,-1.2627071438588715,1.1039783760407877,1.1703134757356162,0.3253446974545676,0.1998610545854192,-0.16889168954427486,0.36916526465938626,21.6
0.0,0.0,0.3514051748764288,0.0,0.21996099999999996,1.6421027007697993,0.07051625608115474,0.4425097692037546,0.0,0.9728929911028426,0.09168450907852511,0.33363612872325443,1.4581345294353454,-1.7071368687467432,0.8048852980308774,1.7917017514377729,-0.3903120021239873,-0.6117636184091213,-0.23081609558050856,0.19733647740218788,34.7
0.0,0.0,1.7045540046438048,0.0,0.209764,1.0308295437760742,0.654623116256784,0.7307661958682586,0.0,1.2210727431248798,0.012751005120039316,0.3476604202939347,1.8500645641703586,-2.054230323728273,0.5295337865273918,1.9025019957477325,0.33163975350537817,-1.2198117785989755,-0.5291435949912567,0.1362778434688868,33.4
0.0,0.0,1.7045540046438048,0.0,0.209764,1.5064175848038424,0.2607882802662711,0.7307661958682586,0.0,1.2210727431248798,0.012751005120039316,0.36507072700873877,1.0516228677169654,-1.9376904271014257,0.5871584751699678,1.850220243877118,0.20025671953950236,-1.0596507069545302,-0.4433248000166052,0.444939879447099,36.2
0.0,0.0,1.7045540046438048,0.0,0.209764,0.042804150439768214,0.1230676340563997,0.7307661958682586,0.0,1.2210727431248798,0.012751005120039316,0.34370679905364954,1.08637026519332,-1.769936045617066,0.7303665147792037,1.501046989375851,0.8080020294578982,-0.7024224267186988,-0.509959075788793,0.2090032325315712,28.7
0.0,0.6931471805599453,0.22674958476542237,0.0,0.27457600000000004,0.15056491411917208,0.00492231129362329,0.6089033627827461,0.0,0.3328690091948453,2.261259569270794,0.3551371867206105,0.0009757318205292592,-1.566983307719355,0.225769257202353,0.3644078842260437,0.29144333890231644,1.086224365602927,-0.17097957933932226,-0.6624062478982646,22.9
0.0,0.6931471805599453,0.22674958476542237,0.0,0.27457600000000004,0.025698307300154474,0.9561721894568118,0.7048904068619252,0.0,0.3328690091948453,2.261259569270794,0.36507072700873877,0.8277357841391855,-1.1859853790964334,0.43289059781932016,0.0575397879736949,0.15087717503318263,1.6765426552241516,0.006393403626220364,0.19974443991926666,27.1
0.0,0.6931471805599453,0.22674958476542237,0.0,0.27457600000000004,0.8654307057777064,1.246325952179273,0.7353066620102828,0.0,0.3328690091948453,2.261259569270794,0.28376686182830263,5.8533964400579945,-0.687488695926462,0.6365571051874592,-0.711582478180957,0.9436879418925572,2.5175365846985334,-0.20455041126664175,0.4111744951702615,16.5
0.0,0.6931471805599453,0.22674958476542237,0.0,0.27457600000000004,0.1595307061963143,0.37881727446710206,0.8451470665704516,0.0,0.3328690091948453,2.261259569270794,0.28442643354594543,0.38778977934308967,-1.3471873755881703,0.2898219682969838,0.06678896964606924,0.4046204921212001,1.4572184427310801,-0.2273505573914849,-0.14539563830739013,18.9
0.0,0.6931471805599453,0.22674958476542237,0.0,0.27457600000000004,0.017281568065159417,0.8352037540719348,0.7937975986661688,0.0,0.3328690091948453,2.261259569270794,0.3312008553409614,1.192126865734395,-1.2189081737304412,0.34838456493540315,0.08945455214224649,0.0696464208914537,1.5963184603184115,-0.06993871525011203,0.29818945793485835,15.0
0.0,0.6931471805599453,0.22674958476542237,0.0,0.27457600000000004,0.15389670153050813,0.25898438941847063,0.7676942220314402,0.0,0.3328690091948453,2.261259569270794,0.36507072700873877,0.007463727020961526,-1.4823840059281048,0.2755842279601724,0.27692012625390505,0.2801621887144463,1.2542550086873872,-0.09403890127042101,-0.3360710678741201,18.9
0.0,0.6931471805599453,0.22674958476542237,0.0,0.27457600000000004,0.317066661693942,1.1038878136438535,0.580182980016499,0.0,0.3328690091948453,2.261259569270794,0.31518539637505383,0.18325142500669345,-1.630883748000856,0.10120852353843948,0.22361374620739755,0.7273449320108606,1.0063482548939966,-0.45801539377444733,-1.129697204100063,21.7
0.0987802191620257,0.0,0.19081671516319607,0.0,0.28944400000000003,0.22818937339028467,0.057927430520779,0.3599970763254068,0.0,0.3608184531439675,1.381336527600245,0.36507072700873877,0.37845074329664263,-0.7519294796070723,1.117603632551802,0.5273671465773325,1.244775728143601,-0.8905325109533215,-0.08076367076777545,0.4036372410817713,20.4
0.10084446966925141,0.0,0.19081671516319607,0.0,0.28944400000000003,0.07207825229227878,0.3200682579012805,0.27512100159856695,0.0,0.3608184531439675,1.381336527600245,0.2277095115370241,0.11230078798471009,-0.4804630034110071,1.2881812339348304,0.4034994457903249,0.8744761340650336,-0.565079106933956,-0.05126297593421131,1.0003565385594844,18.2
0.09818280579282532,0.0,0.19081671516319607,0.0,0.28944400000000003,0.41134968972334524,0.18401172868390497,0.2882709888897781,0.0,0.3608184531439675,1.381336527600245,0.3552907601840898,0.34313365231297444,-0.7394284061302947,1.1221412251660874,0.4788809713212167,1.3695584933972689,-0.8696509620502583,-0.13010753397902874,0.2629150014261373,19.9
0.2003344431759387,0.0,0.19081671516319607,0.0,0.28944400000000003,0.24762289441254684,1.946742618065645,0.2882709888897781,0.0,0.3608184531439675,1.381336527600245,0.2855796382837411,0.7232526927413161,-0.9375950173087193,0.8216735666030928,0.7084489916195834,1.4545499980121401,-1.3227156800543338,-0.39852399941180616,-0.2697163657850486,23.1
0.13696053661657817,0.0,0.19081671516319607,0.0,0.28944400000000003,0.17584473981252285,0.217411993371053,0.19869556415365255,0.0,0.3608184531439675,1.381336527600245,0.28475605633839973,0.07977356749114217,-0.301899285893067,1.3358459660983149,0.19945943121076756,1.1302545689983319,-0.29207409133071166,-0.03020961000608335,1.0479010952431655,17.5
0.14144023394211105,0.0,0.19081671516319607,0.0,0.28944400000000003,1.3908760211268738,1.2903180022685967,0.0006918370108937842,0.0,0.3608184531439675,1.381336527600245,0.0,0.018187963141776703,-0.4203287877258203,1.0644896390597043,-0.03536435547557099,1.5718455543740313,-0.7108134167890946,-1.3315977199740674,-0.046340967763343864,20.2
0.12269387038626758,0.0,0.19081671516319607,0.0,0.28944400000000003,0.6298854992510088,0.001080076664427354,0.0006918370108937842,0.0,0.3608184531439675,1.381336527600245,0.3187754677272584,0.03697051779900624,-0.4227990166952749,1.3119172535176657,0.2763395123261671,1.3177639442451934,-0.4524097230170525,-0.04895013185069533,0.5832305297212592,18.2
0.24439477152047623,0.0,0.19081671516319607,0.0,0.28944400000000003,1.034499621269748,1.1001731812708553,0.001356015424413401,0.0,0.3608184531439675,1.381336527600245,0.19715340312282428,1.3728004877668092,0.2675221898224663,1.5471829352236577,-0.29484309300736133,1.4817506169960868,0.4702547867494648,-0.051666321731809434,1.41773991913536,13.6
0.15328174401713013,0.0,0.19081671516319607,0.0,0.28944400000000003,0.20695194284205368,0.5368715746552409,0.098192674288989,0.0,0.3608184531439675,1.381336527600245,0.33127950518569316,0.027163185938614776,-0.2360645359458841,1.397698019926708,0.2316736013282601,1.0406461966335017,-0.2125333781336735,0.1073759223353475,1.1519511974562022,19.6
0.2401770301501964,0.0,0.19081671516319607,0.0,0.28944400000000003,0.04121079550495046,0.674909480579509,0.08283623664981517,0.0,0.3608184531439675,1.381336527600245,0.36507072700873877,0.7217941998532718,-0.02641532085764457,1.3861220781966832,0.13871000586220678,1.0291417866402912,0.010156106816628336,0.1592248891714042,1.4453614947364604,15.2
0.18531021687391608,0.0,0.19081671516319607,0.0,0.28944400000000003,0.4505815873735714,1.246325952179273,0.13325775741403123,0.0,0.3608184531439675,1.381336527600245,0.3469638572850213,1.024195729523236,0.08527178718874463,1.534389935875034,-0.12260686807866325,1.2957146707690812,0.2948659408305532,0.1465638766779647,1.4965697566539238,14.5
0.12869404906259596,0.0,0.19081671516319607,0.0,0.28944400000000003,0.26344914082397514,0.8222676388682207,0.2523945533952638,0.0,0.3608184531439675,1.381336527600245,0.34533665422228943,0.26081401013480954,-0.1750467725783549,1.4450718871120254,0.07544657500664667,1.1729287318558916,-0.046717917187349196,0.10923077507477205,1.3019573555651158,15.6
0.15053371325186513,0.0,0.19081671516319607,0.0,0.28944400000000003,0.9522428008635697,0.37012166457807827,0.27248459065838715,0.0,0.3608184531439675,1.381336527600245,0.0,0.2917154881280782,-0.00030476701293872925,1.3691780542515999,-0.28947943821691413,1.289755018807013,-0.012761027707942744,-0.8864352886973139,1.1008840691868402,13.9
0.10934591533866286,0.0,0.19081671516319607,0.0,0.28944400000000003,0.4505815873735714,0.595664688326019,0.35151234716598584,0.0,0.3608184531439675,1.381336527600245,0.199937523485018,0.09123243695376901,-0.24620456390361617,1.3937956789569619,0.043542732257097344,1.2511125831384646,-0.15450289533224082,-0.1159270026716449,1.1403983897340049,16.6
0.17773355750374,0.0,0.19081671516319607,0.0,0.28944400000000003,0.1143881637466808,0.5162494936850484,0.2720505420628984,0.0,0.3608184531439675,1.381336527600245,0.0,0.4198185063913597,-0.021744495585569644,1.3135721014447945,-0.10578689204227759,0.8846722216329596,-0.12891902786184467,-0.7918086676752485,1.385420636363857,14.8
0.1342377595008965,0.0,0.19081671516319607,0.0,0.28944400000000003,0.08964209850559508,0.8417096733283875,0.2725207528720284,0.0,0.3608184531439675,1.381336527600245,0.29451296459225734,0.00042338489919358803,-0.38668278598889605,1.306999466614896,0.4812256558752272,0.5229032597972567,-0.4852646477607025,0.12745735412666503,1.4496755343717334,18.4
0.18854513089351108,0.0,0.19081671516319607,0.0,0.28944400000000003,0.3070985055022446,0.44251354723339464,0.1913101719791467,0.0,0.3608184531439675,1.381336527600245,0.22953964386999426,0.008883542757964005,-0.4232527660470533,1.2005312417122,0.6283216748219476,0.3480658172102275,-0.6650683870678419,0.04046764860152914,1.3791828016830558,21.0
0.21768576507743229,0.0,0.19081671516319607,0.0,0.28944400000000003,0.6619104058031559,0.8222676388682207,0.18895415066131985,0.0,0.3608184531439675,1.381336527600245,0.03757816766014859,1.940229777301416,0.21792051737104004,1.484018732912916,-0.3520103457933944,1.4483958997885062,0.3969955130438893,-0.27531354954421183,1.46687317485805,12.7
0.2665703512692929,0.0,0.19081671516319607,0.0,0.28944400000000003,0.09158608952547173,1.246325952179273,0.16588844799921798,0.0,0.3608184531439675,1.381336527600245,0.19859133634930273,0.0029359890472041533,-0.09471603806412521,1.3357077632053331,0.29808556976566697,0.8138873617031385,-0.1878911144155268,0.040502657388767564,1.3978548968842983,14.5
0.2736342511317585,0.0,0.19081671516319607,0.0,0.28944400000000003,0.22683164936342837,0.22746433749154826,0.08854650909453307,0.0,0.3608184531439675,1.381336527600245,0.0,4.4457773062329,0.5411144969275811,1.3366092150437199,-0.7420479007539256,1.080375873155066,0.4291949633109309,-1.6089676385428884,1.6623842697467073,13.2
0.22235340045641913,0.0,0.19081671516319607,0.0,0.28944400000000003,0.6899923257508986,0.8812752520314373,0.0,0.0,0.3608184531439675,1.381336527600245,0.022698654015991845,0.6364396802222021,0.14582583519993425,1.4835502534635618,-0.1624199917075821,1.245585217399977,0.23100731893782256,-0.21792408016548703,1.344366757441939,13.1
0.320105339484088,0.0,0.19081671516319607,0.0,0.28944400000000003,0.07207825229227878,1.0125610132353757,0.0,0.0,0.3608184531439675,1.381336527600245,0.0,1.1587268437838956,0.4312032835650726,1.3244319413602326,-0.31322779635146,0.5996253286442939,0.17475939676591284,-1.2556473689748695,1.7514053633788509,13.5
0.0,0.0,0.5694115524583635,0.0,0.249001,0.2504639322189694,0.000177382986483758,0.0,0.0,0.5880085701773283,0.11824866906455359,0.36507072700873877,0.17333359585868008,-0.8374185068056418,1.2803208053253203,0.7014819458710749,0.7809571020099845,-0.11224419478274957,-0.07047513198322031,0.22803007943061052,18.9
0.0,0.0,0.5694115524583635,0.0,0.249001,0.3986694161764635,0.06496959850832622,0.0,0.0,0.5880085701773283,0.11824866906455359,0.2060176113922608,0.030301274802995364,-0.7786922474184178,1.2499519699448915,0.5522240097844486,0.9268663439618583,-0.06346401635742308,-0.3348518995864054,0.13602396509538028,20.0
0.0,0.0,0.5694115524583635,0.0,0.249001,0.3826578996593523,0.9251498761195527,0.06399370962062646,0.0,0.5880085701773283,0.11824866906455359,0.36507072700873877,0.2956809734893121,-1.1193992658500407,1.0387861606892566,0.77001756325354,1.1629006106093065,-0.48956688622958344,-0.32372910147876655,-0.3681745824657204,21.0
0.0,0.0,0.5694115524583635,0.0,0.249001,0.20565903933272575,1.8585441181617646,0.02451401559789025,0.0,0.5880085701773283,0.11824866906455359,0.3383327799305034,0.12483337856544721,-1.1529614879735879,0.9505503119592763,0.7954482618221361,1.1808379391154598,-0.5884992064570623,-0.4337764104838195,-0.48137147721967116,24.7
0.0,1.9459101490553132,1.4240760379109292,0.0,0.18318399999999999,0.19512355949589083,2.7612395919150785,0.5668553992366487,0.0,0.859364725378489,0.005161245124031204,0.3553675380724315,1.361707431294268,-4.218381659999177,-3.676019270911878,-1.2126581221407051,0.10443486626065963,-0.096742622141093,0.39970479485750515,0.46184615835103154,30.8
0.0,1.9459101490553132,1.4240760379109292,0.0,0.18318399999999999,1.1073400605319044,3.5150636384023306,0.5668553992366487,0.0,0.859364725378489,0.005161245124031204,0.3552907601840898,2.2338428506337573,-4.422585978004992,-3.810277738337651,-0.8919695505559204,-0.3101678013035424,-0.47767434269242076,0.4142152826999291,0.45815956355449905,34.9
0.0,0.0,0.3795999032151849,0.0,0.20070400000000002,0.4772000976680505,5.443487005247116,0.6495024804292718,0.0,1.08108854811816,0.06584559282544868,0.27365411335625617,1.1970633413600542,-2.0893455583602294,0.376977816634204,1.6867325743987533,0.6560352080572637,-1.1920100809361585,-0.8536626268073123,-1.0753809998144854,26.6
0.0,0.0,0.3795999032151849,0.0,0.20070400000000002,0.02708547918564049,4.8474129689703584,0.6495024804292718,0.0,1.08108854811816,0.06584559282544868,0.2565123968845882,0.9182809169567011,-1.9065975552850702,0.501151093015066,1.3517017106504359,1.2022177673112295,-0.8355622111842792,-0.9142730509183132,-1.2378672038411374,25.3
0.0,0.0,0.3795999032151849,0.0,0.20070400000000002,0.010983073029819945,4.863068738203775,0.6495024804292718,0.0,1.08108854811816,0.06584559282544868,0.3463442825746749,0.5329180609441713,-1.8791862144793994,0.5160113122621413,1.328563243781681,1.249946036358332,-0.7657334561731035,-0.812840782772106,-1.1771685734232165,24.7
0.0,0.0,0.3795999032151849,0.0,0.20070400000000002,0.09418864611461462,1.0304995559043608,0.6495024804292718,0.0,1.08108854811816,0.06584559282544868,0.30627438666695417,0.18882335304736614,-1.5200589610458213,0.7946171612449769,1.0591193893752149,1.124195805047803,-0.20672451719548587,-0.6359288210369642,-0.5164266222594561,21.2
0.0,0.0,0.3795999032151849,0.0,0.20070400000000002,0.7356484683189106,1.5261954120277885,0.4823725116799394,0.0,1.08108854811816,0.06584559282544868,0.36507072700873877,0.11704257569857578,-1.4080027387509537,0.8773104862710605,0.9020721344864366,1.487509735752202,-0.009722139227394098,-0.6032311143981369,-0.7815327013170326,19.3
0.0,0.0,0.3795999032151849,0.0,0.20070400000000002,0.503647829598047,1.5703987690589647,0.4823725116799394,0.0,1.08108854811816,0.06584559282544868,0.36507072700873877,0.04394215565888517,-1.3019630935511783,0.9010254155302563,0.7751632196249852,1.5197913642893512,0.14920637801652045,-0.6230135820453685,-0.6092462958706384,20.0
0.0,0.0,0.3795999032151849,0.0,0.20070400000000002,0.1313398820144538,0.3615270191013089,0.64165845813691,0.0,1.08108854811816,0.06584559282544868,0.3329297246145076,0.7409551860179991,-0.8418916946615224,1.2060506775851356,0.5197472073541288,1.0431139451918183,0.8331217998158492,-0.3193361984568271,0.6593064424570528,16.6
0.0,0.0,0.3795999032151849,0.0,0.20070400000000002,1.5888081455663436,0.9013987962743213,0.6858181456024114,0.0,1.08108854811816,0.06584559282544868,0.36507072700873877,6.464867285218703,-0.2788706915968082,1.4879863480037414,-0.3302334920675743,1.9539451414290454,1.844212194998786,-0.36549314198606364,0.9692547120629649,14.4
0.0,0.0,0.3795999032151849,0.0,0.20070400000000002,0.9439279361672394,0.05455779314538709,0.736580672894046,0.0,1.08108854811816,0.06584559282544868,0.36507072700873877,0.24670692621663518,-1.0792063597497146,1.04345749371674,0.5075679549300127,1.646319983569239,0.571276717320761,-0.5173449040880034,-0.08874932158004548,19.4
0.0,0.9858167945227653,0.6419830769554588,0.0,0.192721,0.20954990370774493,0.660384373089256,0.889549455284811,0.0,0.9612233162218071,0.5847659168191938,0.3548299690211104,0.01245438166180443,-2.169926917084462,-0.46385326228143314,0.11559446582404474,1.1119144537769976,0.5358535453595467,-0.40835811931268134,-0.33315464637329706,19.7
0.0,0.9858167945227653,0.6419830769554588,0.0,0.192721,0.05828949665414697,0.03922407245224573,0.889549455284811,0.0,0.9612233162218071,0.5847659168191938,0.34254098825705287,0.20370988619659428,-2.1994541589720003,-0.40844902390513627,0.3111973794192146,0.6811530171503482,0.4538711834676635,-0.2488746731009905,-0.06750907103853775,20.5
0.0,0.9858167945227653,0.6419830769554588,0.0,0.192721,0.10379667052785116,2.844503506053621,0.889549455284811,0.0,0.9612233162218071,0.5847659168191938,0.36507072700873877,1.0660323154952798,-2.7402309193131784,-0.8033655566475258,0.804493781761239,0.5775932051897722,-0.4223542767662425,-0.47087204874277205,-0.8442671025302098,25.0
0.0,0.9858167945227653,0.6419830769554588,0.0,0.192721,0.16642520411268213,2.8086675248044353,0.889549455284811,0.0,0.9612233162218071,0.5847659168191938,0.36507072700873877,0.349727370226873,-2.5377382893409437,-0.6863173405986076,0.4241850647239434,1.1472701457275225,-0.02732306023741284,-0.5432467395388306,-0.9604514376390323,23.4
0.0,1.9459101490553132,1.0822099850651359,0.0,0.16809999999999997,0.31867151394387533,0.5552367218961629,0.9835219419157752,0.0,0.12998256286277246,1.49204582674202,0.36507072700873877,0.09038845346228136,-3.1777913932443442,-3.346128939054831,-2.919957070300105,1.322061248593565,-0.23134459732218685,0.6550312018586536,1.2454636734368563,18.9
0.0,2.1041341542702074,2.0895286068585137,0.0,0.16240900000000003,1.8838483869198328,2.749445711450398,1.2022950534860206,0.0,1.1691836491926506,0.06584559282544868,0.35766813789193447,1.2062737739415588,-5.2100650143097855,-5.00379480128195,-1.4575082880011618,-0.14190728061347052,-0.43442392580204287,0.3547831265502985,0.8578742382621708,35.4
0.0,2.0541237336955462,2.296702154390364,0.0,0.16809999999999997,0.01959968620250972,1.3639776268078248,1.2700192231455145,0.0,0.31931675163175094,0.284886066310246,0.36507072700873877,0.9290476126834082,-4.828335624579117,-4.569681733662269,-1.7652244784485125,0.5625892052254736,0.20260986457453023,0.2744306537771366,0.4816974382521899,24.7
0.0,2.1972245773362196,2.047599803976619,0.0,0.168921,0.5719385987213111,0.9947519683995006,1.1477763532134793,0.0,0.8159249196755916,2.402311042263275,0.3341852093563039,1.485315560033915,-5.419551776989508,-5.4691307440893775,-1.8391946192594224,-0.5946879719699084,0.8754914069766837,0.5329093673466873,0.3866303783464743,31.6
0.0,1.0986122886681098,0.7666379952099276,0.0,0.205209,0.039495469749477596,1.9566686569036156,1.0678023075097605,0.0,0.543390289144816,0.3304246262862948,0.3166229719188503,0.6580986367751879,-2.37068758197795,-0.9336610548231759,-0.12863496832594964,1.3404982265509304,-1.1995462297555362,-0.3532099282706918,-0.2003871054068059,23.3
0.0,1.0986122886681098,0.7666379952099276,0.0,0.205209,0.259084276414531,0.5766158364238525,0.912177659469797,0.0,0.543390289144816,0.3304246262862948,0.36507072700873877,0.231120282377046,-2.0350371467742865,-0.6484536802575391,-0.3606988000502043,1.3312897526291223,-0.682368156459594,-0.12138223848047147,0.14233478497717944,19.6
0.0,1.0986122886681098,0.7666379952099276,0.0,0.205209,0.598654644038586,0.00711818749295336,0.9666316375588855,0.0,0.543390289144816,0.3304246262862948,0.3513672506492528,0.00484257882021058,-1.7446992806025319,-0.48323953728116653,-0.6801569616515022,1.4942896115015243,-0.20179880556148821,-0.0635943172190387,0.556364902852717,18.7
0.0,1.0986122886681098,0.7666379952099276,0.0,0.205209,0.20565903933272575,0.7777863304017277,0.8902905908349332,0.0,0.543390289144816,0.3304246262862948,0.21064227410607045,0.06261708087335872,-1.4554064972502418,-0.2880815593318118,-0.7445820389075668,0.9636005870271529,0.12005250348463378,0.024999367255966697,1.2543050324675409,16.0
0.0,1.0986122886681098,0.7666379952099276,0.0,0.205209,0.05948532951691925,0.0007578285897414984,0.9666497007595143,0.0,0.543390289144816,0.3304246262862948,0.36507072700873877,0.6879663419542466,-2.0879554449061124,-0.6476675167297781,-0.06399360773191488,0.6222563122683088,-0.8375711784278451,0.08385909793437912,0.6853873891256992,22.2
0.0,1.0986122886681098,0.7666379952099276,0.0,0.205209,0.46159891360194255,0.7998598246816819,1.0945574724778597,0.0,0.543390289144816,0.3304246262862948,0.35498358966869953,0.19495744068937776,-2.3263987966101825,-0.9088606463315323,0.005199760369960458,0.76294096166153,-1.180625937211475,-0.1643405871117154,0.43182033408938375,25.0
0.0,0.8754687373538999,2.0226464978922674,0.0,0.17313921000000002,1.3599344723102476,0.10393507746857905,1.2747159305238802,0.0,1.3010187060805567,0.004452867524403828,0.336847892287579,0.4154974237685143,-2.713665766808803,-0.6510928905371514,1.0120601223523722,0.6166371799474363,-0.8952922950841073,-0.5025642111695344,0.8201924201542864,33.0
0.0,2.0014800002101243,1.2817075380632341,0.0,0.15840400000000002,5.831780239375713e-05,3.2536925150144613,0.8490962072934042,0.0,0.17865781027088032,1.1838172402374612,0.36507072700873877,1.249722507279045,-4.453899868926538,-4.163092033887739,-1.5754630240568672,0.08012930241173628,0.45051885971570893,0.35132931954681706,-0.4443378534603795,23.5
0.0,2.0014800002101243,1.2817075380632341,0.0,0.15840400000000002,0.5016297465488702,1.7723901476060395,0.8490962072934042,0.0,0.17865781027088032,1.1838172402374612,0.36507072700873877,0.11418573715537064,-4.071704077764026,-3.9325388950831637,-2.0947164561506257,0.5979038937198397,1.1201514120186509,0.36289539107797897,-0.22200381868673083,19.4
0.0,0.6931471805599453,0.5454700959123114,0.0,0.16728099999999999,0.3349428569722061,2.8086675248044353,0.8257672434403045,0.0,0.14078407059521092,0.042148675504577654,0.35981059961769113,0.40651990669578275,-1.9072476788819233,-0.07994959563091698,0.2571302860356419,1.4818627447555566,-0.8257636836949087,-0.4653589789951025,-0.8065913360842439,22.0
0.0,0.6931471805599453,0.5454700959123114,0.0,0.16728099999999999,0.9661819343376963,1.2742268489491355,0.8257672434403045,0.0,0.14078407059521092,0.042148675504577654,0.36507072700873877,0.0037437911877783833,-1.5580326979795602,0.11356683956911867,-0.1312244022938384,1.7646385252393708,-0.25708974793459355,-0.4039667263744379,-0.46580811650591497,17.4
0.0,0.6931471805599453,0.5454700959123114,0.0,0.16728099999999999,0.3235103783877469,1.597223676514434,0.8257672434403045,0.0,0.14078407059521092,0.042148675504577654,0.36507072700873877,0.2926429646598491,-1.783975266094071,-0.005230287203100532,0.20696804436384864,1.3957164337913202,-0.65701134327338,-0.37357845249377947,-0.5562594266115781,20.9
0.0,0.0,0.002268895252706773,0.0,0.17056899999999997,0.03549056097578301,4.8474129689703584,0.5357163231433378,0.0,0.37521563952999515,0.11824866906455359,0.25955883626395626,0.6902913115386513,-1.513057210898831,0.6565894072442394,0.9452273905370097,0.9421457501379522,-1.3165004563661047,-0.6237662491835008,-1.035259065664684,24.2
0.0,0.0,0.002268895252706773,0.0,0.17056899999999997,0.21216406970281831,3.2922545353945187,0.5357163231433378,0.0,0.37521563952999515,0.11824866906455359,0.20047549132727577,0.15079745082120943,-1.2127895861839928,0.8213058243958424,0.552198386745897,1.344562180755325,-0.8237110139577293,-0.6755836163290754,-0.9130511844348067,21.7
0.0,0.0,0.002268895252706773,0.0,0.17056899999999997,0.09771543951964196,4.661512544208334,0.5357163231433378,0.0,0.37521563952999515,0.11824866906455359,0.31845687166972664,0.9977611756906872,-1.4861715338229213,0.7075217506107288,0.8528983484909812,1.241085402274187,-1.2114398782747724,-0.5724358125848147,-1.219035383275021,22.8
0.0,0.0,0.002268895252706773,0.0,0.17056899999999997,0.003182048646476185,4.910187492522403,0.5357163231433378,0.0,0.37521563952999515,0.11824866906455359,0.20253502449221472,0.512668673395989,-1.4250113742062578,0.6677025301321038,0.8243889907434395,1.114247018697598,-1.2019176054589225,-0.7140937713933572,-1.0841642551690183,23.4
0.0,0.0,0.060916444956339105,0.0,0.190969,0.00027418870081271756,4.941726200916806,0.19620079353233544,0.0,0.0036894987665264207,0.012751005120039316,0.34990160623627425,0.6764003236066526,-1.189204419430594,0.7918749852716079,0.6536146122807698,0.6837229534097516,-1.1412361968244875,-0.3070692500083402,-1.4830972316520095,24.1
0.0,0.0,0.060916444956339105,0.0,0.190969,3.777613979325669e-06,0.7014199218023442,0.28969383490560335,0.0,0.0036894987665264207,0.012751005120039316,0.2553251595392992,0.2703579498215207,-0.8217730246879954,1.0471367570898915,0.42301558858116445,0.38673760269467283,-0.6093867540765421,-0.1576466768965669,-0.6428442630472821,21.4
0.0,0.0,0.060916444956339105,0.0,0.190969,6.430665455670725e-05,0.04430671275096765,0.11522313541617175,0.0,0.0036894987665264207,0.012751005120039316,0.17063361943229693,0.009149477237364322,-0.4248206308289423,1.3245722453343711,0.18503670041177941,0.11935240556388295,-0.061518438761563383,-0.0106880693801676,0.0477910877859297,20.0
0.0,0.0,0.060916444956339105,0.0,0.190969,0.04237460242032733,0.654623116256784,0.13130228938969016,0.0,0.0036894987665264207,0.012751005120039316,0.28648479568944485,0.11136419635682268,-0.7070291156751781,1.1354003008597693,0.3085588610548688,0.503031769774068,-0.42373782682865446,-0.10546475075060883,-0.6424317781231806,20.8
0.0,0.0,0.060916444956339105,0.0,0.190969,0.005611793223473175,0.279245712172544,0.4567469659068652,0.0,0.0036894987665264207,0.012751005120039316,0.2818681662578057,0.0019219346041863283,-0.7029847145841132,1.1106878279357422,0.21690485308462365,0.5512378284820377,-0.3556736899952305,-0.13083157841845336,-0.3972829310745762,21.2
0.0,0.0,0.060916444956339105,0.0,0.190969,0.341564830089214,1.2903180022685967,0.28969383490560335,0.0,0.0036894987665264207,0.012751005120039316,0.358663423134013,0.24755991629119162,-0.8270499404192571,1.0628601145810017,0.28086572521794734,0.888128063519196,-0.5155315137583254,-0.13976435935533263,-0.9984668104783918,20.3
0.0,1.0986122886681098,0.8371064911697571,0.0,0.181476,0.3963923232777275,1.5526417029373032,0.5667476280572281,0.0,0.5699500255585901,0.06324820829348082,0.36507072700873877,1.0631425819963596,-2.4523571853504036,-0.7544276710481844,0.458024192005008,0.34730567273508384,-0.8885750309961279,-0.08371959278369469,0.09149896424514002,28.0
0.0,1.0986122886681098,0.8371064911697571,0.0,0.181476,0.22646741826369984,0.004203887644764718,0.5667476280572281,0.0,0.5699500255585901,0.06324820829348082,0.3553675380724315,0.5788472475634326,-2.078296690692057,-0.46457898041656837,0.21741087907157497,0.166585870248184,-0.31335806709883784,0.161420798806408,0.8229577904178305,23.9
0.0,1.0986122886681098,0.8371064911697571,0.0,0.181476,0.0006108614728072006,1.669867371597152,0.5667476280572281,0.0,0.5699500255585901,0.06324820829348082,0.36507072700873877,0.6902913115386513,-2.334956254351714,-0.6815147413632198,0.20034589908708159,0.7964709142626742,-0.6420033612842124,-0.1474841378725446,-0.07513422200430518,24.8
0.0,1.0986122886681098,0.8371064911697571,0.0,0.181476,0.028030516854358638,0.6039076544023964,0.5667476280572281,0.0,0.5699500255585901,0.06324820829348082,0.3163036892364363,0.5187023089583438,-2.159343452779373,-0.5559245244749783,0.046355161799696135,0.7942279334654889,-0.37508259891845047,-0.11752651648942798,0.17821514862160145,22.9
0.0,0.0,0.9387058293156934,0.0,0.201601,0.022063650504298853,0.5342614650174915,0.38354015299093885,0.0,0.9152487240501104,0.0004218616598571662,0.36507072700873877,0.18040035315695055,-1.4586689980544363,0.88285889225673,1.2132987170697673,0.7720325930355217,-0.3862859660961003,-0.41719110610467564,-0.004701835555455855,23.9
0.0,0.0,0.9387058293156934,0.0,0.201601,0.24161322538379226,0.19640501052094197,0.266354314243565,0.0,0.9152487240501104,0.0004218616598571662,0.3294689919011816,0.7352109082517682,-1.4946585390065166,0.89686118215559,1.4360659038815362,0.31175791365558786,-0.5291996750525239,-0.32644707259310846,0.1662221141299309,26.6
0.0,0.0,0.9387058293156934,0.0,0.201601,0.1472695882489448,0.6954819772484264,0.26252654782296164,0.0,0.9152487240501104,0.0004218616598571662,0.3581276234058939,0.0008397494682529308,-1.2638174758872258,0.9923904665291408,0.9053754264657337,1.1879746574570615,-0.04885792471133614,-0.480322659685152,-0.10853953943878004,22.5
0.0,0.0,0.9387058293156934,0.0,0.201601,0.05423899894433523,0.17498179888829543,0.0,0.0,0.9152487240501104,0.0004218616598571662,0.3516755338368423,0.3480730577909555,-1.2553821252607515,1.0701651896063957,1.1325694450513446,0.7374767841384522,-0.127358172204418,-0.30241587051951485,0.02895657689544477,22.2
0.0,0.0,1.2685395866350053,0.0,0.239121,1.0570040303228891,0.3965113874819129,0.0,0.0,0.6727573523562493,0.09168450907852511,0.36507072700873877,1.0033641539652411,-1.3457558209947722,1.0879462473424548,1.697704966045041,-0.5836864528161461,-0.10012559295933679,0.035826408425715515,0.7442246141545058,23.6
0.0,0.0,1.2685395866350053,0.0,0.239121,1.2782134620169674,0.037829526449781554,0.0,0.0,0.6727573523562493,0.09168450907852511,0.358663423134013,0.9480403261128457,-1.532773827791063,0.9215897147541363,1.7826685523833785,-0.4358488743286782,-0.38793242893499097,-0.14300097112393237,0.3366370050882893,28.7
0.0,0.0,1.2685395866350053,0.0,0.239121,0.03549056097578301,0.0077302593004450176,0.0,0.0,0.6727573523562493,0.09168450907852511,0.32852307339872916,0.2896206437169003,-1.2397354700836003,1.11022571688663,1.322628741150959,0.18355042663269908,0.1325824529641876,-0.2216752730778182,0.2156517691522834,22.6
0.0,0.0,1.2685395866350053,0.0,0.239121,0.029347247668548324,0.035787690816183604,0.0,0.0,0.6727573523562493,0.09168450907852511,0.339269468937867,0.3888590204224629,-1.1999542553341578,1.160336640712839,1.3261624221209014,0.10819892746964428,0.1954512591578854,-0.14574469947512544,0.3383443263931128,22.0
0.0,1.1755733298042381,0.3237080066929316,0.0,0.21529600000000002,0.05016284845066023,0.28301292186298965,0.0,0.0,0.6727573523562493,0.013931634452751989,0.35059612663019607,0.39587631127224776,-1.758529984807288,-0.333685822067836,-0.25750950002149353,-0.14987618953948884,0.23206770842532468,0.40477125368199024,0.04221187890403123,22.9
0.0,1.1755733298042381,0.3237080066929316,0.0,0.21529600000000002,0.010983073029819945,1.986598220035912,0.0,0.0,0.6727573523562493,0.013931634452751989,0.36072739421568906,0.8140652947227808,-1.9742331031343205,-0.48726569159312455,-0.20659864667165656,0.23182585184605378,-0.05572872816294542,0.21826867350971343,-0.6065810159996,25.0
0.0,1.1755733298042381,0.3237080066929316,0.0,0.21529600000000002,0.0025721785302249426,0.09607691350491518,0.0,0.0,0.6727573523562493,0.013931634452751989,0.36507072700873877,0.08346406528431519,-1.4553749511046592,-0.10809589391632368,-0.5151996524540969,-0.11414056470114528,0.7244813044114995,0.5720044735301549,0.49553255113008615,20.6
0.0,0.0,1.4450263219663817,0.0,0.198025,0.23466799836674943,0.14652270460206593,0.0,0.0,0.6156244676197687,0.04427380830346046,0.014203598620030716,0.7066759138350834,-1.3799227502300182,0.9201001101621793,1.4396208132605166,-0.0001126541770264274,-0.2906194051637122,-0.6175346725838294,0.16005397840985178,28.4
0.0,0.0,1.4450263219663817,0.0,0.198025,0.029969207579941204,0.0013262023610991862,0.0,0.0,0.6156244676197687,0.04427380830346046,0.32575902268969215,0.03381004424280104,-1.1080458864301386,1.1448295056248845,1.0698990812042246,0.5691836167303873,0.30348961670977825,-0.2750111721243005,0.3041904045530556,21.4
0.0,0.0,1.4450263219663817,0.0,0.198025,6.4495617640284175,0.06957974132044983,0.0,0.0,0.6156244676197687,0.04427380830346046,0.36507072700873877,1.397894951949654,-1.6648255501712979,0.8186256056912089,2.268015605294201,-1.4578080721519058,-0.8331400886958471,0.06988073734769969,1.0322181113110531,38.7
0.0,0.0,1.4450263219663817,0.0,0.198025,4.775140285165352,1.2662191339439997,0.0,0.0,0.6156244676197687,0.04427380830346046,0.33911341502022807,1.6178532585804934,-1.9437761939195555,0.5863422840059577,2.2756388356341564,-0.9022898266168571,-1.210738024723771,-0.28359398056273705,0.14740006378175025,43.8
0.0,0.0,1.4450263219663817,0.0,0.198025,2.5927966962391946,0.04657541901052103,0.0,0.0,0.6156244676197687,0.04427380830346046,0.36507072700873877,0.8191270409125908,-1.5896436659094795,0.857158395027644,1.9083684256813067,-0.6710635421923362,-0.599242689632176,-0.11472411659759463,0.5464768672657265,33.2
0.0,0.0,0.14107865500333672,0.0,0.27040000000000003,0.3963923232777275,0.1618684971271071,0.0,0.0,0.020681028527844994,1.274894360189559,0.3486657110473563,0.20497592344128238,-0.4426854431409978,1.4003727945891786,0.548002992416597,-0.07336665476111352,-0.8841554384608847,0.363886973110815,0.9781829560980037,27.5
0.0,0.0,0.14107865500333672,0.0,0.27040000000000003,0.4990750847640563,0.009372227973256118,0.0,0.0,0.020681028527844994,1.274894360189559,0.35498358966869953,0.48693080434182456,-0.5931179169454841,1.3113762562598805,0.6726793346775253,-0.08601156231668222,-1.108325436173345,0.3171707749144909,0.7735580846921766,26.5
0.0,0.0,0.14107865500333672,0.0,0.27040000000000003,0.029347247668548324,0.35726755801751997,0.0,0.0,0.020681028527844994,1.274894360189559,0.0,0.08025893085750939,0.2932453825722206,1.3181929048373406,-0.5063284494354657,-0.7882372049145356,-0.672961321666193,-2.8099313584274506,1.3407473548662376,18.6
0.0,0.0,0.14107865500333672,0.0,0.27040000000000003,0.04415069741098354,0.44725258927539324,0.0,0.0,0.020681028527844994,1.274894360189559,0.3464217504097654,0.012143786311803571,-0.12117802828268659,1.5833474640421767,0.080664928425366,0.5206728973086855,-0.3187988937852018,0.33526146898307746,0.9983445802775741,19.3
0.0,0.0,0.14107865500333672,0.0,0.27040000000000003,0.028030516854358638,0.5793273095426797,0.0,0.0,0.020681028527844994,1.274894360189559,0.33253706215997864,0.0020466781049577865,-0.12032283431058227,1.6247584849474095,0.1296528330937776,0.3807228654812014,-0.33315662241785715,0.3719789670088723,1.0318590352537356,20.1
0.0,0.0,0.14107865500333672,0.0,0.27040000000000003,0.3808990986802892,0.9983123606723532,0.0,0.0,0.020681028527844994,1.274894360189559,0.34316292314513447,0.2856961452844644,0.1575100581429587,1.8003709606330112,-0.21392268790216645,0.6960783301196531,0.13408479661824976,0.4012046559796524,1.1668371658534948,19.5
0.0,0.0,0.14107865500333672,0.0,0.27040000000000003,0.4077064980125076,0.6866340228361686,0.0,0.0,0.020681028527844994,1.274894360189559,0.3556745906909319,0.707588183038127,0.1863418573912578,1.779023151091663,-0.2999357899467998,0.8448401783986582,0.1924371999810784,0.35564365311646035,1.138769367576421,19.5
0.0,0.0,0.14107865500333672,0.0,0.27040000000000003,0.0503343473989629,0.3488243591591324,0.0,0.0,0.020681028527844994,1.274894360189559,0.2924710779875154,0.040490185049305245,-0.053201739611330644,1.6474734517165415,0.03535674821451488,0.4545254737029842,-0.24856838814401305,0.29446798783370326,0.9936358212092274,20.4
0.0,0.0,0.14107865500333672,0.0,0.27040000000000003,0.07263814591761965,1.0269106302106523,0.0,0.0,0.020681028527844994,1.274894360189559,0.3523688237205871,0.002877500513786729,-0.1342382345667529,1.6282216291757527,0.2598722055312232,0.03952062685266447,-0.38934197225036593,0.4824671663121925,1.3013822836958542,19.8
0.001978549232776473,0.0,0.14107865500333672,0.0,0.27040000000000003,0.006269734286765056,0.6460398442414738,0.0,0.0,0.020681028527844994,1.274894360189559,0.3210028025527598,0.16457068659316557,-0.007296412936012344,1.6265251572880315,0.01717158469505955,0.4325542993039973,-0.18557948074988373,0.3417925674592587,1.192897567059929,19.4
0.0,0.0,0.14107865500333672,0.0,0.27040000000000003,0.0162746562660732,0.2535819952252076,0.0,0.0,0.020681028527844994,1.274894360189559,0.33880123410746826,0.0023603428240592216,-0.42870511281523893,1.3544523216055617,0.20251131773068862,0.7577490251813537,-0.7563078640997446,0.07684061943165056,0.3714509016468918,21.7
0.0,0.0,0.026976419419228428,0.0,0.29920900000000006,0.375178239645147,0.21411169420368154,0.0,0.0,0.01987951501992419,0.09168450907852511,0.3550603911436616,0.12188241270315613,-0.48253271182079,1.3233564905339261,0.6242123672539365,-0.7027371338350963,0.01721487895406971,0.3753058329721475,0.09029017261573236,22.8
0.0,0.0,0.026976419419228428,0.0,0.29920900000000006,0.27976559239921295,0.7467712003032839,0.0,0.0,0.01987951501992419,0.09168450907852511,0.35013316663378075,0.24809998573612418,-0.0030286550433229545,1.6212129390089005,-0.04435163325473467,0.07283639647968539,0.8524096044218942,0.3576084126584011,0.1642381516300983,18.8
0.0,0.0,0.026976419419228428,0.0,0.29920900000000006,0.07516750720399036,0.9081571265614106,0.0,0.0,0.01987951501992419,0.09168450907852511,0.36507072700873877,0.386047664348657,0.003644252587624175,1.5859215062557768,0.004461136962569673,-0.04801897007199567,0.8325138808874375,0.39300189635938715,0.31710577774126775,18.7
0.0,0.0,0.026976419419228428,0.0,0.29920900000000006,0.0019009947376850773,0.30812283105101296,0.0,0.0,0.01987951501992419,0.09168450907852511,0.30101912435081807,0.09517620420333625,-0.29744312366463665,1.446353951065524,0.3844077504253318,-0.3762937426427302,0.3053153154617411,0.3127885515179773,-0.03937265158163258,18.5
0.0,0.0,0.026976419419228428,0.0,0.29920900000000006,0.2576374241760732,0.48607360532166916,0.0,0.0,0.01987951501992419,0.09168450907852511,0.0,0.18929505927142115,0.027721021367351356,1.5351749136473707,-0.13138623265087035,-0.04673982276983528,0.7474983793621008,-0.17356900109991388,0.11789136114934926,18.3
0.0,0.0,0.026976419419228428,0.0,0.29920900000000006,0.023905462739010317,0.019443727397262238,0.0,0.0,0.01987951501992419,0.09168450907852511,0.337317042419797,0.007370297285762266,-0.3846645766877584,1.3528663649127273,0.311900498441766,-0.06043393333351554,0.2424186399380615,0.21045914461247187,-0.26100722753691763,21.2
0.0,0.0,0.026976419419228428,0.0,0.29920900000000006,0.14078832113181924,0.24825053551525683,0.0,0.0,0.01987951501992419,0.09168450907852511,0.3467315617514144,0.10857795330293182,-0.33228405993510857,1.420817038126201,0.29649536523505327,-0.05675478538125377,0.3327106861987553,0.2939630652279573,-0.1968872268327664,19.2
0.0,0.0,0.026976419419228428,0.0,0.29920900000000006,0.34490012434179024,0.025842496674701294,0.0,0.0,0.01987951501992419,0.09168450907852511,0.0,0.14475497919629188,-0.089993839121168,1.4379324725867977,-0.11946373475894898,0.11223706890833392,0.573675331669065,-0.3551121905923335,-0.20566370915742208,20.4
0.0,0.0,0.026976419419228428,0.0,0.29920900000000006,0.6208813721148353,0.014374755205732807,0.0,0.0,0.01987951501992419,0.09168450907852511,0.3231459014823532,0.017957295403305096,-0.30247171273103735,1.3824689455954418,0.051800311714506164,0.4660654697959391,0.4330056614967373,0.0778667121090253,-0.5461685675552939,19.3
0.0,0.0,4.475429489981732,0.0,0.33756099999999994,0.34825162372374874,0.0015975691608346868,0.0,0.0,1.7076153765167323,0.08861487281347316,0.3043371967256125,0.057807348488947224,-0.06438350794062336,1.9408502569538704,-0.036845770556541035,0.4691901849973291,0.847716186157954,0.27720575505605793,0.05121440481308808,22.0
0.0,0.0,4.475429489981732,0.0,0.33756099999999994,0.1595307061963143,0.3041915043070506,0.0,0.0,1.7076153765167323,0.08861487281347316,0.20699769062450377,0.05126966981393151,0.04619246515199564,2.0173013158419257,-0.03851352822661542,0.16621334494307569,0.9537425108196935,0.2940678347665665,0.3998149631609488,20.3
0.0,0.0,4.475429489981732,0.0,0.33756099999999994,0.21216406970281831,0.7467712003032839,0.0,0.0,1.7076153765167323,0.08861487281347316,0.21073100065873718,0.5460573169782058,0.25654724438138166,2.134336143368936,-0.2426726314384851,0.2249019015241294,1.2803822451973228,0.345184261367347,0.6780412824884664,20.5
0.0,0.0,4.475429489981732,0.0,0.33756099999999994,0.37216586302015914,1.0197232011714823,0.0,0.0,1.7076153765167323,0.08861487281347316,0.13920686139204613,3.191297243829831,0.5899385411258021,2.2656922411970735,-0.6522979341759149,0.47448810617833875,1.785459130617402,0.25025885976504547,0.9787719176671343,17.3
0.0,0.0,4.475429489981732,0.0,0.33756099999999994,0.3332974918988191,0.9354428587404008,0.0,0.0,1.7076153765167323,0.08861487281347316,0.2221112171925701,0.4760235377110533,0.2914305557547548,2.1704746782064452,-0.26738833434923936,0.2548756275436271,1.339394772421234,0.3805015570001278,0.685591640148174,18.8
0.0,0.0,4.475429489981732,0.0,0.33756099999999994,0.1806517384387363,0.4960312703638746,0.0,0.0,1.7076153765167323,0.08861487281347316,0.27039965819681844,0.09123243695376901,0.12834318296898783,2.0639057646317154,-0.05005360997409641,0.15481415304642304,1.0635003312577123,0.41072959643761686,0.4901263987889757,21.4
0.03574797228596817,0.0,4.475429489981732,0.0,0.33756099999999994,0.9137520476879679,0.9217495104447779,0.0,0.0,1.7076153765167323,0.08861487281347316,0.028251208335672715,4.184010347989207,0.769706711425436,2.287225496252244,-0.8444039295822833,0.7155934577593095,1.9943496775794756,0.11009543764412806,0.9237543559725341,15.7
0.0007340761085489626,0.0,2.45688173901129,0.0,0.389376,0.7090377083037015,0.9492371714482782,0.0,0.0,0.029125446449403118,1.6070222576148798,0.32797087411716674,0.4036453030162672,0.8156552195609726,2.155747208000181,-0.9608529732742472,0.5040162234133833,0.33968355397041494,0.7712673409797952,0.7219942730755607,16.2
0.018989425126645754,0.0,2.45688173901129,0.0,0.389376,0.04339509322110901,1.1529588126452839,0.0,0.0,0.029125446449403118,1.6070222576148798,0.36507072700873877,0.14689397291655407,0.6377907185075526,2.031003014672677,-0.527293917009104,-0.23893132134078768,-0.04634372798915496,0.9268153193254061,1.0397632367372447,18.0
0.16022797926643212,0.0,2.45688173901129,0.0,0.389376,0.8496152841364984,0.8613788777161261,0.0,0.0,0.029125446449403118,1.6070222576148798,0.36507072700873877,0.6342073187741969,0.9393928252094167,2.046192557889808,-0.9580864411524687,0.6711300985910685,0.4024479761389964,0.782164358280329,0.7051093115758261,14.3
0.02297442470393993,0.0,2.45688173901129,0.0,0.389376,0.06088193304391302,1.1606005815396003,0.0,0.0,0.029125446449403118,1.6070222576148798,0.3508275262787185,5.521562575975447e-05,0.5157113469852151,1.9606321024177187,-0.3969738791647936,-0.30963953312934245,-0.2363139035076421,0.9061756149953898,0.9535332436714585,19.2
0.2314914161958977,0.0,2.45688173901129,0.0,0.389376,0.0034661027868999514,1.0705652676100113,0.0,0.0,0.029125446449403118,1.6070222576148798,0.36507072700873877,0.0030296978159582437,0.6592670047322969,1.8091539417441236,-0.3442075987943723,-0.12629515471012745,-0.21141685571190497,0.8956979957697784,0.8586749185321474,19.6
0.08872297879757655,0.0,2.45688173901129,0.0,0.389376,0.015461213215202822,1.0853187422343065,0.0,0.0,0.029125446449403118,1.6070222576148798,0.2765657877669214,0.04608871428885003,0.5166015619953486,1.880946857413713,-0.3673508201465997,-0.254022908777078,-0.3077558405236193,0.7927824949273755,0.8519027984637809,23.0
0.020186865910834465,0.0,2.45688173901129,0.0,0.389376,0.4335491477053869,0.9081571265614106,0.0,0.0,0.029125446449403118,1.6070222576148798,0.3006137271554984,0.11079233258852848,0.6604025962795614,2.0239656359102445,-0.8138127304667017,0.42080511399670545,0.09367516896377916,0.7058237408144156,0.6834659338768183,18.4
0.18247279551761422,0.0,2.45688173901129,0.0,0.389376,0.5639345458444551,1.1226441480986584,0.0,0.0,0.029125446449403118,1.6070222576148798,0.0,0.4252801696723712,1.1250609732651844,1.9154129117828922,-1.2117738341902187,0.14339953571426975,0.2759556324545584,-0.5161940328703276,0.9355573932571872,15.6
0.08047488749744443,0.0,2.45688173901129,0.0,0.389376,0.005138433707994935,1.1076382624437264,0.0,0.0,0.029125446449403118,1.6070222576148798,0.3479698481785088,0.3637570688392368,0.7164883620201874,1.9887549477258064,-0.6261234919080547,-0.047526660068674655,0.04577971337939771,0.8564785912110038,1.0362205833117246,18.1
0.018227663345129305,0.0,2.45688173901129,0.0,0.389376,0.23780687748394985,0.784065079730607,0.0,0.0,0.029125446449403118,1.6070222576148798,0.21214955589864765,0.35369265406387146,0.7550471462641282,2.0611244154816526,-0.8580856540873347,0.27530226536823876,0.16713013539730714,0.629636145090815,0.7871988993076151,17.4
0.02630439360612629,0.0,2.45688173901129,0.0,0.389376,0.058104931119306966,1.1226441480986584,0.0,0.0,0.029125446449403118,1.6070222576148798,0.3433960490416809,0.07357077558724187,0.6102823769164061,2.0056053588196456,-0.4844477551854271,-0.28339679367995857,-0.10744840030983673,0.900998001353902,1.017346927475943,17.1
0.0,0.0,2.45688173901129,0.0,0.389376,0.37043136973516916,1.1076382624437264,0.0,0.0,0.029125446449403118,1.6070222576148798,0.3274183697430782,1.473010040759166,0.9457081552656046,2.20761464382251,-1.0772208013546236,0.4423354394455741,0.5252142464864555,0.7860103505892738,0.982363185236122,13.3
0.07706586121140631,0.0,2.45688173901129,0.0,0.389376,0.036174202861859975,1.0853187422343065,0.0,0.0,0.029125446449403118,1.6070222576148798,0.36507072700873877,0.6612545062777414,0.8404486596777666,2.080338109074907,-0.7668192795662924,0.10980993997076441,0.24698930544516784,0.8828536128185819,1.0064716158030067,17.8
0.009520500067068222,0.0,2.45688173901129,0.0,0.389376,0.024793782454891146,0.7903690701625499,0.0,0.0,0.029125446449403118,1.6070222576148798,0.29565460256413245,2.5965333467285756,0.9607433488983759,2.1577338325598796,-1.0517973338824689,0.2607891871517773,0.490611699287848,0.7303691739633693,1.1390136047143433,14.0
0.3232953358525886,0.0,2.45688173901129,0.0,0.389376,3.2447336149782227,1.246325952179273,0.0,0.0,0.029125446449403118,1.6070222576148798,0.36507072700873877,9.282606716641167,1.8166040552915945,2.290721258268728,-1.8946735490559345,1.6399983985412072,1.6555174095519993,0.6970786108344309,1.0974706659089728,14.4
0.6165016218285695,0.0,1.5146888588238283,0.6931471805599453,0.758641,1.5744887359928446,1.246325952179273,0.0,0.0,0.0009656052044517739,3.0091882515440944,0.36507072700873877,3.9357396537107983,1.2332114805033512,1.5406807070112705,-0.37638978602485107,0.03938305554023022,3.0378266055348018,0.523380789765561,-0.535555921215282,13.4
0.7267688976731612,0.0,1.5146888588238283,0.0,0.758641,1.3508833310832966,1.246325952179273,0.0,0.0,0.0009656052044517739,3.0091882515440944,0.36507072700873877,3.7166279348846243,1.3438141647564585,1.374054464954824,-0.25860429105358007,0.05080946402004134,2.9686444215319807,0.5036686250628286,-0.5030914348279487,15.6
0.5317245459389154,0.0,1.5146888588238283,0.0,0.758641,3.86677394352522,1.0779293843706264,0.0,0.0,0.0009656052044517739,3.0091882515440944,0.36507072700873877,5.427766840851617,1.2911005927299368,1.7084812115722579,-0.7849478280075222,0.6236571064244387,3.327468732377112,0.4075084141728384,-0.706012157095675,11.8
0.4640414989207326,0.0,1.5146888588238283,0.0,0.758641,0.04843671393794099,1.246325952179273,0.0,0.0,0.0009656052044517739,3.0091882515440944,0.0,4.499083736987384,1.3341497265565947,1.459502932115348,-0.786779911410305,-1.267082943662963,2.67917881445635,-1.6448269741171688,0.07901054265004477,13.8
0.4240252603679881,0.0,1.5146888588238283,0.0,0.758641,0.8733931089099761,1.246325952179273,0.0,0.0,0.0009656052044517739,3.0091882515440944,0.0,0.3132773565059253,1.0261485858054795,1.4322800328477547,-0.5497342770179593,-1.156136709405474,2.2903333358088447,-1.6657749041601697,-0.5280400215351013,15.6
0.4621649144005486,0.0,1.5146888588238283,0.0,0.758641,3.739105514672363,0.928583564041058,0.0,0.0,0.0009656052044517739,3.0091882515440944,0.3248095866713479,5.585495394172292,1.1980966161096767,1.7487784122364534,-0.8393743197071173,0.6157884768556762,3.2866400951928023,0.32981643699347946,-0.7269535138821528,14.6
0.45554959484395474,0.0,1.5146888588238283,0.0,0.758641,2.4449438660014438,0.8030527743356276,0.0,0.0,0.0009656052044517739,3.0091882515440944,0.0034549901799907703,4.813296695016214,1.1404145206018717,1.6629238059459728,-0.7553192417506085,0.2578976070203933,3.072359737938962,0.003898726879891421,-0.6519379658947023,17.8
0.5242155479290644,0.0,1.5146888588238283,0.0,0.758641,0.9578063004061832,0.8746178861566036,0.0,0.0,0.0009656052044517739,3.0091882515440944,0.0,1.5175303714593744,0.9323607563434466,1.4575013855409709,-0.22779358834252506,-0.34818385822418335,2.545874813697767,0.053595972185092024,-0.6742521912911387,15.4
0.3289085150272847,0.0,1.5146888588238283,0.0,0.758641,0.05357809548090967,1.041361211598184,0.0,0.0,0.0009656052044517739,3.0091882515440944,0.16265960073553493,0.041055708555163765,0.36549591631223716,1.4939137176914845,0.27652467196378894,-1.0464636390649389,1.9301335943931317,0.36910953567309096,-0.6755768783626318,21.5
0.29629516528686417,0.0,1.5146888588238283,0.0,0.758641,1.5709190118053322,1.246325952179273,0.0,0.0,0.0009656052044517739,3.0091882515440944,0.0,0.007707648853276535,0.5272495214449108,1.6246840652436654,-0.12348328041427863,-0.5389590110409672,2.224716816845785,0.015986011551264317,-0.9394361989388823,19.6
0.21673886791346592,0.0,1.5146888588238283,0.6931471805599453,0.758641,3.280724967141245,0.4762169046917182,0.0,0.0,0.0009656052044517739,3.0091882515440944,0.0,0.005572267067360352,0.39660598018830606,1.6614955472202464,-0.24209106617610882,-0.15021453452155903,2.21134857793803,-0.06963940517358787,-1.4057573182422238,15.3
0.4229561686252463,0.0,1.5146888588238283,0.0,0.758641,0.6712062252682092,1.1301849525807188,0.0,0.0,0.0009656052044517739,3.0091882515440944,0.0,0.1929683034898008,0.7951875513370148,1.440126591424817,-0.22972405983741473,-0.9436929690907556,2.199667613188489,-0.762041261725269,-0.6548007627957148,19.4
0.2790905968678386,0.0,1.5146888588238283,0.6931471805599453,0.758641,0.04906520714260296,0.9492371714482782,0.0,0.0,0.0009656052044517739,3.0091882515440944,0.0,0.11934122311766242,0.4165194803432641,1.5067755321536627,0.08677635864522025,-1.1976839478758659,1.9621996677834468,-0.1415482381874306,-0.6244124530422454,17.0
0.6481244713772651,0.0,1.5146888588238283,0.6931471805599453,0.758641,0.03563483786879954,0.24825053551525683,0.0,0.0,0.0009656052044517739,3.0091882515440944,0.0,0.1098620657212121,1.1084241323717263,0.9244186267171003,-0.23969099226754598,-1.7359417621569218,1.7812047679966836,-2.5169775009923656,-0.6076895022564831,15.6
0.47574980635514547,0.0,1.5146888588238283,0.0,0.758641,2.0771499917162117,0.8158374429209597,0.0,0.0,0.0009656052044517739,3.0091882515440944,0.0,0.23843093050390263,1.203599139980463,1.3237699315650904,-0.8568443165129225,-0.9905389179777124,2.3160433446283664,-2.5530775267665473,-0.7352445385482845,13.1
0.2382302655377938,0.0,1.5146888588238283,0.0,0.366025,0.8780046051403126,1.048624363946546,0.0,0.0,0.0009656052044517739,3.0091882515440944,0.07139150974165219,1.2748954884037809,-0.19891228260785057,1.2976502236943954,1.0147342232161871,-2.099067576998602,1.0241465022516725,0.40080791635261254,-0.6257043991394943,41.3
0.2640358458289138,0.0,1.5146888588238283,0.0,0.366025,0.09682766424486725,1.246325952179273,0.0,0.0,0.0009656052044517739,3.0091882515440944,0.0,0.7594214871448159,0.1026938095803115,1.4564916227198217,0.5097118876285982,-1.298319371208325,1.5469548841001626,0.2339726398873896,-0.8918932230132272,24.3
0.28143824150148744,0.0,1.5146888588238283,0.0,0.758641,0.10288162515886842,1.246325952179273,0.0,0.0,0.0009656052044517739,3.0091882515440944,0.08032641088605275,0.5431898286543344,0.0508570063126706,1.3953357227532481,0.7019247871297,-1.6511194518147796,1.414274539840986,0.3790818117447557,-0.6748104094578088,23.3
0.2491044698092507,0.0,1.5146888588238283,0.6931471805599453,0.366025,0.0024298392070258744,0.7284650154809804,0.0,0.0,0.0009656052044517739,3.0091882515440944,0.0,1.0033641539652411,-0.013609563549608617,1.3778100297297284,0.6226982602182728,-1.5131020144364002,1.3468735866317876,0.07789690548252377,-0.9837466679909258,27.0
0.2894546475131984,0.0,1.5146888588238283,0.0,0.366025,2.938185489947129,0.6233984750261908,0.0,0.0,0.0009656052044517739,3.0091882515440944,0.17771959302940984,2.339717094821827,-0.43347560213761865,1.0922631738939765,1.467213818146216,-2.575597549130848,0.5542454803178177,0.5279935430332555,-0.6192899717262216,50.0
0.36376255825070747,0.0,1.5146888588238283,0.6931471805599453,0.366025,4.663833000097322,1.1076382624437264,0.0,0.0,0.0009656052044517739,3.0091882515440944,0.3080468534857656,2.259029116856065,-0.39765624688829965,1.0469681883533046,1.6747190484897472,-2.8965752149624793,0.5386107966306916,0.7865356087441622,-0.36074623263823014,50.0
0.3009792586414032,0.0,1.5146888588238283,0.6931471805599453,0.366025,8.85129918565188,0.8094324880767622,0.0,0.0,0.0009656052044517739,3.0091882515440944,0.2986655296271155,1.7081376655449603,-0.5668908531270076,0.9874981211507637,1.8484992380357492,-3.3394105141065284,0.2958987224947334,0.7806836081085112,-0.14177208912105702,50.0
0.4397933916523053,0.0,1.5146888588238283,0.0,0.366025,0.37564700343717433,0.6807591311563065,0.0,0.0,0.0009656052044517739,3.0091882515440944,0.3513672506492528,0.020125541141208105,0.26888467241077907,1.2951623971810262,0.3937138591558833,-0.6015718924629325,1.7789447153656224,0.4686049472979619,-1.0216043307202374,22.7
0.5550294353459196,0.0,1.5146888588238283,0.0,0.366025,0.06830783750541404,0.752923744116845,0.0,0.0,0.0009656052044517739,3.0091882515440944,0.0,0.15850665187522378,0.5858558173007617,1.0590412493245684,0.2586883049130185,-1.3693066602009838,1.5816885788489305,-0.9902847351836161,-0.7728533601948326,25.0
0.39730239027141767,0.0,1.5146888588238283,0.0,0.366025,5.477208684387383,0.9631324485684102,0.0,0.0,0.0009656052044517739,3.0091882515440944,0.12953484971767948,1.5718740939512308,-0.31076314602744437,0.9821184480881049,1.6112300078148334,-2.9537332496611257,0.5299000794370531,0.5477189044915313,-0.24320109143649454,50.0
0.3572666263859701,0.0,1.5146888588238283,0.0,0.366025,0.33659227332794023,0.14247684510586242,0.0,0.0,0.0009656052044517739,3.0091882515440944,0.0,0.005161979229045642,0.39425354633800097,1.1952951603745843,-0.06921590395384546,-1.0213884350985116,1.6089978760104597,-1.2752857716615493,-1.054938591219496,23.8
0.4501394655798881,0.0,1.5146888588238283,0.0,0.366025,0.002392272770731006,0.9561721894568118,0.0,0.0,0.0009656052044517739,3.0091882515440944,0.0,0.047299084339394906,0.4136650655354202,1.2175478492639826,0.376305643180032,-1.4358403954507106,1.610412952681739,-0.3821231800457911,-0.6331361433167035,23.8
0.47624232079382983,0.0,1.5146888588238283,0.0,0.366025,0.027902573194513797,0.8946657070902967,0.0,0.0,0.0009656052044517739,3.0091882515440944,0.0,0.034847847541688425,0.3494789773189374,1.1773927536604418,0.506807351946944,-1.3656408070347426,1.5683173643507955,-0.07101544502636979,-0.6448372390434427,22.3
0.23468175447651243,0.0,1.5146888588238283,0.0,0.366025,0.3399032598864433,0.8547972351504824,0.0,0.0,0.0009656052044517739,3.0091882515440944,0.0,0.061918210332128513,0.3647825043006785,1.4632407799499714,-0.11109754565881598,-0.9123204101915795,1.912520532116602,-0.5415435031515529,-0.7545262164150579,17.4
0.4525306766316398,0.0,1.5146888588238283,0.0,0.366025,0.331656178107776,1.041361211598184,0.0,0.0,0.0009656052044517739,3.0091882515440944,0.0,0.007612699935391107,0.41894092540615874,1.2991484434822913,0.2587124117918532,-0.8102016394595862,1.84690297945962,0.052625093076810465,-0.8374548727095548,19.1
0.0,0.0,1.067099259680248,0.0,0.2601,1.028717352480476,0.5010479645395725,0.0,0.0,0.4434883096617191,0.7345877791403959,0.36507072700873877,0.08136348518340301,-0.5875907191952943,1.4353693517840627,0.5795548895102329,0.5637708113709355,1.336717902689639,-0.048419800472795926,0.018642399792574572,23.1
0.0,0.0,1.067099259680248,0.0,0.2601,0.034956336147280026,0.3041915043070506,0.0,0.0,0.4434883096617191,0.7345877791403959,0.3543689654317473,0.25599151971620776,-0.9793217992151021,1.2139031716049413,1.2267911104476223,-0.35088530878684254,0.6106652201246761,0.025875232935655478,0.11851372506415063,23.6
0.0,0.0,1.067099259680248,0.0,0.2601,0.3669745370122271,1.9750801343293356e-05,0.0,0.0,0.4434883096617191,0.7345877791403959,0.33676967919562273,0.1780290795043459,-0.9758232307977299,1.19435749649148,0.9770874666132002,0.32470069264659357,0.7019914643684687,-0.1804954393294694,-0.4066729081573362,22.6
0.0,0.0,1.067099259680248,0.0,0.2601,0.1383755663199156,1.5882567995928802,0.0,0.0,0.4434883096617191,0.7345877791403959,0.3188551008842537,1.0516228677169654,-1.5724420286948273,0.7548249359512845,1.5714621490896263,-0.06043122500390636,-0.2817182995175554,-0.40946557001053996,-0.940592325306034,29.4
0.0,0.0,1.067099259680248,0.0,0.2601,0.14185840411214334,0.5766158364238525,0.0,0.0,0.4434883096617191,0.7345877791403959,0.33676967919562273,0.126820298998451,-1.256383626414906,0.9442387280160478,1.074073616249417,0.5190560909314292,0.32317373046907766,-0.40108775385909734,-0.7519593390258161,23.2
0.0,0.0,1.067099259680248,0.0,0.2601,0.00186778383023599,0.029382636204780013,0.0,0.0,0.4434883096617191,0.7345877791403959,0.3551371867206105,0.7939751888286841,-1.213023129543454,1.0624001218270722,1.3195292532239036,-0.1425670366935529,0.3171101173659238,-0.10171084915368339,-0.24258680272000946,24.6
0.0,0.0,1.067099259680248,0.0,0.2601,0.6705795735555222,0.04282377300417797,0.0,0.0,0.4434883096617191,0.7345877791403959,0.3213205886471103,0.64453709445999,-1.236273810234399,1.0303583166149926,1.5359902022097747,-0.7109663239919951,0.16393525503098919,-0.05139932599720549,0.056327120265368784,29.9
0.0,0.0,1.5996468648175595,0.0,0.238144,0.9794650322924032,0.13065882097738252,0.0,0.0,1.630960210948003,0.09168450907852511,0.36507072700873877,1.136562510957934,-1.6294938943330437,0.9390035869990617,1.9679989560887368,-0.31667618005204123,-0.32104718775968405,-0.21657881043335453,0.3274456595858901,37.2
0.0,0.0,1.5996468648175595,0.0,0.238144,4.439156871688504,0.27364957006564566,0.0,0.0,1.630960210948003,0.09168450907852511,0.3548299690211104,0.5086658595458956,-1.4924026746679175,1.0264060720810022,2.1471271714950504,-1.2082671032091914,-0.2336622165846508,0.03199085532911484,1.250007110166717,39.8
0.0,0.0,1.5996468648175595,0.0,0.238144,0.04006319371895619,0.05128912018224974,0.0,0.0,1.630960210948003,0.09168450907852511,0.36507072700873877,0.20118957762210385,-1.2682832669835573,1.1645112448890993,1.3773331284621437,0.5235483662619097,0.34579927668219407,-0.2853159069425315,0.18231350146334738,36.2
0.0,0.0,1.5996468648175595,0.0,0.238144,1.5344967184941607,0.7044101444941349,0.0,0.0,1.630960210948003,0.09168450907852511,0.34370679905364954,1.203199707776095,-1.381388973806427,1.146942014477176,1.9648554799647218,-0.8213013487174815,-0.006530887953473477,0.044690710434579055,1.0568141699780533,37.9
0.0,0.0,1.5996468648175595,0.0,0.238144,0.15696169678706728,0.9217495104447779,0.0,0.0,1.630960210948003,0.09168450907852511,0.36507072700873877,0.9535021134087708,-1.23181551756828,1.2550249255967603,1.6495540339932064,-0.24679319129772329,0.3228935774025731,0.018784698118070778,0.8802695808613467,32.5
0.0,0.0,1.5996468648175595,0.0,0.238144,0.9384049494480811,0.5685619292024381,0.0,0.0,1.630960210948003,0.09168450907852511,0.31917357011298386,0.03452827661234765,-0.8322379150846488,1.4425408868651497,0.8283031913561136,0.9551059659129169,1.1009668147894784,-0.25101420536221225,0.6264451633384062,26.4
0.0,0.0,1.5996468648175595,0.0,0.238144,0.0350995241580851,6.394767350609012e-05,0.0,0.0,1.630960210948003,0.09168450907852511,0.28771778235022183,0.00484257882021058,-1.1587851686860722,1.1781973827676413,1.159282518985034,0.6462484597119627,0.5446288230501894,-0.411035476656673,0.43664673037253593,29.6
0.0,0.0,1.5996468648175595,0.0,0.238144,4.843807583352147,0.28301292186298965,0.0,0.0,1.630960210948003,0.09168450907852511,0.33206566360130857,1.3195521890028699,-1.884436425459113,0.7307551786074864,2.383362709700855,-1.0333163482405956,-0.8171873572780017,-0.23317953520099363,0.5928298765965191,50.0
0.0,1.5260563034950492,1.2587082427361305,0.0,0.190969,0.5010880276486762,0.9526878197947682,0.0,0.0,0.0036894987665264207,2.261259569270794,0.3417630253102321,0.6996304095925553,-2.887825015422759,-1.8791172745883338,-0.19243337178772776,-0.9236785250360137,0.5727985774643614,0.31738982420031003,-0.5155875095105639,32.0
0.0,1.5260563034950492,1.2587082427361305,0.0,0.190969,0.14916678935967637,1.966619936844651,0.3122230298355437,0.0,0.0036894987665264207,2.261259569270794,0.2520104037134595,1.2844000688574284,-3.063666652427552,-2.0444856435973167,-0.20382890170328338,-0.5826459884591312,0.340824456079985,0.04505755787069724,-0.925809845083076,29.8
0.0,1.5260563034950492,1.2587082427361305,0.0,0.190969,1.6421027007697993,1.1113654654846525,0.3122230298355437,0.0,0.0036894987665264207,2.261259569270794,0.36507072700873877,1.0344609554467314,-3.1147976600381773,-2.048401460920822,0.05428940372873546,-1.1859426982544616,0.22561974133273718,0.3172984645762751,-0.4418340765844036,34.9
0.0,1.5260563034950492,1.2587082427361305,0.0,0.190969,0.8994720460427376,2.7967726799275003,0.8219752305057099,0.0,0.0036894987665264207,2.261259569270794,0.2070867411240682,1.1187181756243272,-3.390426913655647,-2.3410463754866075,-0.07198617868653327,-0.5811850635268679,-0.08364463296502578,-0.1829768621146884,-0.9129310847747832,37.0
0.0,1.5260563034950492,1.2587082427361305,0.0,0.190969,0.41818979156806163,1.800880967863709,0.8219752305057099,0.0,0.0036894987665264207,2.261259569270794,0.3088514828334416,1.2434684817141464,-3.3151334464936655,-2.2399004606417665,-0.14755914315204677,-0.4469742166189352,0.09634155256804411,-0.013142409694639316,-0.8559537793870772,30.5
0.0,1.5260563034950492,1.2587082427361305,0.0,0.190969,1.6166685100100027,2.255503663037467,0.8219752305057099,0.0,0.0036894987665264207,2.261259569270794,0.3151054704393474,1.876826703396012,-3.4920513650472405,-2.3609129839299237,0.15346627301581914,-0.8654114283366517,-0.243618043033032,0.01813653372469654,-0.8091684908959832,36.4
0.0,1.7578579175523736,1.4310424679590148,0.0,0.16080100000000003,0.5380137688529039,4.344932843086338,0.7661282124717901,0.0,0.7223043848558718,1.7397249946117554,0.3378641062013685,1.1395502937475686,-4.218350476145502,-3.1370027185507228,-0.2451795409992447,-0.1186735491901508,0.28267113926889614,-0.0899590486117722,-0.5276025546409593,31.1
0.0,1.7578579175523736,1.4310424679590148,0.0,0.16080100000000003,0.20660404497549686,3.126793118780071,0.7661282124717901,0.0,0.7223043848558718,1.7397249946117554,0.19832188131908582,1.342168804217115,-4.103914802457315,-3.0617424714896075,-0.3748272984564462,-0.09056318062595942,0.43277064858834563,-0.20151626410247914,-0.4476622191489647,29.1
0.0,2.0014800002101243,2.4220748505766703,0.0,0.178084,5.123378827737403,1.6882807063984684,0.6313557397398538,0.0,0.8266792549984492,3.509151041681143,0.3445608640053342,1.8386539055052213,-4.954475287664688,-4.355502025630431,-0.32752891895057845,-1.8369620725543954,0.49832665395053966,0.47050522316021914,0.3118918438579669,50.0
0.0,2.0014800002101243,1.9650170459927336,0.0,0.16321600000000003,2.035236273257039,1.4999762910458454,0.9816197250173043,0.0,0.2210378370021935,7.315415679679277,0.36507072700873877,1.4412738493891695,-5.016556350312051,-4.464700762206322,-0.6276644392190341,-1.376417548754982,1.1908197786694634,0.3171777902320324,-0.4705842302030566,33.3
0.0,2.0014800002101243,1.9650170459927336,0.0,0.16321600000000003,1.3699111474039534,1.2903180022685967,0.9816197250173043,0.0,0.2210378370021935,7.315415679679277,0.0,0.32054980803953115,-4.740096129469296,-4.391871326343375,-1.0327702837205524,-1.2216052106828652,1.5310140949671083,-0.13123771165535364,-0.30056222631514623,30.3
0.0,2.0014800002101243,1.9650170459927336,0.0,0.16321600000000003,1.982787347181585,1.1567614396937846,0.9816197250173043,0.0,0.2210378370021935,7.315415679679277,0.32868078863177014,0.7137567158222689,-4.891598191517535,-4.406632162335554,-0.7724594755298624,-1.3378544294337371,1.3791985301390703,0.2844777183686527,-0.30300765502892146,34.6
0.0,2.151762203259462,1.9855033795162167,0.0,0.16240900000000003,0.9654300611706933,3.5819839881907756,1.0410999419369453,0.0,0.0013695624463778376,0.4520125814223479,0.36507072700873877,1.2844000688574284,-5.096381919202008,-5.233079545098472,-1.9693268816068048,-0.3610913932558557,-0.1310062183208962,0.5678230835833137,0.20343298590953413,34.9
0.0,2.151762203259462,1.9855033795162167,0.0,0.16240900000000003,1.4647850381498266,3.772718034305882,1.0410999419369453,0.0,0.0013695624463778376,0.4520125814223479,0.26436346470742955,1.3195521890028699,-5.122233067212491,-5.2726765246073555,-1.9210968991874884,-0.5387353883899976,-0.22558838400000283,0.45072518378531,0.2582178069608014,32.9
0.0,2.028148247292285,1.7621247194855476,0.0,0.172225,0.03046400846720087,1.1491323412346033,0.7771919539608774,0.0,0.12774319534836798,3.0091882515440944,0.3409844566658238,0.5349645705429469,-4.405357294647548,-4.158174312138873,-1.6775414714242638,-0.152270210945876,1.4111838778089223,0.4080730638020035,-0.2349732007833601,24.1
0.0,2.028148247292285,1.7621247194855476,0.0,0.172225,3.5582291447907837,3.5283972261538916,0.7771919539608774,0.0,0.12774319534836798,3.0091882515440944,0.35344632018980227,1.7858708796917158,-5.007417620281358,-4.5800459627214885,-0.7494554519305733,-1.4136060250330027,0.2875199738177954,0.4299464756715702,-0.17386833121491949,42.3
0.0,2.151762203259462,1.5195570473124778,0.0,0.17313921000000002,4.982612795217157,1.5793151637743907,0.4875189213463889,0.0,1.1949873746882762,3.0091882515440944,0.33324374360355663,1.5334863472122107,-5.237608661895216,-5.0526473985499045,-1.0019452685699703,-1.9809746692443786,0.8057827824471107,0.7491732761794117,0.648426035886689,48.5
0.0,2.151762203259462,1.5195570473124778,0.0,0.17313921000000002,6.199029262808262,1.697525235453722,0.4875189213463889,0.0,1.1949873746882762,3.0091882515440944,0.3155849302593308,1.872991774734605,-5.311645168665643,-5.098434872234074,-0.8803012095103472,-2.1728334000576024,0.6615777497162365,0.7423796864205475,0.6749686095819837,50.0
0.0,0.0,0.006352288119904088,0.0,0.239121,0.31386911104111337,2.7025226006223146,0.06897046374884323,0.0,0.6063487577370441,0.004452867524403828,0.36507072700873877,0.06234590676387795,-1.1152268029142711,1.00065973091169,0.6633159686347498,1.1862007414673363,-0.3333739202852311,-0.40192309864007875,-0.9063784592724148,22.6
0.0,0.0,0.006352288119904088,0.0,0.239121,0.0034661027868999514,0.32611814126008953,0.23576419504887125,0.0,0.6063487577370441,0.004452867524403828,0.34951555304452075,0.055548881901723225,-0.9847366498822779,1.0839060890536425,0.77567884921548,0.5723155074783045,-0.20952665116969463,-0.17969673334040626,-0.13112451976245112,24.4
0.0,0.0,0.006352288119904088,0.0,0.239121,0.5097263864396469,0.021475686077487455,0.23576419504887125,0.0,0.6063487577370441,0.004452867524403828,0.3065968871247472,0.5732935187112648,-0.47971925576884666,1.3799827843290011,0.137805475170292,1.0953990134392684,0.6372183019956729,-0.18323439045828938,0.26469561352368165,22.5
0.0,0.0,0.006352288119904088,0.6931471805599453,0.239121,0.09860726607676298,0.11329942693798033,0.19138861050536413,0.0,0.6063487577370441,0.004452867524403828,0.238985462478434,0.07898449160245465,-0.7462573108172731,1.2430718942735,0.4393505599456683,0.7653206039077661,0.20808109627561477,-0.2798815907700012,0.007498295986411275,24.4
0.04864395327096221,0.0,0.006352288119904088,0.6931471805599453,0.239121,1.7922732328075834,1.246325952179273,0.037268483360487575,0.0,0.6063487577370441,0.004452867524403828,0.36507072700873877,2.1360949626638304,0.05253672041367331,1.72430712066518,-0.30661022697261386,1.3229011875404313,1.4874047806548547,0.08474624479714747,0.7556775953685847,20.0
0.0,0.0,0.006352288119904088,0.6931471805599453,0.239121,0.21347722962387386,0.6984595295050819,0.03822882698973603,0.0,0.6063487577370441,0.004452867524403828,0.336926099262726,0.4180057959076126,-0.3582964172661608,1.5514816607544668,0.22431888819641682,0.6232957118561946,0.812273623167385,0.09059091202141754,0.6823040024597777,21.7
0.03263783206059583,0.0,0.006352288119904088,0.6931471805599453,0.239121,1.5709190118053322,0.5060898998183339,0.0,0.0,0.6063487577370441,0.004452867524403828,0.3523688237205871,2.5159349230319767,-0.00447281909073036,1.6781879039834793,-0.2956776250777456,1.359483747939102,1.396857542024415,-0.0016165639411482632,0.5991647455639623,19.3
0.0,0.0,0.006352288119904088,0.6931471805599453,0.239121,0.4621188548579078,0.2755037435851624,0.0,0.0,0.6063487577370441,0.004452867524403828,0.3186958282283184,0.22362497604449827,-0.6308754095485112,1.312631114439545,0.31625939928633173,1.035423666745419,0.39409821897213154,-0.21356029679895425,-0.16046519423872319,22.4
0.0,0.0,0.006352288119904088,0.0,0.239121,0.01654127227814028,1.6606985658510902,0.06897046374884323,0.0,0.6063487577370441,0.004452867524403828,0.2769810500475843,0.21007929213632046,-1.1586438804488517,0.9716695100242351,0.8982088012808157,0.5671415351863106,-0.5107957133369768,-0.3740144647296324,-0.5351843639233965,28.1
0.0091484713834998,0.0,0.006352288119904088,0.0,0.239121,1.5425070644696808,4.359755655918654,0.0,0.0,0.6063487577370441,0.004452867524403828,0.0,5.598741411544689,-0.3659284432623338,1.1891407729088301,-0.4710893706248593,2.1301116450978608,0.7550239981249882,-1.1151194597979819,-0.659886314777514,23.7
0.0,0.0,0.006352288119904088,0.0,0.239121,0.02133773436765997,0.8646661073795401,0.06897046374884323,0.0,0.6063487577370441,0.004452867524403828,0.33989344119412007,0.19868495693412758,-1.042586455887191,1.065505313704204,0.8042071478108024,0.6821449745281558,-0.3027850303473742,-0.24042854357690385,-0.43202048289720735,25.0
0.0,0.0,0.1610606090277066,0.6931471805599453,0.30250000000000005,0.31867151394387533,0.19956643373786034,0.0,0.0,0.6156244676197687,0.9014781683859572,0.3334007161278491,0.014400315166009809,-0.7066909042403983,1.3433239364277016,0.5177678287695866,0.30770016786163623,0.9602265793381602,-0.09114977900713356,-0.8430548215981358,23.3
0.0,0.0,0.1610606090277066,0.0,0.30250000000000005,0.25869500102393933,0.3446406213845337,0.0,0.0,0.6156244676197687,0.9014781683859572,0.33324374360355663,0.1721695298763351,-0.7762541316427604,1.3370065226570724,0.9437251582717826,-0.6843060768725269,0.7094107351368028,0.184354660037559,-0.06602368968345387,28.7
0.0,0.0,0.1610606090277066,0.6931471805599453,0.30250000000000005,0.22547797661891872,0.8030527743356276,0.0,0.0,0.6156244676197687,0.9014781683859572,0.36507072700873877,0.5439896783386019,-0.25227093060639516,1.6572786801532031,0.2656286087149021,0.022403964542823243,1.6276546052545824,0.23294471940998404,0.06681298630924909,21.5
0.0,0.0,0.1610606090277066,0.6931471805599453,0.30250000000000005,0.015817181620503225,0.7163870977814308,0.0,0.0,0.6156244676197687,0.9014781683859572,0.34075076782041824,0.09090505308489993,-0.6300297844033695,1.447113901144017,0.7843921951948886,-0.5226792344530488,0.9841772293191005,0.2467828102263646,-0.032398520044663204,23.0
0.027863790062215635,0.0,0.5178385681125274,0.6931471805599453,0.257049,0.8994720460427376,0.5010479645395725,0.0,0.0,0.3608184531439675,0.23771149140172462,0.324730426298632,0.1698531638265306,-0.7545743550894888,1.176194575019429,1.1709155050414233,-0.8804439534975881,0.13528984517888643,0.21946262804119823,0.47982058434998204,26.7
0.0411975807001789,0.0,0.5178385681125274,0.6931471805599453,0.257049,0.029478457975027503,0.6517632893029532,0.0,0.0,0.3608184531439675,0.23771149140172462,0.3523688237205871,1.520982466083868,-0.21925381013250636,1.4257221382793823,0.28080320389109226,0.23028069685550878,1.1196216368506868,0.09899073776050561,0.5764688539603688,21.7
0.09721661056516018,0.0,0.5178385681125274,0.6931471805599453,0.257049,0.7155992324449975,0.10508808706583733,0.0,0.0,0.3608184531439675,0.23771149140172462,0.31430585953705,0.1454085377886281,-0.8114863072151663,1.0283586120116004,1.1762596545730346,-0.6387607677134857,0.01692930406910032,0.08289803947861112,0.24055463604641922,27.5
0.0949779116124694,0.0,0.5178385681125274,0.0,0.257049,0.22511483440140168,0.18861798057500279,0.0,0.0,0.3608184531439675,0.23771149140172462,0.36507072700873877,0.5007072955052515,-0.8230515178411103,1.0559673036487969,1.155621614446043,-0.437920870103576,0.020333237179126627,0.13354571174206845,0.11103192999996965,30.1
0.016229036564408376,0.0,0.5178385681125274,0.0,0.254016,7.952281746484607,0.11936208049912918,0.0,0.0,0.3608184531439675,0.23771149140172462,0.2706503772755653,1.421170458397501,-1.2664594082966438,0.8315977861675763,2.0216702363671097,-2.1522190166881594,-0.8815972152210099,0.22192850174262377,0.7028203265163708,44.8
0.07252562274828755,0.0,0.5178385681125274,0.0,0.254016,12.063471685088524,0.2626128229256688,0.0,0.0,0.3608184531439675,0.23771149140172462,0.24483339047945576,1.2622776220683845,-1.2582240146142378,0.7622679777352156,2.21347823225263,-2.6055035763104883,-0.998742812887261,0.27322222870405605,1.0206823329855819,50.0
0.03434866539931823,0.0,0.5178385681125274,0.0,0.254016,6.241625230024788,0.4055098906077004,0.0,0.0,0.3608184531439675,0.23771149140172462,0.28993333452200093,1.7783931989787014,-1.2183137874609538,0.8674993843060674,1.9490780906960117,-1.9903130795009132,-0.7727870911315224,0.26495584045158016,0.7158839283558577,37.6
0.042443388432055765,0.0,0.5178385681125274,0.0,0.254016,1.5628351342545923,0.1618684971271071,0.0,0.0,0.3608184531439675,0.23771149140172462,0.15593442687792458,0.7766022496818497,-0.9633760285277,0.9793979819604004,1.3797682643963483,-1.0643683127256067,-0.29669348865077855,-0.04843164771213987,0.3230915323481886,31.6
0.011527066808024598,0.0,0.5178385681125274,0.0,0.254016,3.97800595160389,3.357029391422554,0.0,0.0,0.3608184531439675,0.23771149140172462,0.20557180309503653,1.4955731590402492,-1.6826782777167373,0.44780114588709585,1.9021989772410384,-1.012154130018191,-1.3969705468392033,-0.4184723394545207,-0.7502578433830716,46.7
0.05025093325619129,0.0,0.5178385681125274,0.0,0.254016,0.14480168475562522,2.8086675248044353,0.0,0.0,0.3608184531439675,0.23771149140172462,0.2304969495676685,1.550876493428246,-1.412143156566229,0.6250579806859945,1.3971804449772047,0.004584375839823788,-0.8568759791983396,-0.47285914109099036,-1.181718112880137,31.5
0.07512736029986547,0.0,0.5178385681125274,0.0,0.254016,0.18675164057427654,0.00028463273270275415,0.0,0.0,0.3608184531439675,0.23771149140172462,0.2130351321389925,0.019730181598064663,-0.6942389910956581,1.0752921527655006,0.650331039529798,0.39580311695706016,0.32248609831621666,-0.2722846271582768,-0.26936577112081117,24.3
0.05583801523224111,0.0,0.5178385681125274,0.0,0.254016,2.574495180366544,0.08746959759301143,0.0,0.0,0.3608184531439675,0.23771149140172462,0.19327868078666818,1.0747250478218113,-1.118777910714395,0.8555942932637612,1.5620801357897456,-1.216617856066063,-0.543062827411534,-0.035138563173134005,0.3246344415354855,31.7
0.08495881812274449,0.0,0.5178385681125274,0.0,0.257049,8.532415082021378,0.028177348591690084,0.020381236124235154,0.0,0.3608184531439675,0.23771149140172462,0.27781105763839475,2.0334398665877544,-1.4302568168444822,0.6277949411506556,2.159407992841177,-2.0654963807050946,-1.1491377453312763,0.1350598573564106,0.5607047422845229,41.7
0.02063655859434981,0.0,0.5178385681125274,0.0,0.257049,7.800498643943565,0.004203887644764718,0.0,0.0,0.3608184531439675,0.23771149140172462,0.21833218335948712,1.485315560033915,-1.4002628345986352,0.6953702936429993,2.0171413830086187,-1.9689196181822632,-1.0512444432844277,0.039203434876806824,0.5255974017928445,48.3
0.05187118115434069,0.0,0.5178385681125274,0.6931471805599453,0.257049,0.3946022009221115,0.005433418688860345,0.0,0.0,0.3608184531439675,0.23771149140172462,0.03789460388960618,0.4154974237685143,-0.9512434906335279,0.9280544385911463,1.1174686789434571,-0.4938856597691054,-0.19253902246321927,-0.33399710690469014,-0.08463377121731183,29.0
0.020358590620193316,0.0,0.5178385681125274,0.0,0.257049,0.0799229280419224,0.06317119485684393,0.0,0.0,0.3608184531439675,0.23771149140172462,0.19877093270789137,0.06164855540533377,-0.8242141910466936,1.0415496245991027,0.7252362011851049,0.3192805092217966,0.15785473385469267,-0.32167611956217657,-0.37504391681005156,24.0
0.07088151685225796,0.0,0.5178385681125274,0.6931471805599453,0.257049,0.2430144246342379,0.07926613933012544,0.1549667491034576,0.0,0.3608184531439675,0.23771149140172462,0.2986655296271155,0.19004232663251147,-0.8976419974710292,0.9807564860376489,1.0530199022460474,-0.28446859919620837,0.0007580941177746933,-0.040508198443309905,0.07534001422393263,25.1
0.06861157885860537,0.0,0.5178385681125274,0.0,0.257049,2.3337690242388693,0.011549347937898604,0.1549667491034576,0.0,0.3608184531439675,0.23771149140172462,0.31174279953899153,1.231007494243893,-1.234314824656048,0.772425377869682,1.6093956079951235,-1.016090898778984,-0.6523352992307178,0.020360635727190976,0.15475814176220265,31.5
0.0,1.2237754316221157,0.8185394166241202,0.0,0.18318399999999999,0.07810761727868058,3.1645979060682197,0.7595507237946646,0.0,0.41244079336184186,0.7345877791403959,0.2223743385455081,0.7766022496818497,-2.774536215182194,-1.3034742354903155,0.22895567069180772,0.3010638595694016,-0.30928831994695183,-0.43288028849978866,-0.8978236428848724,23.7
0.0,1.2237754316221157,0.8185394166241202,0.0,0.18318399999999999,0.2091998280767652,0.8779302571558748,0.7595507237946646,0.0,0.41244079336184186,0.7345877791403959,0.25998121978241623,0.5473259895397996,-2.5869962203999473,-1.1479618709969084,0.18886051068120252,0.014387122613123865,-0.0357286265856297,-0.2027753309558474,-0.35442171518858184,23.3
0.0,1.2237754316221157,0.8185394166241202,0.0,0.18318399999999999,0.7595985126245102,0.25717251719420764,0.7915190408581885,0.0,0.41244079336184186,0.7345877791403959,0.3211617082234352,0.03178150130456914,-2.4450967813201583,-1.0770564805673553,0.12838125311682647,-0.19329712873364635,0.1775243241446317,-0.045988775975732005,0.13592826577376083,22.0
0.0,1.2237754316221157,0.8185394166241202,0.0,0.18318399999999999,0.07284448909668856,0.015239238043860796,0.7915190408581885,0.0,0.41244079336184186,0.7345877791403959,0.3475830483602239,0.0012558350037577273,-2.179833799373132,-0.8667478719294994,-0.30918715977361255,0.4911296411955014,0.7069641079680898,-0.020541321872499067,0.015980767751435913,20.1
0.0,1.2237754316221157,0.8185394166241202,0.0,0.18318399999999999,0.010903040187278704,0.31009014058188966,0.9317271750694006,0.0,0.41244079336184186,0.7345877791403959,0.16219403331437432,0.0402721823338402,-2.4032612866253813,-1.086028715528916,-0.16944622561473266,0.3641658280065698,0.314194199028413,-0.3503107534852991,-0.13314775979450325,22.2
0.0,1.2237754316221157,0.8185394166241202,0.0,0.18318399999999999,0.023787319019068477,4.661512544208334,0.9317271750694006,0.0,0.41244079336184186,0.7345877791403959,0.18028391227075058,1.092216405708846,-2.9552796207405345,-1.4729304151178608,0.2500255295118612,0.562221924937123,-0.5414382749816024,-0.630837314812949,-1.1969297832773904,23.7
0.0,1.0152306797290584,0.5916227096777408,0.0,0.18576099999999998,0.9689819148795593,0.07926613933012544,1.0904163945316196,0.0,0.21549389608742384,0.08861487281347316,0.15976958247176526,0.0004594267333297664,-1.5776080554354837,-0.3372149822200154,-0.732856257486169,1.4397996786649383,-0.00863244508716584,-0.29067255254198626,0.40685689430405886,17.6
0.0,1.0152306797290584,0.5916227096777408,0.0,0.18576099999999998,0.9356495330120188,0.003333019705466545,1.0904163945316196,0.0,0.21549389608742384,0.08861487281347316,0.30417559470987854,0.6612545062777414,-1.4691003109414293,-0.30135527331022943,-0.9377043087206277,1.7230845146973148,0.23393797008147577,-0.21489767509763738,0.476725182881625,18.5
0.0229118987505517,1.0152306797290584,0.5916227096777408,0.0,0.18576099999999998,0.0631994106623155,1.4311692436287993,1.1063448680077628,0.0,0.21549389608742384,0.08861487281347316,0.3126245925792135,0.23926950384480433,-2.127105718636825,-0.7619020510890216,-0.17170142581870704,1.314321398644666,-0.8952771357434705,-0.36628633645775877,-0.30076677688000564,24.3
0.0,1.0152306797290584,0.5916227096777408,0.0,0.18576099999999998,0.006964136891166645,0.14247684510586242,1.1063448680077628,0.0,0.21549389608742384,0.08861487281347316,0.19327868078666818,0.12286214601895792,-1.7741267895934505,-0.4486163589833728,-0.3349833619326182,0.7831664996202544,-0.38840735532061266,-0.16084758350868344,0.6559280010221042,20.5
0.0,1.0152306797290584,0.5916227096777408,0.0,0.18576099999999998,0.04458913263082666,0.4786618996038942,1.069710543980464,0.0,0.21549389608742384,0.08861487281347316,0.18028391227075058,0.19249203971768744,-2.047729086112951,-0.6652143666428361,-0.13263133534503438,0.8059973782827465,-0.8372790605032675,-0.3605411299500651,0.1525368230898725,24.5
0.0,1.0152306797290584,0.5916227096777408,0.0,0.18576099999999998,0.38042706824162753,3.2922545353945187,1.069710543980464,0.0,0.21549389608742384,0.08861487281347316,0.34075076782041824,0.7280242130306114,-2.4735797518838867,-0.9530621627354655,0.2713563114931365,0.7980805701920891,-1.4794298557054668,-0.3653491396382341,-0.4520325557643865,26.2
0.0,1.0152306797290584,0.5916227096777408,0.0,0.18576099999999998,0.08295373559963722,3.897945232404109,0.9971051108145811,0.0,0.21549389608742384,0.08861487281347316,0.36034549860691356,0.894285286911882,-2.4516903252991176,-0.9029282636853543,0.21465122114967228,0.9711504786811112,-1.4229335283618936,-0.3593689893406591,-0.6588560735891457,24.4
0.0,1.0152306797290584,0.5916227096777408,0.0,0.18576099999999998,0.04764512859616767,4.494296821047361,0.9971051108145811,0.0,0.21549389608742384,0.08861487281347316,0.20164009643233785,1.6107363992573083,-2.501141020617083,-0.9733132255712044,0.26549232921315286,0.9255038781777905,-1.5744556023128755,-0.5682268829199453,-0.8176496604991178,24.8
0.0,1.0152306797290584,0.5916227096777408,0.0,0.18576099999999998,0.9157427805780688,4.81617715381272,1.2318375031998006,0.0,0.21549389608742384,0.08861487281347316,0.2793033374484356,1.6321340408864082,-2.826793114879654,-1.1930019337920754,0.49939713142156467,0.720612645645749,-1.9799708910355769,-0.5656387230358408,-0.6709895236235002,29.6
0.03079460670370659,1.0152306797290584,0.5916227096777408,0.0,0.18576099999999998,7.896191502216242,4.569925351392758,1.2318375031998006,0.0,0.21549389608742384,0.08861487281347316,0.36507072700873877,1.6285579623524868,-3.0319348359023492,-1.4221366462876617,1.1546410605030266,-0.45310363987154884,-2.5223304004113447,-0.3109285029236479,-0.06628958376815071,42.8
0.0,2.0014800002101243,1.1941433333748899,0.0,0.15366400000000002,0.0631994106623155,1.6882807063984684,1.2743707489372051,0.0,0.3060461370096342,0.9014781683859572,0.3341067877219987,0.7256364919001493,-4.614943095067016,-4.2432730391904725,-1.7304628467701346,0.7157374924809959,0.5936284662237681,0.12793087050008364,-0.0425121204055997,21.9
0.0,2.0014800002101243,1.1941433333748899,0.0,0.15366400000000002,0.3382457409660183,3.089215501419494,1.2743707489372051,0.0,0.3060461370096342,0.9014781683859572,0.351906683874522,0.2270986182601527,-4.590758113390433,-4.261788507339008,-1.918875409429259,1.1383250950535202,0.6890878882886436,0.009474551204849998,-0.3061711130167514,20.9
0.0,2.1041341542702074,1.1593571717144535,0.0,0.155236,2.7698940203410856,1.491287066257992,0.7915190408581885,0.0,0.9496240520760163,1.3933789467939122,0.28137226090812656,1.7858708796917158,-5.025043909119633,-4.757471260226453,-1.180592231177422,-1.2582034554418284,0.43719055034684423,0.5623327649503591,0.6373704336407681,44.0
0.09417824510162985,0.9555114450274363,1.0913274142072642,0.0,0.418609,11.856746180259726,0.42380979009603875,0.0,0.0,0.7324250235615297,6.350099404986976,0.3087710490267009,1.1128014396194867,-2.237652830862259,-0.43507587472807424,2.17702342120534,-3.473643627953182,0.8977048967574204,0.4477998697596684,0.5313229196175683,50.0
0.10724918415949615,0.9555114450274363,1.0913274142072642,0.0,0.418609,2.2263223710515234,1.246325952179273,0.0,0.0,0.7324250235615297,6.350099404986976,0.2558341481499894,0.46376106711303666,-1.7731925200650456,-0.12846593509740264,1.3755124036860018,-2.2460661920844482,1.7795168141531585,0.31722990573893733,0.2662976385274259,36.0
0.10553358649641659,0.9555114450274363,1.0913274142072642,0.0,0.418609,0.6292784474181279,1.246325952179273,0.0,0.0,0.7324250235615297,6.350099404986976,0.32654953136084397,0.6490419206785415,-1.7360305719215936,-0.0703226319753796,1.2092230810115487,-1.7758823571894846,1.9364100665102815,0.347652946187543,0.003473019886978726,30.1
0.07592950989734223,0.9555114450274363,1.0913274142072642,0.0,0.418609,1.708416444108452,0.22073753364148765,0.0,0.0,0.7324250235615297,6.350099404986976,0.3334007161278491,0.18398667842307145,-1.8957235020305518,-0.2082723977369029,1.2918835331268392,-1.845005181071644,1.700314381248753,0.22737679530600852,-0.09740409226506751,33.8
0.07438395940026402,0.9555114450274363,1.0913274142072642,0.0,0.418609,3.091388110580522,0.5473340617587191,0.0,0.0,0.7324250235615297,6.350099404986976,0.2980152860985484,0.5703552953813017,-1.969235106877207,-0.23561187708972767,1.5101026072719623,-2.2897292319709885,1.521766517992527,0.28840616025893123,0.11574348249529064,43.1
0.07076749435212633,0.9555114450274363,1.0913274142072642,0.0,0.418609,9.04714995978309,0.6632859027351038,0.0,0.0,0.7324250235615297,6.350099404986976,0.2856619591847643,0.8916387156539339,-2.1827308487164614,-0.383550484654532,1.9627550004969163,-3.144530486292345,1.0754693774631803,0.37763998403730975,0.502044057309864,48.8
0.14687069451662194,0.9555114450274363,1.0913274142072642,0.0,0.418609,2.2009119435446918,0.8482408336879033,0.0,0.0,0.7324250235615297,6.350099404986976,0.33825468289454963,0.03860370119409461,-1.7115739316686733,-0.16565046572527714,1.2724994341532183,-2.016412214921199,1.8892189367754142,0.33620158199878725,0.26185963878951307,31.0
0.07849413050149308,0.9555114450274363,1.0913274142072642,0.0,0.418609,1.7195963500587785,0.6690850711057741,0.0,0.0,0.7324250235615297,6.350099404986976,0.2941049206791742,0.40651990669578275,-1.8372552461794787,-0.14490133152705395,1.324961895877555,-2.0268604981077383,1.7500769906252804,0.27944898107506244,0.051396167145391705,36.5
0.1314685263999245,0.9555114450274363,1.0913274142072642,0.0,0.418609,1.0636540421568434,0.042088887766365005,0.0,0.0,0.7324250235615297,6.350099404986976,0.3302565743954636,0.09517620420333625,-1.6424215520434309,-0.1042703625817861,0.5716632890714386,-0.1387606614776206,2.260264916229531,-0.08656607523038479,-1.1670745776596219,22.8
0.1373243072486578,0.9555114450274363,1.0913274142072642,0.0,0.418609,1.0775888361150978,0.3241005490574968,0.0,0.0,0.7324250235615297,6.350099404986976,0.2624275322158729,0.08954839194242213,-1.611046860235177,-0.14861629994353215,0.9655284742919948,-1.5477634327758196,2.0922273159193074,0.10760193917834643,0.060819928163957045,30.7
0.08573780493021627,0.9555114450274363,1.0913274142072642,0.0,0.33062499999999995,8.203067604974613,0.0031302927433112435,0.0,0.0,0.7324250235615297,6.350099404986976,0.2663795803185413,0.5329180609441713,-2.3068876018498243,-0.543787292736203,1.9134205553864383,-2.761411311708162,0.9036750253794458,0.13521437570354936,0.03734290376761183,50.0
0.07603005561575843,0.9555114450274363,1.0913274142072642,0.0,0.33062499999999995,2.8462114686730424,0.32207327943594416,0.0,0.0,0.7324250235615297,6.350099404986976,0.3135856626488305,1.7672060926963926,-2.4638217214590252,-0.6027996983719858,1.7685745347913941,-1.9131995336656593,0.8260814413307387,-0.011898135262970769,-0.7746976912786468,43.5
0.0,0.9555114450274363,0.37067218956283243,0.6931471805599453,0.21529600000000002,0.2693256779894067,0.06317119485684393,0.056526708781055646,0.0,1.2079948535389557,0.004452867524403828,0.321876471425618,0.01948990270382348,-1.5534874903358677,0.13130366085556816,-0.03359214284069758,0.8326012515397422,0.6037840242421506,-0.022579604897305566,0.47682879505568365,20.7
0.011793755287906887,0.9555114450274363,0.37067218956283243,0.0,0.21529600000000002,0.37216586302015914,0.8846001936986381,0.2631837778013963,0.0,1.2079948535389557,0.004452867524403828,0.3002892910278945,0.0023603428240592216,-1.7245700854114872,-0.09910756475228927,0.013762373716033,1.168814536800436,0.30175147925943246,-0.2658882597655279,0.05919521742681436,21.1
0.0,0.9555114450274363,0.37067218956283243,0.0,0.21529600000000002,0.004035540144564561,3.448774316190477,0.2631837778013963,0.0,1.2079948535389557,0.004452867524403828,0.36507072700873877,0.7208728155541114,-2.2468534263025903,-0.3804672520976364,0.5576931321051853,0.8694443287612108,-0.5053019709292814,-0.2992496847268488,-0.49639391303123853,25.2
0.0,0.9555114450274363,0.37067218956283243,0.0,0.21529600000000002,0.13003428021698443,0.1230676340563997,0.056526708781055646,0.0,1.2079948535389557,0.004452867524403828,0.3502103415188783,0.4752753402381162,-1.8858605018091474,-0.06351226588211967,0.5257085932068687,0.15515941882861461,-0.035686125510209464,0.07038494494268249,0.5077752943735585,24.4
0.0,0.9555114450274363,0.37067218956283243,0.6931471805599453,0.21529600000000002,4.0064432314639316,0.3551389249148893,0.24010654723099714,0.0,1.2079948535389557,0.004452867524403828,0.31734098544895534,0.7232526927413161,-2.2241524689207584,-0.3537684047482581,1.1353949084002743,-0.863542073735114,-0.7003973366476329,0.09345172119974421,0.8327417660725311,35.2
0.0,1.4350845252893227,0.4747200920632699,0.6931471805599453,0.19980900000000001,0.453895552345182,1.6062157945390514,0.12591541952968746,0.0,0.8375040010565514,0.15616373677794596,0.36507072700873877,1.6321340408864082,-2.9073371075915526,-1.4997911198201124,0.1513165491435925,-0.34197029438031756,-0.17577678270609082,0.2354869617007097,-0.08732383556024226,32.4
0.0,1.4350845252893227,0.4747200920632699,0.0,0.19980900000000001,0.6566666853452853,0.8384407010636332,0.20234851149631403,0.0,0.8375040010565514,0.15616373677794596,0.36507072700873877,1.8348581965600994,-2.8780745360066233,-1.490121714080257,0.18173926886941064,-0.4661853273007424,-0.17448387924810863,0.28382122986074687,0.13890205522836838,32.0
0.0,1.4350845252893227,0.4747200920632699,0.6931471805599453,0.19980900000000001,1.9548292075205278,0.4835902000352667,0.3860611892607897,0.0,0.8375040010565514,0.15616373677794596,0.30514481530807136,0.8549985250636618,-2.8548440637521937,-1.5219213248311736,0.20270408413946808,-0.7920251237752688,-0.1498756057980021,0.2612509660299451,0.531441923144051,33.2
0.0,1.4350845252893227,0.4747200920632699,0.6931471805599453,0.19980900000000001,0.5936682840939832,2.1189180683278126,0.41017205683266994,0.0,0.8375040010565514,0.15616373677794596,0.3384889557073512,1.4145007038399733,-3.021171012094399,-1.6214009710887454,0.14809863932649006,-0.2250726745660676,-0.31226297296085664,0.09971240406500677,-0.15075182370460388,33.1
0.0,1.4350845252893227,0.4747200920632699,0.0,0.19980900000000001,0.07890517545964312,1.6790614184462784,0.15183005706628358,0.0,0.8375040010565514,0.15616373677794596,0.36507072700873877,0.5852573924021309,-2.742935236244823,-1.4423452111137884,-0.15083409448233753,0.08662992074725329,0.10111970135534878,0.1451263729110555,-0.08730060304308034,29.1
0.0,0.9555114450274363,1.2949434813730578,0.0,0.19616041,0.5633601604779178,1.669867371597152,0.13554122605503324,0.0,1.3010187060805567,2.6972153834415056,0.36507072700873877,1.1940010411094772,-2.605205713845197,-0.6131545669840425,1.3460672800679687,-0.47309740312062165,0.33609762822061084,-0.2832987659783147,-0.8550700674189103,35.1
0.0,0.9555114450274363,1.2949434813730578,0.0,0.19616041,4.775140285165352,0.020956198236964492,0.3557470737848915,0.0,1.3010187060805567,2.6972153834415056,0.2893594032796575,1.550876493428246,-2.66443490508462,-0.5935459011603976,1.7192383714340036,-1.67732917522106,0.14628297695852818,-0.0681384012941548,0.17974634338207202,45.4
0.0,0.9555114450274363,1.2949434813730578,0.0,0.19616041,0.9459512554588151,1.2423474355469748,0.523805653688,0.0,1.3010187060805567,2.6972153834415056,0.3289173148522098,1.2748954884037809,-2.75483707386346,-0.6948225566775432,1.3675654721057908,-0.5140371405013575,0.1934591573298449,-0.3673965909263085,-0.7181710061560365,35.4
0.0,0.9555114450274363,1.2949434813730578,0.6931471805599453,0.19616041,3.748640616003377,0.44962216017999523,0.5145373472218956,0.0,1.3010187060805567,2.6972153834415056,0.20164009643233785,1.8234946015545053,-2.806349146733996,-0.7282005846814081,1.6939397860615302,-1.3951213065873496,-0.01801756165028534,-0.31123251029548793,-0.22482432508160421,46.0
0.0,2.1041341542702074,2.093744859356001,0.6931471805599453,0.16080100000000003,5.4373108712129605,2.4184030578073537,0.6893996681305878,0.0,1.5560653137603844,5.030138944881196,0.35452265690988977,1.7672060926963926,-5.54925097809468,-4.970722929975652,-0.3924462378280199,-1.9013659577176316,0.9758072531550424,0.4694941548770911,0.2916736497695506,50.0
0.0,2.1041341542702074,1.4171266058332417,0.0,0.16000000000000003,1.3073413333936712,2.8805666572303794,0.9813171702481807,0.0,0.5346778651440469,2.124475228009399,0.3483564984405407,0.452387984966586,-5.098168854495074,-4.868982769795482,-1.4545853125272346,-0.5553899872389122,0.7841334055353822,0.3645176858761904,0.20543340004229324,32.2
0.0,1.6863989535702288,1.6780148819811669,0.0,0.151321,0.057420808844019726,1.697525235453722,0.9813171702481807,0.0,0.41244079336184186,2.124475228009399,0.3483564984405407,0.3836372329872241,-3.846645144130594,-2.760006123857644,-0.4505183548842946,0.24039944232331834,0.7125546046487587,-0.1189447089795129,-0.3638647890820654,22.0
0.0,2.0014800002101243,1.8681614685047023,0.0,0.148225,0.006046369316655508,1.7347557627053714,1.2568093238238844,0.0,0.9846330767191223,0.013931634452751989,0.0,0.0015039578412558772,-4.381618920342633,-4.153051843720221,-2.0405202691509334,1.0629802901728072,0.4216844532703557,-0.45752808429174474,0.9234670078252291,20.1
0.0,1.6486586255873816,0.7189060818746265,0.0,0.16402500000000003,0.011587802981514485,1.7535224729495789,0.9830778225545722,0.0,0.4675132596066935,0.7345877791403959,0.36507072700873877,0.5960194065658664,-3.4209544764211985,-2.508157654599905,-0.8096175744561517,0.49468778210434283,0.20241054919146212,0.032436443690018836,-0.46307720783398354,23.2
0.0,1.6486586255873816,0.7189060818746265,0.0,0.16402500000000003,0.00186778383023599,0.6661708710247922,0.9830778225545722,0.0,0.4675132596066935,0.7345877791403959,0.36507072700873877,0.5007072955052515,-3.3136905244853296,-2.4223121360408038,-0.8197113151341399,0.28074249979532256,0.3456586263978381,0.14958945522002906,-0.12370094031282815,22.3
0.0,1.6486586255873816,0.7189060818746265,0.0,0.16402500000000003,0.15922527473600384,2.632895167472096,0.9830778225545722,0.0,0.4675132596066935,0.7345877791403959,0.15255480306804944,0.19372277921771833,-3.4340506532886272,-2.6063860042397704,-0.7948605539427918,0.23951041598329764,0.07140485459361652,-0.2580953493235103,-0.35642659473947985,24.8
0.0,2.0014800002101243,0.8132727836159065,0.0,0.168921,0.6729125677454363,2.088004102176035,0.48713969339940255,0.0,0.93809519866547,0.11824866906455359,0.36507072700873877,1.7044792256068386,-4.2139548997751435,-3.8566601386174577,-1.4353692053189009,-0.22529399466777006,-0.36424998908197603,0.6771768614635663,0.8913879652308149,28.5
0.0,2.0014800002101243,0.8132727836159065,0.0,0.168921,1.5099132970269207,2.1085881718408226,0.48713969339940255,0.0,0.93809519866547,0.11824866906455359,0.36507072700873877,1.6214175711995291,-4.255554862387236,-3.9063029211874545,-1.3080448769748938,-0.479868110172969,-0.4788431786283781,0.7040630820469608,1.0243578194493592,37.3
0.0,2.0014800002101243,0.8132727836159065,0.0,0.168921,0.24161322538379226,2.575566436847832,0.48713969339940255,0.0,0.93809519866547,0.11824866906455359,0.36507072700873877,1.2403473518891401,-4.159993302037472,-3.8366951300402223,-1.5914854650827368,0.07216286909819798,-0.24235043714897808,0.6095171138221801,0.7479585567257769,27.9
0.0,0.0,0.164589669862227,0.0,0.190969,0.0503343473989629,3.1772499840370627,0.5938598784449344,0.0,0.5005322764934147,1.286464527650143,0.36507072700873877,0.3253244907091116,-1.509322281974874,0.7205892370031959,0.963545994382909,0.6480486656884525,0.033571956571194064,-0.5169780363873423,-1.7658652199374154,23.9
0.0,0.0,0.164589669862227,0.0,0.190969,0.15389670153050813,0.8712855617161759,0.5938598784449344,0.0,0.5005322764934147,1.286464527650143,0.36507072700873877,0.09954540461248688,-1.2413640965830128,0.9231692036042145,0.7616003549416991,0.5956333765288154,0.45757450609453976,-0.3590061143053273,-1.2950136490621436,21.7
0.0,0.0,0.164589669862227,0.0,0.190969,0.31344063589090965,1.7723901476060395,0.7072110191246344,0.0,0.5005322764934147,1.286464527650143,0.36507072700873877,0.7989741834724368,-1.6331074495040188,0.6427045165899283,1.2855823263562023,0.023472182785804332,-0.22853067509640318,-0.3842674447766525,-1.3626142336941733,28.6
0.0,0.0,0.164589669862227,0.0,0.190969,0.14157039476721603,0.3898200009899066,0.7072110191246344,0.0,0.5005322764934147,1.286464527650143,0.33379303967077795,0.5431898286543344,-1.4235934871039402,0.8220005346216932,1.10240593304219,-0.019318011717223464,0.1148208182097228,-0.29335854844049897,-0.9938543932587566,27.1
0.0,0.0,0.164589669862227,0.0,0.190969,0.49559980509541496,0.14113377898158355,0.7880482504135528,0.0,0.5005322764934147,1.286464527650143,0.36507072700873877,0.19916881661967192,-0.9802280656257013,1.033952481268973,0.36568017188613444,0.9538719061511168,0.9430116211309242,-0.3653393638682759,-0.9209585626392124,20.3
0.0,1.8870696490323797,1.6817934367408878,0.0,0.16000000000000003,0.007381450998702798,2.965597448583376,1.0699223456539098,0.0,0.08885030898311312,2.851068251627254,0.11928240028278372,1.1575593518895757,-4.2970544722746835,-3.83162028518117,-1.1743088418704897,-0.03326901515521228,0.5072438932736719,-0.1897074401271885,-0.86548047443204,22.5
0.0,1.8870696490323797,1.6817934367408878,0.0,0.16000000000000003,1.1588469113387763,4.330135271357087,1.0699223456539098,0.0,0.08885030898311312,2.851068251627254,0.15123741412315309,1.2279020523054012,-4.525682511865037,-4.005508190505541,-0.8075082379023502,-0.5814646376225371,0.07528119298789587,-0.16039887085567808,-0.7599371961217712,29.0
0.0,1.8870696490323797,1.6817934367408878,0.0,0.16000000000000003,0.6964653301735957,0.5658757969538806,1.0699223456539098,0.0,0.08885030898311312,2.851068251627254,0.3180584838055109,0.8498269636682514,-4.193958321364595,-3.6961480893989775,-0.9989416543848184,-0.6657701860027451,0.6552395756095596,0.2878485728354009,-0.0899771360083944,24.8
0.0,1.3137236682850553,0.5411723472168251,0.0,0.187489,0.18888730688931454,1.0018510036943453,0.5909711204127627,0.0,0.2210378370021935,1.1838172402374612,0.3562884132286651,0.19495744068937776,-2.5248629646885554,-1.275492900035825,-0.11983311952347687,-0.16725507615112914,0.2740646021947685,0.05348645287357454,-0.506662708573679,22.0
0.0,1.3137236682850553,0.5411723472168251,0.0,0.187489,0.08964209850559508,3.1772499840370627,0.5909711204127627,0.0,0.2210378370021935,1.1838172402374612,0.25854438732072427,0.3111063359343415,-2.6729645665965243,-1.4374867121215185,-0.09164361597532292,0.0604734874001018,0.016160365916788627,-0.2376720000862427,-0.9886887212690915,26.4
0.0,1.3137236682850553,0.5411723472168251,0.0,0.187489,0.9851073797175045,3.2665212807047492,0.5909711204127627,0.0,0.2210378370021935,1.1838172402374612,0.3146257806273687,1.1909426628305277,-2.9061445025509274,-1.5579065822684297,0.3257820722396223,-0.48111859069949525,-0.40585672638391895,-0.09959665238438029,-0.922040775869273,33.1
0.0,1.2919836816486494,1.7045540046438048,0.0,0.22278399999999998,1.8334007943230668,0.9526878197947682,0.10235967375973262,0.0,1.2210727431248798,0.0006579875263997037,0.34028322623434043,0.642290564308157,-2.654977218018786,-1.1687249852565686,0.5078336354453475,-0.47014740486843826,-0.5862985497643768,0.10467955157338531,0.6175991396739229,36.1
0.0,1.2919836816486494,1.7045540046438048,0.0,0.22278399999999998,0.22242182052383958,0.1384771778259378,0.0,0.0,1.2210727431248798,0.0006579875263997037,0.3377859725533768,0.27181616367600925,-2.2653676765038444,-0.8692024504380107,0.09417589154541012,-0.09228583898232662,0.052051032982066314,0.20682351323515233,0.7508574830901654,28.4
0.0,1.2919836816486494,1.7045540046438048,0.0,0.22278399999999998,2.61116303262937,0.01395363783011388,0.0,0.0,1.2210727431248798,0.0006579875263997037,0.36507072700873877,0.749690191928054,-2.3652389371266174,-0.8993135509100041,0.5543107296584482,-1.0687343670107552,-0.24255436481107126,0.4693755549780587,1.2954449321255894,33.4
0.0,1.2919836816486494,1.7045540046438048,0.0,0.22278399999999998,0.645184022101257,0.0037558331235837852,0.0,0.0,1.2210727431248798,0.0006579875263997037,0.36507072700873877,0.5146759632784786,-2.2469568186995414,-0.815500041184858,0.24323021477873477,-0.48128724123176936,0.03586466991059327,0.38376534716998667,1.0429223445849782,28.2
0.06370390661133378,0.0,0.0325005750382652,0.0,0.29593600000000003,0.2486597344594731,0.2447230664203132,0.0,0.0,0.3825198488258756,0.0006579875263997037,0.36507072700873877,1.2907560656846697,-0.8545668702067329,1.2014234777002664,1.1646206334515883,-0.38527328809753075,-0.21912444542968193,0.23494375185583768,0.3089761637222477,22.8
0.0255102248767225,0.0,0.0325005750382652,0.0,0.29593600000000003,0.19798669520601656,0.08331738625544118,0.0,0.0,0.3825198488258756,0.0006579875263997037,0.3600398770772618,0.1411680028518773,-0.5982857203711014,1.3711881190932902,0.615095771026944,0.40941815404269555,0.31152470902468876,0.09528197325801487,0.09068628596887042,20.3
0.507863552960384,0.0,0.0325005750382652,0.0,0.29593600000000003,3.484882215170568,1.195285548535644,0.0,0.0,0.3825198488258756,0.0006579875263997037,0.0,3.3463883319748807e-06,-0.05308448114169627,0.9337089258860334,0.27696410417113804,1.6252488382670096,0.5282382290286571,-0.7140088032475265,-0.9411640165724225,16.1
0.13846568767939657,0.0,0.0325005750382652,0.0,0.29593600000000003,0.05357809548090967,0.31405927909684433,0.0,0.0,0.3825198488258756,0.0006579875263997037,0.36507072700873877,0.8732225320538975,-0.810792586202007,1.1110205907020914,0.9864986230497895,0.31094226966542715,-0.18828610443674992,0.0018844039404993273,-0.4286185496365708,22.1
0.001439838030730692,0.0,0.0325005750382652,0.0,0.29593600000000003,0.13866030901820858,0.6011609634599264,0.0,0.0,0.3825198488258756,0.0006579875263997037,0.36049827435218024,0.01707248000166075,-0.4316250567894215,1.5196553269896975,0.5169448617619469,0.24705521522481508,0.5658781041814732,0.21542980351465382,0.44335360605333707,19.4
0.0035735421264608156,0.0,0.0325005750382652,0.0,0.29593600000000003,0.0007033844348326521,0.25538119701433565,0.0,0.0,0.3825198488258756,0.0006579875263997037,0.3380203551851357,0.4430182707309962,-0.7018191740017728,1.3400698307387455,0.809093510667325,0.030485476119319562,0.12537479047543973,0.14498994694261008,0.26846852742801586,21.6
0.030864732978229788,0.0,0.0325005750382652,0.0,0.29593600000000003,0.16150505781432145,0.44251354723339464,0.0,0.0,0.3825198488258756,0.0006579875263997037,0.3558280816519262,0.2231122518879167,-0.7034571364184468,1.2910879230539367,0.8849336689577998,-0.18212185006061687,0.08749630407230645,0.1965025608709431,0.5282769777072419,23.8
0.0,0.0,0.0325005750382652,0.0,0.29593600000000003,0.6805668652507886,0.10508808706583733,0.06879314836490094,0.0,0.3825198488258756,0.0006579875263997037,0.3614144389990348,0.026072381766217245,-0.6004473782953118,1.3671420694081364,0.39712712410290774,0.8227768850530904,0.43514167073230037,-0.0027856329657180478,0.02372877438122869,16.2
0.01703334210433395,0.0,0.0325005750382652,0.0,0.29593600000000003,0.2782620222079191,0.26994541324925664,0.09227758565188454,0.0,0.3825198488258756,0.0006579875263997037,0.3167825750401556,0.6319788792978204,-0.3617676973580882,1.4328968904481485,0.16109730748118067,0.786140350782414,0.7656017891124883,-0.04580540985141969,0.46348970626267444,17.8
0.0,0.0,0.0325005750382652,0.0,0.29593600000000003,0.5117606746182056,0.012325536798906765,0.10650938137611735,0.0,0.3825198488258756,0.0006579875263997037,0.36507072700873877,0.21186399075155746,-0.5311026151711413,1.358901774292916,0.24733187553412814,0.9598958683941735,0.5600523673127089,-0.07329967107208299,0.09235580090288249,19.8
0.03967756881375989,0.0,0.0325005750382652,0.0,0.29593600000000003,0.01920320497375408,0.0023857300865370106,0.0,0.0,0.3825198488258756,0.0006579875263997037,0.35213778049420874,0.10311136042912201,-0.7751145731498053,1.1954739953210647,0.8089416873601208,0.19513151551496782,0.0014070732357401178,0.01755224875835133,0.09663091236433871,23.1
0.05912342942521429,0.0,0.0325005750382652,0.0,0.29593600000000003,0.05967207281618154,0.12058772062219955,0.09370559017738482,0.0,0.3825198488258756,0.0006579875263997037,0.3599634570981622,0.00011607594439137656,-0.7521239087616847,1.1467766131496178,0.6040087550047826,0.6733529039394592,0.10256647017746912,-0.11866238906336035,-0.11574827097054333,21.0
0.0,0.0,0.2998736440789566,0.0,0.243049,0.04048089213786128,0.3342835882175714,0.3030407015550731,0.0,0.517464249348242,0.2794551713797694,0.36507072700873877,0.5831167554842696,-1.1552835275538575,0.9796527664853635,0.9613948398486668,0.6026301063646953,-0.8673988408463394,-0.1615739682180347,0.07558035006376941,23.8
0.0,0.0,0.2998736440789566,0.0,0.243049,0.016909394530477254,0.25717251719420764,0.3030407015550731,0.0,0.517464249348242,0.2794551713797694,0.36507072700873877,0.6558285747935836,-1.1380188269243283,0.994698052883302,0.9493064693175621,0.6207648342674769,-0.8398545458569829,-0.1491605077741581,0.08051157401539266,23.1
0.025981923318358954,0.0,0.2998736440789566,0.0,0.243049,0.12023743081790383,0.440144175863205,0.3644930000611896,0.0,0.517464249348242,0.2794551713797694,0.36507072700873877,0.48108542341764177,-1.0691700341252037,0.9778916999779943,0.7848311930010511,1.0308571705112146,-0.7154714440378634,-0.2370939066681046,-0.12919111039902983,20.4
0.0075954800810692485,0.0,0.2998736440789566,0.0,0.243049,0.6735403083403347,0.04136607436045171,0.3644930000611896,0.0,0.517464249348242,0.2794551713797694,0.3202078952133658,0.01634843443305972,-0.6863508436739989,1.2504507817177843,0.35969151705267366,1.2218121423272745,-0.07590982059858148,-0.16968289839600084,0.3370921169676457,18.5
0.023254384288302538,0.0,0.2998736440789566,0.0,0.243049,0.034426162601122086,1.0232995561972613,0.3644930000611896,0.0,0.517464249348242,0.2794551713797694,0.36507072700873877,0.836966694683226,-1.2708923260972826,0.8375381130345031,1.0544398270332733,0.724995716475385,-1.0760108146894487,-0.26247800522929915,-0.2049047018792792,25.0
0.0,0.0,0.2998736440789566,0.0,0.243049,0.04339509322110901,3.6631213643380076,0.5708347897249026,0.0,0.517464249348242,0.2794551713797694,0.34028322623434043,1.1246505995156817,-1.604430732921168,0.6024221883551355,1.1427974782107722,1.002300681824465,-1.5039612644362228,-0.5369673618649154,-0.7360362498681811,24.6
0.012977872596169466,0.0,0.2998736440789566,0.0,0.243049,0.0015169555894926586,1.986598220035912,0.5708347897249026,0.0,0.517464249348242,0.2794551713797694,0.36507072700873877,0.8292975969517538,-1.4209840596736205,0.7127829398284004,1.0213237483394533,1.030010191810262,-1.2288090411011705,-0.4159352901461151,-0.4815552556825914,23.0
0.0,0.0,0.2998736440789566,0.0,0.243049,0.08235533077255332,0.7809101413820652,0.5708347897249026,0.0,0.517464249348242,0.2794551713797694,0.36507072700873877,0.0003677177050503824,-1.0587487318295912,0.93644979036787,0.5684004093384265,1.311721538608869,-0.6056549520620425,-0.37213553250269105,-0.07104917469168069,22.2
0.0,0.0,1.3249729491372428,0.0,0.2116,0.3516193282350893,2.3091724337175057,0.5153035400112886,0.0,0.016674017594843653,0.5162556832552275,0.24859920170807268,0.1411680028518773,-1.3949039669185326,0.6265043353128273,0.7532025210108019,1.0050651971521865,-0.2808071218861542,-0.709538949635568,-1.3711927716214414,19.3
0.0,0.0,1.3249729491372428,0.0,0.2116,0.004738445637999669,3.3310437257021492,0.5153035400112886,0.0,0.016674017594843653,0.5162556832552275,0.1848467619486824,0.5535596456552118,-1.6239318814277794,0.46256049762173584,1.0913194499889036,0.5495636892798743,-0.7244008929135874,-0.7800766690422746,-1.4109309929466445,22.6
0.0,0.0,1.3249729491372428,0.0,0.2116,0.04006319371895619,1.669867371597152,0.6866788815853848,0.0,0.016674017594843653,0.5162556832552275,0.12248548317268358,0.2489553785996228,-1.478843911860189,0.5473395881848949,0.8542757852185413,0.7231440990881879,-0.4434369890676261,-0.8161536904186626,-1.1532238353349935,19.8
0.0,1.33500106673234,0.5476253444989543,0.0,0.19175641000000002,0.6782206283316246,2.0369856473176786,0.8550110261484195,0.0,0.3825198488258756,0.5162556832552275,0.34292974288823086,0.0009757318205292592,-2.659004501333802,-1.2878356332360807,-0.5206594399789968,1.3273165074837114,0.6041747893362157,-0.3291289903313555,-0.616404613144069,17.1
0.0,1.33500106673234,0.5476253444989543,0.0,0.19175641000000002,0.13031031185758585,2.586981700766558,0.8550110261484195,0.0,0.3825198488258756,0.5162556832552275,0.05928393399536553,0.45616332446222185,-2.8569887099062976,-1.4399768402067559,-0.2335023181140113,0.8317678817138081,0.1519537769368761,-0.6149783564409936,-0.6919823669370834,19.4
0.0,0.0,0.7513990292084449,0.0,0.265225,0.0019928291418414047,1.172095359921337,0.8174980177497917,0.0,1.1949873746882762,0.6492788767852629,0.3088514828334416,0.9535021134087708,-1.6419323333333489,0.6891253762021036,1.122797787921954,1.2875232460478476,-1.3799464068049538,-0.596639835490969,-0.004301329186528871,22.2
0.0,0.0,0.7513990292084449,0.0,0.265225,0.0013033265073913258,1.1415284838784858,0.8174980177497917,0.0,1.1949873746882762,0.6492788767852629,0.30635502153254,0.6833281687003233,-1.6051260170243364,0.7073179542896526,1.068304693731079,1.3214203048068591,-1.3160227657776928,-0.604602791261682,0.03771844040323575,20.7
0.0,0.0,0.7513990292084449,0.0,0.265225,0.12421796784563056,1.4653708385128135,0.7130240152128756,0.0,1.1949873746882762,0.6492788767852629,0.36507072700873877,0.4227500329160142,-1.503509745546011,0.7876802189206212,0.9233981974480917,1.599198309560298,-1.1269893622037193,-0.5597444853226695,-0.11665196646895684,21.1
0.0,0.0,0.7513990292084449,0.0,0.265225,0.3499334503382469,0.6261954486403769,0.5199731165075673,0.0,1.1949873746882762,0.6492788767852629,0.36507072700873877,0.15962365419802582,-1.239035382325355,0.9920842692272805,0.7438277412778034,1.5852177627834125,-0.7468437356665527,-0.4375574043369396,0.11357076924417188,19.5
0.0,0.0,0.7513990292084449,0.0,0.265225,0.30752262512360257,0.1016570928588878,0.6228836223392672,0.0,1.1949873746882762,0.6492788767852629,0.349052092399373,0.08590909680651948,-1.1551085745275311,1.0484854164624846,0.6734259705348283,1.516556303115068,-0.6032806844559889,-0.3903429565170281,0.4019638207992414,18.5
0.0,0.0,0.7513990292084449,0.0,0.265225,0.10312716809754938,1.2344406849540945,0.3940988681149334,0.0,1.1949873746882762,0.6492788767852629,0.3592754143584076,0.33660268594513343,-1.340377126224006,0.9290609210764956,0.9186717140028358,1.3840530705835226,-0.9604669180697238,-0.4510476747746528,-0.009268649437632365,20.6
0.0,0.0,0.7513990292084449,0.0,0.265225,0.18186361630115264,0.6778195902050552,0.3940988681149334,0.0,1.1949873746882762,0.6492788767852629,0.36507072700873877,0.16640802953903855,-1.2204459859071772,1.0066486071348313,0.8112070540327195,1.4200394807901,-0.7687539860881452,-0.39764078077484033,0.15537924688655375,19.0
0.0,0.0,0.7513990292084449,0.0,0.265225,0.20308538616110763,0.12810318423399128,0.3940988681149334,0.0,1.1949873746882762,0.6492788767852629,0.36507072700873877,0.2217913070404285,-1.128165570637276,1.0924694315295949,0.7886968234323981,1.3022448216434308,-0.6341284433705389,-0.29621699884432706,0.3852024279051499,18.7
0.0,1.33500106673234,1.9650170459927336,0.0,0.195364,1.8527226889056816,0.4688810220503402,0.9321759940570088,0.0,0.543390289144816,1.863707940679881,0.348511116695503,1.006171526059961,-3.3656006208408145,-1.6547034276529173,0.8075194301672326,-0.5343985323268412,0.13856937093432717,-0.1740430943097731,0.04792415137187926,32.7
0.0,0.0,1.8167200336689082,0.0,0.268324,0.13209529404864384,0.09940434935226014,0.7765149675852768,0.0,0.006668457304298793,1.3933789467939122,0.31086022825350207,0.31423847208289035,-1.6625092242731743,0.5916568340468726,1.2991688257687541,0.16660817699097205,0.04337814338569388,-0.5043834851532621,-0.6004410191378228,16.5
0.0,1.6863989535702288,1.149959276060746,0.0,0.234256,0.3427823765443188,0.18707218748856885,0.6522767045239592,0.0,0.051473062397072396,0.15616373677794596,0.36507072700873877,0.587401951291621,-3.107624131602258,-2.3804745657678286,-0.9087480174140955,-0.32210928413470624,0.09154554734262291,0.5015063922493288,0.5015910289717957,23.9
0.0,1.6863989535702288,1.149959276060746,0.0,0.234256,0.7036101589077789,2.0675209969235016,0.8189647337982381,0.0,0.051473062397072396,0.15616373677794596,0.29475771104409376,1.2685787112928255,-3.5100226257569993,-2.710957616473028,-0.6673410572792587,-0.221655709911763,-0.5244649288182329,0.17365812879210143,-0.05908844169473974,31.2
0.0,0.0,0.9671637406566012,0.0,0.195364,0.14836397892334102,0.5086103187380837,1.0997414454051058,0.0,0.11134111197933286,0.025316274446764226,0.2755684541615057,0.08838942607338117,-1.5133915369030218,0.6181319688709215,0.6578239158332311,1.5323123048882654,-0.7292881364707023,-0.7187123056555739,-0.2990714196815026,17.5
0.0,0.0,0.9671637406566012,0.0,0.195364,0.3028052991500967,0.3342835882175714,1.0997414454051058,0.0,0.11134111197933286,0.025316274446764226,0.08335424402821133,5.6251623612261545e-06,-1.349656793417392,0.6699943394210798,0.4456166039305623,1.6083627115402412,-0.5245909118840696,-0.9225443576738954,-0.18093755784752694,17.2
0.0,2.0541237336955462,1.037196520855449,0.0,0.18404099999999998,0.10843266660794605,2.1085881718408226,1.1790070213102326,0.0,0.115336016718725,0.06584559282544868,0.3304927282387282,0.7766022496818497,-4.5345227939810915,-4.4873156094053215,-2.058301784655787,0.33655782992316646,-0.10701870098475022,0.4076639620867429,0.346283779792492,23.1
0.0,2.0014800002101243,1.7698730561719744,0.0,0.189225,0.2486597344594731,1.907290873744395,1.1506657164192053,0.0,0.578944092500337,0.4520125814223479,0.3186958282283184,0.8706073365689782,-4.635685948009109,-4.2762688396599415,-1.4651185510812994,0.1951774152977352,0.1280491794381135,0.20932039239820976,0.3237893604965602,24.5
0.0,1.4350845252893227,2.076905346321649,0.0,0.18404099999999998,0.8673681154653939,1.4653708385128135,1.2158317256657547,0.0,0.18883035254224204,0.3304246262862948,0.30997687734781804,0.8969357801414589,-3.3525262879025277,-1.994873003938013,-0.07319304675567002,0.7474489907364028,-1.29678075916585,-0.2458033474614438,0.6565004735975657,26.6
0.0,1.4350845252893227,2.076905346321649,0.0,0.18404099999999998,0.08543148707178008,0.7375776522901869,1.2158317256657547,0.0,0.18883035254224204,0.3304246262862948,0.36507072700873877,0.8732225320538975,-3.1916176323061998,-1.8598786291781177,-0.2894208020619366,1.0975860062215734,-0.9799036212788342,-0.1479717666386446,0.6417216552595549,22.9
0.0,1.7578579175523736,1.8961581671290308,0.0,0.168921,0.17552406400125217,1.347432133633218,1.4548988206269484,0.0,0.00026873373784284396,0.005161245124031204,0.14367600093987046,1.006171526059961,-3.9291367799656562,-3.347242221211187,-1.2066048906423563,0.7158396141934003,-0.8762170857531167,-0.24922427919974333,0.18609422216066032,24.1
0.0,1.7578579175523736,1.8961581671290308,0.0,0.168921,0.3251314357670608,3.1645979060682197,1.4548988206269484,0.0,0.00026873373784284396,0.005161245124031204,0.32970533178635403,0.46376106711303666,-3.8954721539059194,-3.3212961139193977,-1.5283031116089965,1.6547734939253556,-0.6468594750578538,-0.2584145347374924,-0.40631740946763273,18.6
0.0,2.1041341542702074,1.765996763082461,0.0,0.16809999999999997,0.39818649691568736,1.3309876048708653,1.6007204649651856,0.0,1.7231576418362111,0.4520125814223479,0.26570799331607586,1.303515122998695,-5.464883886310211,-5.202191227413034,-1.6587222002864397,0.5777250220452709,-0.07568235010911367,-0.033275069482644075,0.6442535992997848,30.1
0.0,2.0014800002101243,1.8088697091600892,0.0,0.17056899999999997,0.7827671238136585,2.749445711450398,1.4409902779252457,0.0,0.19402223978078953,2.6804504469169883,0.25166980667029,0.4154974237685143,-4.212081973855575,-4.183356266577128,-2.6666947349435572,2.318127367589406,-1.198404384741045,0.0035809070641480687,0.9359396675207955,18.2
0.0,2.0014800002101243,1.8088697091600892,0.0,0.17056899999999997,0.2462084524328532,3.0394653870482835,1.4409902779252457,0.0,0.19402223978078953,2.6804504469169883,0.19237542674817323,0.9838223645078022,-4.339902054403228,-4.28442017878169,-2.432841437403437,1.9918626197327354,-1.4775891435534498,-0.03559086444104583,0.9347326540126235,20.6
1.2317902671804277,0.0,1.0302140838253588,0.6931471805599453,0.5929,0.010686784977491223,1.048624363946546,0.0,0.9781768242181723,2.3391039353236263,0.6492788767852629,0.20753187471084372,0.47989604289114807,3.081548911359972,0.2870767461151387,-0.7189086970927616,-0.5382838429118862,-0.554270061455208,1.1211194892845087,-0.10963237320147104,17.8
0.6928901961196516,0.0,1.0302140838253588,0.6931471805599453,0.5929,0.024673460970526424,0.6346686774277049,0.0,0.9781768242181723,2.3391039353236263,0.6492788767852629,0.321876471425618,0.007463727020961526,1.8371607138426904,1.0056396860524346,-0.9485228357561183,-0.8734453295910717,-1.059168891567456,1.1972176541704085,-0.35033511201194595,21.7
0.8652414209863036,0.0,1.0302140838253588,0.6931471805599453,0.5929,0.0503343473989629,0.277378967985099,0.0,0.9781768242181723,2.3391039353236263,0.6492788767852629,0.35383085916604584,0.026984681972990084,1.9919966767456203,0.7239881889457827,-0.8165403319493009,-0.5158413124056981,-1.123721418336952,1.152689551272211,-0.6806934940333926,22.7
0.7485724432117618,0.0,1.0302140838253588,0.0,0.5929,0.06036943782071741,0.20436224331994984,0.0,0.9781768242181723,2.3391039353236263,0.6492788767852629,0.3171017048836196,5.6251623612261545e-06,1.875828484956962,0.8934882384693703,-0.9956202843228283,-0.48684469184150303,-1.0964904994503384,1.0680077825423302,-0.667422534787471,22.6
0.7848302693244489,0.0,1.0302140838253588,0.0,0.5929,0.026033058515304963,0.4762169046917182,0.0,0.9781768242181723,2.3391039353236263,0.6492788767852629,0.1789109876426801,0.46376106711303666,1.7950801619189853,0.7819127881529392,-0.673284231774893,-1.002714857610471,-1.4034155521082974,1.0239396270011454,-0.558162366362833,25.0
0.6910995575732186,0.0,1.0302140838253588,0.0,0.5929,0.0022915511661723317,0.6403416402830573,0.0,0.9781768242181723,2.3391039353236263,0.6492788767852629,0.0,0.04632190883117664,1.9896132961801305,1.0291563886221118,-1.1743317934068818,-0.8291398186894285,-0.9568759732016965,0.768787071126513,-0.3171421793741353,19.9
0.6687453693109606,0.0,1.0302140838253588,0.0,0.5929,1.7243355817803008,0.9631324485684102,0.0,0.9781768242181723,2.3391039353236263,0.6492788767852629,0.23440368498425612,0.1189667445855223,2.011430969105739,1.215048420943358,-1.3531782211429535,-0.12257066478202909,-0.7004414828652216,1.0535368223031518,-0.7845687993363958,20.8
0.7434381229884927,0.0,1.0302140838253588,0.6931471805599453,0.5929,0.46989139216104414,0.5265100519640175,0.0,0.9781768242181723,2.3391039353236263,0.6492788767852629,0.0,0.07741810573996527,2.1831226355393842,1.07451131280118,-1.3284564959325942,-0.4621798508026704,-0.6922616117165558,0.7862613212474381,-0.5501017627288505,16.8
0.6392498743123829,0.0,1.0302140838253588,0.6931471805599453,0.515524,12.613362806408968,0.25898438941847063,0.0,0.9781768242181723,2.3391039353236263,0.6492788767852629,0.0,1.0631425819963596,1.114618073082534,0.6000057155682834,0.4081865765452532,-3.4712520198516192,-2.5733290891935834,1.1223947379241053,0.3414025010359271,21.9
0.786598908399685,0.0,1.0302140838253588,0.0,0.515524,15.026579496526049,0.47132641603133857,0.0,0.9781768242181723,2.3391039353236263,0.6492788767852629,0.0,0.6003516660327604,2.4580851440386815,1.281360861847772,-1.9870798367636735,1.3996656386456097,-0.11660806053772656,0.6119803530486503,-1.812931157060091,27.5
0.6714111409011263,0.0,1.0302140838253588,0.0,0.515524,3.5382227916604316,0.6575119754674972,0.0,0.9781768242181723,2.3391039353236263,0.6492788767852629,0.0,0.035576962219864526,2.32868364066361,1.28354803593053,-1.8570067363715406,0.1584202534254087,-0.3576864805295511,0.3420120858729627,-0.8454725127220223,21.9
1.5454326788360029,0.0,1.0302140838253588,0.0,0.398161,11.8789940774872,1.246325952179273,0.0,0.9781768242181723,2.3391039353236263,0.6492788767852629,0.0,0.008986087589280314,4.760962292068683,-0.24431072553137964,-1.7683664469899558,0.8391651999943621,0.3334785269977827,-1.4459493097253184,-0.9333258032102251,23.1
0.8290511228518169,0.0,1.0302140838253588,0.0,0.398161,3.5008418496529,1.246325952179273,0.0,0.9781768242181723,2.3391039353236263,0.6492788767852629,0.18766530864179676,1.73017066657789,2.210797818509179,1.0859463045180962,-1.0979660325975433,-0.09783474816130086,-0.7620511844827846,1.1046628181509854,-1.0938124417448856,50.0
0.9186149863473232,0.0,1.0302140838253588,0.6931471805599453,0.398161,0.321459452729516,1.0054240664023324,0.0,0.9781768242181723,2.3391039353236263,0.6492788767852629,0.18593875487390332,1.5613576448174091,2.0083074669868926,0.6873521138905128,-0.22415197497118267,-1.6462912686280509,-1.4878968125872691,1.280363804226666,-0.38234820658876423,50.0
1.0106835072581264,0.0,1.0302140838253588,0.6931471805599453,0.398161,1.083506670739694,1.05591275739797,0.0,0.9781768242181723,2.3391039353236263,0.6492788767852629,0.3274973176312893,1.8424535364219718,2.073406916962449,0.509874877374607,0.102658004599328,-1.924987728438196,-1.6329758564110382,1.5065712455972318,-0.25640305122750534,50.0
1.2518244295068521,0.0,1.0302140838253588,0.0,0.398161,0.009542145591630781,1.246325952179273,0.0,0.9781768242181723,2.3391039353236263,0.6492788767852629,0.09875442014224078,0.19126522218928518,3.0108533952644194,0.2453082623046641,-0.35826964335101213,-0.9466096353205394,-0.8857116314413985,1.1342905893887258,-0.2829404065367888,50.0
1.1719486121932743,0.0,1.0302140838253588,0.6931471805599453,0.44622400000000007,0.3399032598864433,0.5578975132744509,0.0,0.9781768242181723,2.3391039353236263,0.6492788767852629,0.0,0.2791660625228803,2.8311987740946027,0.38804085015734385,-0.5972571669409796,-0.6971636986928853,-0.8827381699453377,0.8691590925826685,-0.6584119177870159,50.0
1.3909065740420752,0.0,1.0302140838253588,0.0,0.44622400000000007,3.850000001291438,1.246325952179273,0.0,0.9781768242181723,2.3391039353236263,0.6492788767852629,0.36507072700873877,9.592336473551935,4.3725146323819555,0.43522223204075766,-1.820627261215059,1.2165542504322053,1.0678037010745312,1.1378756051945305,-0.028831432446739056,13.8
1.8040388776330318,0.0,1.0302140838253588,0.0,0.44622400000000007,9.334233914960269,1.246325952179273,0.0,0.9781768242181723,2.3391039353236263,0.6492788767852629,0.36507072700873877,12.568885372278142,6.000914551876943,-0.6626081860542301,-1.5173684185789222,2.2946130393376083,1.699530863071784,1.0765391065089998,-0.22331702071403742,13.8
1.8536601319834887,0.0,1.0302140838253588,0.0,0.45024100000000006,2.1421881255571273,1.0853187422343065,0.0,0.9781768242181723,2.3391039353236263,0.6492788767852629,0.36507072700873877,0.012143786311803571,4.765841801029277,-1.6500320499439223,1.179768168967088,-1.3182617676702033,-1.0160945153901781,1.5477302614800543,0.32013878504545384,15.0
1.645032352052538,0.0,1.0302140838253588,0.0,0.45024100000000006,0.2689287804233348,0.7715328221759111,0.0,0.9781768242181723,2.3391039353236263,0.6492788767852629,0.06720123828776664,2.197936239258532,4.428237556781879,-0.7543122358605383,-0.11467354233895674,-0.6158899536473414,-0.33870969657640015,1.0204448215915773,0.2836732782376784,13.9
1.2977807973452258,0.0,1.0302140838253588,0.0,0.45024100000000006,0.5255593422870553,1.1529588126452839,0.0,0.9781768242181723,2.3391039353236263,0.6492788767852629,0.36507072700873877,1.4459423597912215,3.302784272233091,0.18323845541988137,-0.4769102964195951,-0.9594198984917693,-0.5301176035926433,1.3951969483886606,0.31949524013105757,13.3
2.0157907487951228,0.0,1.0302140838253588,0.0,0.45024100000000006,0.01842239636327972,0.9631324485684102,0.0,0.9781768242181723,2.3391039353236263,0.6492788767852629,0.36507072700873877,2.388754730741223,6.0059507376586465,-2.094271886284672,0.7276959098347894,0.0405902230859312,-0.02276693462759465,1.3827340446432876,0.24063445511204826,13.1
1.774693309197761,0.0,1.0302140838253588,0.0,0.45024100000000006,0.0076950010366779445,1.246325952179273,0.0,0.9781768242181723,2.3391039353236263,0.6492788767852629,0.34075076782041824,1.6335202950875363,4.936344792760381,-1.0864172253748516,0.09580280697084033,-0.13286254221024654,-0.108530869612972,1.3484906571407533,0.1507728308825329,10.2
3.2456492677207174,0.0,1.0302140838253588,0.0,0.45024100000000006,0.9459512554588151,0.6866340228361686,0.0,0.9781768242181723,2.3391039353236263,0.6492788767852629,0.36507072700873877,0.40721189440933203,17.778657174010156,-13.38697316574287,8.389966742831113,1.7613800677311706,0.4050168534426587,1.780040040289485,0.5456822657617312,10.4
1.676028937482756,0.0,1.0302140838253588,0.0,0.45024100000000006,0.13731872606883952,1.1759598426374218,0.0,0.9781768242181723,2.3391039353236263,0.6492788767852629,0.36507072700873877,1.3925600164080223,4.454169432922948,-0.8229200663648257,0.06854193505270548,-0.48760552583826766,-0.3424168023832934,1.3899158052254164,0.23680332408738572,10.9
1.248215936317425,0.0,1.0302140838253588,0.0,0.48999999999999994,1.1352775754828415,1.246325952179273,0.0,0.9781768242181723,2.3391039353236263,0.6492788767852629,0.36507072700873877,2.3499556730408555,3.4899322964097648,0.49552714898560424,-1.240327675645606,0.27592566444002087,0.1264340092442874,1.236862757371744,-0.14912719371238095,11.3
1.147988572026203,0.0,1.0302140838253588,0.0,0.48999999999999994,1.184323008050741,1.246325952179273,0.0,0.9781768242181723,2.3391039353236263,0.6492788767852629,0.36507072700873877,2.7801904420323917,3.3073326488813732,0.7167957477669524,-1.4199598911772233,0.26907661720378045,0.16948698149433258,1.2265442972658984,-0.1286816849710619,12.3
1.8741822744626988,0.0,1.0302140838253588,0.0,0.48999999999999994,7.441167273972157,0.6460398442414738,0.0,0.9781768242181723,2.3391039353236263,0.6492788767852629,0.0,6.3373228611280075,6.108737952171908,-1.2027736200438586,-1.1785946788567083,1.6972350038685995,1.0814681833365556,-0.023391409443087093,-0.41794259125939853,8.8
1.7236661190893618,0.0,1.0302140838253588,0.0,0.48999999999999994,2.0566882936657933,1.1001731812708553,0.0,0.9781768242181723,2.3391039353236263,0.6492788767852629,0.36507072700873877,6.464867285218703,5.190595418841708,-0.6738335680898664,-0.8510383134241147,1.0168597628894689,0.7432448359167335,1.1972340046193273,-0.010621607055806236,7.2
2.043044368199519,0.0,1.0302140838253588,0.0,0.48999999999999994,5.3993365044131645,1.246325952179273,0.0,0.9781768242181723,2.3391039353236263,0.6492788767852629,0.36507072700873877,4.788749958199191,6.648525185951306,-1.8874572117747481,-0.20836254711283933,1.7855371577749786,1.024685964267626,1.1988242895030299,-0.30162413074715094,10.5
1.9760631803408222,0.0,1.0302140838253588,0.0,0.48999999999999994,3.3428862741795213,0.5526031669650532,0.0,0.9781768242181723,2.3391039353236263,0.6492788767852629,0.36507072700873877,7.33246174349432,6.279362024485802,-1.6689358490930315,-0.38256293353542614,1.6171969518025877,0.9143922743644777,1.116226262257967,-0.2315861913012323,7.4
1.592439917234126,0.0,1.0302140838253588,0.0,0.48999999999999994,3.996585500738855,1.246325952179273,0.0,0.9781768242181723,2.3391039353236263,0.6492788767852629,0.16377607898918947,6.330274318520109,4.840154562230656,-0.21154558096548182,-1.3647454163582835,1.2204029742980995,0.8660967346548927,0.9107205660771756,-0.14877125545373102,10.2
1.1619459504306886,0.0,1.0302140838253588,0.0,0.48999999999999994,1.6212638171239337,1.1606005815396003,0.0,0.9781768242181723,2.3391039353236263,0.6492788767852629,0.36507072700873877,1.317581902070092,3.2124770972439363,0.6390346981077768,-1.294967753806692,0.3194671559824305,-0.0009049057887846883,1.2147787403120498,-0.33892125606643325,11.5
1.05265524749844,0.0,1.0302140838253588,0.0,0.48999999999999994,0.6619104058031559,1.0197232011714823,0.0,0.9781768242181723,2.3391039353236263,0.6492788767852629,0.346111843055302,0.3895358163091502,2.7761353600194454,0.714208444503218,-1.110251951999961,-0.09945986990591711,-0.40300763308139853,1.2127947966093313,-0.36700660222952664,15.1
0.8758728587018302,0.0,1.0302140838253588,0.0,0.48999999999999994,0.110569678012775,0.2447230664203132,0.0,0.9781768242181723,2.3391039353236263,0.6492788767852629,0.21330065215546212,0.7313433171626071,2.3422841930397973,0.8333005647546824,-1.2160285143820044,-0.30135926885702385,-0.6848917994165503,0.940187016697863,-0.43509810901706136,23.2
1.4229087001316763,0.0,1.0302140838253588,0.0,0.48999999999999994,3.158152507037952,1.0197232011714823,0.0,0.9781768242181723,2.3391039353236263,0.6492788767852629,0.36507072700873877,3.3278141313855474,4.053494030369269,0.14963560598162837,-1.3004180104759293,0.9485533963962838,0.44144026948277193,1.1444131221985423,-0.3512859448869331,9.7
1.203958548462038,0.0,1.0302140838253588,0.0,0.4802489999999999,0.017009027252824514,0.7284650154809804,0.0,0.9781768242181723,2.3391039353236263,0.6492788767852629,0.36507072700873877,0.1242278757519594,2.9091685515323755,0.3179983473413846,-0.5978974707384654,-0.5143108718048018,-0.7248254791606826,1.2858105011757848,-0.29399315043156804,13.8
1.5357541424338075,0.0,1.0302140838253588,0.0,0.4802489999999999,0.3202804174761541,0.8613788777161261,0.0,0.9781768242181723,2.3391039353236263,0.6492788767852629,0.36507072700873877,0.26801462602996845,3.8995019671602265,-0.4074653614730768,-0.2865175652190736,-0.04037498027259544,-0.42521007133501304,1.2864728961668785,-0.32491886763068945,12.7
1.2099481085891886,0.0,1.0302140838253588,0.0,0.4802489999999999,0.07035485599806185,1.1529588126452839,0.0,0.9781768242181723,2.3391039353236263,0.6492788767852629,0.32694455148086615,0.39128577524684005,2.9957938327064566,0.332670115562902,-0.5787045121886737,-0.7894746158533911,-0.6640601130217209,1.3061542026504491,0.02450102400149193,13.1
0.9407981296115028,0.0,1.0302140838253588,0.0,0.4802489999999999,0.029347247668548324,0.9492371714482782,0.0,0.9781768242181723,2.3391039353236263,0.6492788767852629,0.36507072700873877,0.8847426648836231,2.5276469966611637,0.8404596688019673,-0.998223625948306,-0.7305671863554474,-0.5889686669901161,1.3006214283370194,-0.0014215469553791246,12.5
1.1192992547456653,0.0,1.0302140838253588,0.0,0.4802489999999999,0.5855130687454209,1.1606005815396003,0.0,0.9781768242181723,2.3391039353236263,0.6492788767852629,0.3357523519348418,1.0355646416682323,3.0412053478267635,0.6630412603379114,-1.1485785105717126,-0.0834415786718398,-0.20565740319270892,1.2260761395706603,-0.2069410348491852,8.5
2.450714725189727,0.0,1.0302140838253588,0.0,0.4802489999999999,1.400965347490543,1.246325952179273,0.0,0.9781768242181723,2.3391039353236263,0.6492788767852629,0.36507072700873877,6.309152222526179,9.157330770954927,-4.35514442252503,1.5707598044031623,1.6389180615843568,1.0268627804403205,1.3342097845172771,0.2106890724287814,5.0
1.3048262643011543,0.0,1.0302140838253588,0.0,0.4802489999999999,0.37914434898357147,0.10740398321372681,0.0,0.9781768242181723,2.3391039353236263,0.6492788767852629,0.0,5.88053167814988,3.7080700030334923,0.22211181457794288,-1.3947733955566073,0.22066438017666526,0.07986617258026232,0.4901855335644503,-0.14678548246653467,6.3
2.066293291135181,0.0,1.0302140838253588,0.0,0.4802489999999999,0.17944391185866437,1.246325952179273,0.0,0.9781768242181723,2.3391039353236263,0.6492788767852629,0.36507072700873877,3.9080075163400254,6.4488387776757445,-2.230591420024523,0.5448792711796752,0.547961902376816,0.36005411765549744,1.340774342180048,0.24615604528333024,5.6
1.5869075103248753,0.0,1.0302140838253588,0.0,0.4802489999999999,0.006900437281797086,1.246325952179273,0.0,0.9781768242181723,2.3391039353236263,0.6492788767852629,0.36507072700873877,1.1527050981513398,4.166148073542644,-0.5219597612820551,-0.17175048609172058,-0.3858758587871674,-0.31636718708777284,1.3686180734485671,0.12729464742461177,7.2
1.2803234430383696,0.0,1.0302140838253588,0.0,0.4802489999999999,0.028861638228191152,1.246325952179273,0.0,0.9781768242181723,2.3391039353236263,0.6492788767852629,0.19300779023092635,1.1497001082925045,3.321622006643662,0.23900773466500339,-0.7018291931055112,-0.6683092540059256,-0.4310489573086658,1.1423779140844095,0.1511600093317711,12.1
2.0576457139576902,0.0,1.0302140838253588,0.0,0.4802489999999999,1.7732699964015535,0.9492371714482782,0.0,0.9781768242181723,2.3391039353236263,0.6492788767852629,0.36507072700873877,0.9932547837838555,6.257703908200886,-2.2126270971732342,0.5495616085616112,0.9638655166321318,0.20417014550657903,1.2811781937921627,-0.3611578204564587,8.3
2.5241643501207705,0.0,1.0302140838253588,0.0,0.4802489999999999,1.150492862895808,0.35726755801751997,0.0,0.9781768242181723,2.3391039353236263,0.6492788767852629,0.0,4.253038319805065,9.620539615858457,-5.092255477809372,1.9584655652456693,1.5292386727367793,0.6808672852852811,0.5969620828861604,-0.05754371491813649,8.5
2.98677130058821,0.0,1.0302140838253588,0.0,0.4802489999999999,0.7332090519058015,1.246325952179273,0.0,0.9781768242181723,2.3391039353236263,0.6492788767852629,0.26998165332595153,2.0913055351039356,14.387021786654685,-9.500587112992225,5.198365889216586,2.2384817497114233,1.015075186711307,1.4462907016771613,0.2244791641704685,5.0
1.9007771246080714,0.0,1.0302140838253588,0.0,0.43428100000000003,9.334233914960269,1.246325952179273,0.0,0.9781768242181723,2.3391039353236263,0.6492788767852629,0.13834878549036522,2.2396540034419066,5.983620026825161,-1.2280632759357073,-0.6855646390739011,1.844322985128488,0.9475196994591005,0.9219349522203983,-0.6849064570110285,11.9
1.4476202350428986,0.0,1.0302140838253588,0.0,0.43428100000000003,0.9274075913979104,1.246325952179273,0.0,0.9781768242181723,2.3391039353236263,0.6492788767852629,0.0,0.005365162162388689,3.7651799611536982,-0.12390091053150094,-0.5526393701937656,-0.2899374848478862,-0.45453194362002663,0.7237470580540296,-0.417246396050337,27.9
1.0946457345879481,0.0,1.0302140838253588,0.0,0.356409,0.9029005358022363,1.0853187422343065,0.0,0.9781768242181723,2.3391039353236263,0.6492788767852629,0.0,3.705837071751714,3.372643523819622,0.7708686312409362,-1.7280154392798894,-0.026622722472094882,0.17968779206506472,0.4026763852851322,0.028215639002468228,17.2
1.5983413610709514,0.0,1.0302140838253588,0.0,0.356409,0.6520614662006378,1.246325952179273,0.0,0.9781768242181723,2.3391039353236263,0.6492788767852629,0.0,0.9960479871747476,4.479673629945219,-0.7480130824445573,-0.454920154568394,-1.54624640032482,-0.5992626216068642,-0.7015617975443393,0.5818532955963329,27.5
2.718175113369058,0.0,1.0302140838253588,0.0,0.356409,0.5639345458444551,1.246325952179273,0.0,0.9781768242181723,2.3391039353236263,0.6492788767852629,0.0,0.126820298998451,11.512126491033182,-7.017772578883369,2.997271911621789,-0.02579482301578972,-0.058536828390064036,-2.2959245677282976,0.15029736928960014,15.0
1.5762964830248587,0.0,1.0302140838253588,0.0,0.356409,0.2808676052490902,1.246325952179273,0.0,0.9781768242181723,2.3391039353236263,0.6492788767852629,0.0,1.4392146592655222,4.738846681026784,-0.7203433076070004,-1.0297205833362868,-1.7681814793241675,-0.47898871133317866,-2.1550508088621996,0.6996559386920136,17.2
1.8182617421621885,0.0,1.0302140838253588,0.0,0.356409,5.559245582612794,1.246325952179273,0.0,0.9781768242181723,2.3391039353236263,0.6492788767852629,0.0,9.248506056936925,6.447682533963213,-1.0746227727222635,-2.060637347149271,0.6794460669276394,1.1817524750747712,-2.494737803325926,0.272673043278375,17.9
2.1860041991883317,0.0,1.0302140838253588,0.0,0.356409,2.584867728196004,1.246325952179273,0.0,0.9781768242181723,2.3391039353236263,0.6492788767852629,0.0,1.0816678057087872,7.389167834093738,-2.897573000053804,0.37147152619528556,0.6747781605843819,0.3867849140172449,-0.5081617867217323,-0.1308365736341644,16.3
2.613991477966263,0.0,1.0302140838253588,0.0,0.4802489999999999,6.314865032850971,1.246325952179273,0.0,0.9781768242181723,2.3391039353236263,0.6492788767852629,0.0,11.605111148103873,11.4416008248405,-5.579504148249174,0.8448096917074625,2.056070158686688,1.8185945460558333,-1.8121731699912618,0.387345460889926,7.0
1.7849166404917876,0.0,1.0302140838253588,0.0,0.4610410000000001,0.045192229259204034,1.246325952179273,0.0,0.9781768242181723,2.3391039353236263,0.6492788767852629,0.0,5.272297343189005,5.765555126789668,-1.314836896372851,-1.0756456419101064,-1.1465827907738368,0.07205967645530625,-2.311834254994042,0.8905840857790327,7.2
1.3717650970282935,0.0,1.0302140838253588,0.0,0.4610410000000001,0.5010880276486762,0.6233984750261908,0.0,0.9781768242181723,2.3391039353236263,0.6492788767852629,0.0,3.3842518146823224,4.186460306755124,-0.23844250356011212,-1.5437608752029452,-1.7747204666300846,-0.47921789919980434,-2.4146993231520884,0.7252358531353731,7.5
2.097320467878872,0.0,1.0302140838253588,0.0,0.4610410000000001,1.9479452781667979,0.531678192758097,0.0,0.9781768242181723,2.3391039353236263,0.6492788767852629,0.0,3.8363628298565606,7.125206154177663,-2.5072033627260417,-0.341913237522605,0.49105480945007585,0.48013399896451026,-1.4585721882276863,0.026122510743188186,10.4
3.0625954415888423,0.0,1.0302140838253588,0.0,0.4610410000000001,0.21744101708111244,1.246325952179273,0.0,0.9781768242181723,2.3391039353236263,0.6492788767852629,0.0,1.2446785107236795,15.90660401094377,-10.761030938579438,5.072804977952843,1.0489474728174162,0.7508760613065908,-2.1292554778960335,0.6948620173118815,8.8
1.4385007286527942,0.0,1.0302140838253588,0.0,0.515524,0.589289936760685,0.07926613933012544,0.0,0.9781768242181723,2.3391039353236263,0.6492788767852629,0.0,1.9952303757845316,4.10665951936023,-0.5264020251227185,-1.1716261795454002,-1.664835568833345,-0.7996385101700125,-2.2274754093662548,0.3389353788839745,8.4
1.38947268614773,0.0,1.0302140838253588,0.0,0.515524,0.03234598123994603,1.246325952179273,0.0,0.9781768242181723,2.3391039353236263,0.6492788767852629,0.0,0.1098620657212121,3.504188763216061,-0.1298631405136892,-0.4512842280590932,-0.9273718127819237,-0.7238929645484582,0.6059612005874907,0.03885835434783214,16.7
1.0585056755365123,0.0,1.0302140838253588,0.0,0.515524,0.15726495048295486,0.9013987962743213,0.0,0.9781768242181723,2.3391039353236263,0.6492788767852629,0.0,0.1820544640686334,2.8090668403957078,0.5967540891218874,-1.0940537687805456,-0.6334473628618494,-0.6337748950197558,0.5138323883826295,-0.23345995648266615,14.2
1.4539508648904464,0.0,1.0302140838253588,0.0,0.376996,0.8209991393602533,0.45680639666857986,0.0,0.9781768242181723,2.3391039353236263,0.6492788767852629,0.0,0.041055708555163765,3.7387983680559698,-0.29861966884759567,-0.6940864005066718,-0.1677184939412723,-0.5845253325561133,0.16724295840955175,-0.5396488883280541,20.8
1.0611880783807504,0.0,1.0302140838253588,0.0,0.376996,0.06682803056708696,0.3446406213845337,0.0,0.9781768242181723,2.3391039353236263,0.6492788767852629,0.0,2.2187460967048622,3.499670858549317,0.40724756676889584,-2.190532918256093,-1.338478352538866,-0.47027620951056887,-2.7350134502650514,0.2223384203223001,13.4
1.2161806793077719,0.0,1.0302140838253588,0.0,0.34105599999999997,1.049026190683975,0.005175719996317347,0.0,0.9781768242181723,2.3391039353236263,0.6492788767852629,0.0,0.39832483071388386,3.60923348198263,0.018503636611329914,-1.9303026555296723,-0.8249754320571063,-0.7050263111928333,-2.8438364280287156,-0.5016380550170898,11.7
1.675294787187707,0.0,1.0302140838253588,0.0,0.4610410000000001,0.305946131850088,0.9081571265614106,0.0,0.9781768242181723,2.3391039353236263,0.6492788767852629,0.0,2.701369431074883,5.296794944013825,-0.9592962292776551,-1.3942284740890396,-0.8839432983802539,-0.042580331785384534,-2.5803961813327243,0.40875223645770287,8.3
1.466801169356378,0.0,1.0302140838253588,0.0,0.34105599999999997,0.4058909790806087,0.09940434935226014,0.0,0.9781768242181723,2.3391039353236263,0.6492788767852629,0.0,0.18086142510220216,4.036073494147782,-0.6831161732107122,-1.2779933894832654,-0.8404404563026462,-0.9596756604272649,-2.6600674234157484,-0.6438638821972225,10.2
2.4340280712062303,0.0,1.0302140838253588,0.0,0.4610410000000001,0.013831973206328542,0.12938289818259663,0.0,0.9781768242181723,2.3391039353236263,0.6492788767852629,0.0,0.0683492361818295,8.823556443823374,-4.9267237393684225,1.6334779759182376,-0.4873272827107289,-0.5262503677308924,-2.3865742155663243,-0.010415834843026881,10.9
1.091216049606929,0.0,1.0302140838253588,0.0,0.4610410000000001,0.017009027252824514,0.11450311827577729,0.0,0.9781768242181723,2.3391039353236263,0.6492788767852629,0.0,1.541777395235026,3.274944260816152,0.3321768229438629,-1.7695681192571302,-1.1280268546413508,-0.6499859939561818,-1.8328875237420343,-0.03446542903581602,11.0
1.2602678388006847,0.0,1.0302140838253588,0.0,0.4610410000000001,0.01842239636327972,0.9217495104447779,0.0,0.9781768242181723,2.3391039353236263,0.6492788767852629,0.0,2.560554946220499,3.8837554096368683,0.09553349004667017,-1.7273275496523415,-1.4128707820075543,-0.3712958118667665,-2.0434521024097307,0.5245410098343305,9.5
1.1911398332091991,0.0,1.0302140838253588,0.0,0.34105599999999997,0.008133356191652893,0.3876138487683799,0.0,0.9781768242181723,2.3391039353236263,0.6492788767852629,0.0,0.48768811691087915,3.3991626992087802,0.10666237026763883,-1.4570395037024537,-1.4433005840564919,-0.8303852817472327,-1.8648432934530421,0.0757291567011467,14.5
1.3157620365085387,0.0,1.0302140838253588,0.0,0.34105599999999997,0.6091201151544137,0.8352037540719348,0.0,0.9781768242181723,2.3391039353236263,0.6492788767852629,0.0,0.9710503476353513,3.726703684763779,-0.15839890801394277,-1.1840327567692281,-1.845057878333227,-0.8163145361352293,-1.7816985516968347,0.5317680582302204,14.1
1.00104857510831,0.0,1.0302140838253588,0.0,0.34105599999999997,0.0399102057682481,0.04890697860971868,0.0,0.9781768242181723,2.3391039353236263,0.6492788767852629,0.0,0.007612699935391107,2.6931424646769733,0.29326505402126635,-1.3237173462975504,-1.5951828084469566,-1.3388396350034726,-1.7850142904293076,-0.3304731306620817,16.1
0.9086963999824578,0.0,1.0302140838253588,0.0,0.508369,0.0464105763629948,0.47132641603133857,0.0,0.9781768242181723,2.3391039353236263,0.6492788767852629,0.0,0.2494969672272413,2.7548671823513806,0.5679616695329119,-1.6358380695059398,-1.6055082984622508,-0.9912788113647626,-1.70233861096582,0.05972635773225505,14.3
1.5683694540924649,0.0,1.0302140838253588,0.0,0.508369,0.011896244880879769,0.8812752520314373,0.0,0.9781768242181723,2.3391039353236263,0.6492788767852629,0.0,0.1242278757519594,4.377599659472572,-0.7666144613792583,-0.8064479930608734,-1.1966871351483659,-0.7183297865509638,-1.610835046311175,0.10434969075839753,11.7
1.3945202589007164,0.0,1.0302140838253588,0.0,0.5476,0.24021607741569215,0.8547972351504824,0.0,0.9781768242181723,2.3391039353236263,0.6492788767852629,0.0,2.2104103878114447,4.037898366590566,-0.2561529568133468,-1.2508527334120219,-1.4186983826064423,-0.5086049649335737,-1.5403625560402543,0.5403209376619085,13.4
1.5973564485831113,0.0,1.0302140838253588,0.0,0.5476,0.06300722295199539,0.7715328221759111,0.0,0.9781768242181723,2.3391039353236263,0.6492788767852629,0.0,0.5711748944404892,4.65592925436559,-0.8862092488393652,-0.9483109189005813,-1.5653412201009755,-0.6784883500630182,-2.314226670141471,0.3716302279388704,9.6
1.6390660837862288,0.0,1.0302140838253588,0.0,0.5476,0.03563483786879954,1.246325952179273,0.0,0.9781768242181723,2.3391039353236263,0.6492788767852629,0.0,3.7328436443711994,5.220900943581217,-0.8253070284633236,-1.452862539752489,-1.1197468518519427,-0.0013235012473134333,-2.5196063088245566,0.6766400206377388,8.7
1.5546365320018949,0.0,1.0302140838253588,0.0,0.5476,0.24762289441254684,0.47132641603133857,0.0,0.9781768242181723,2.3391039353236263,0.6492788767852629,0.0,8.95280203016131,5.039395223005929,-0.4907993787278099,-1.8676829827077255,-0.4593116499862974,0.3534347162590042,-2.1006847111865015,0.5338170379884767,8.4
1.2643408058595251,0.0,1.0302140838253588,0.0,0.5476,0.8760553458520913,0.8094324880767622,0.0,0.9781768242181723,2.3391039353236263,0.6492788767852629,0.36507072700873877,2.0509996807068496,3.4142877968848264,0.3736674663162236,-1.1315081156562057,0.26806629445343405,-0.04119132366792526,1.1867990632863064,-0.2553948128693237,12.8
1.9547863022056118,0.0,1.0302140838253588,0.0,0.5476,0.441078608067792,0.7163870977814308,0.0,0.9781768242181723,2.3391039353236263,0.6492788767852629,0.3227493776674158,1.7537812458192197,5.696179302661764,-1.832760962710716,0.3539441258843054,0.5416246518129894,0.020860097841387898,1.2063654666127437,-0.1528454839092957,10.5
1.2902069924933388,0.0,1.0302140838253588,0.0,0.5476,0.029836908391250583,1.0341233003528867,0.0,0.9781768242181723,2.3391039353236263,0.6492788767852629,0.2782258032344434,0.9246993397908512,3.234769777314109,0.1513862735940967,-0.6253943851247663,-0.5696644304409285,-0.5435392803499844,1.1896964312567393,0.05079137648985812,17.1
0.918214173724909,0.0,1.0302140838253588,0.0,0.5476,0.008726204516863506,1.246325952179273,0.0,0.9781768242181723,2.3391039353236263,0.6492788767852629,0.3558280816519262,0.30394242845347635,2.434391917114843,0.8654357671414649,-1.0007317317455042,-0.6440784477966163,-0.6448860658326134,1.2917402615886604,-0.11057531605108446,18.4
1.3085905554245179,0.0,1.0302140838253588,0.0,0.5476,0.08132215769660317,1.246325952179273,0.0,0.9781768242181723,2.3391039353236263,0.6492788767852629,0.28459125852357087,0.7530582664488825,3.272952597723783,0.1188275150950107,-0.5366576888414141,-0.6913216489022829,-0.5685577812315817,1.239706370609116,0.11959604419586917,15.4
1.5017975093908547,0.0,1.0302140838253588,0.0,0.5476,0.37564700343717433,0.9912258960454366,0.0,0.9781768242181723,2.3391039353236263,0.6492788767852629,0.0,2.4322373821574566,4.320722462549783,-0.3038181694318386,-1.114621539295177,-0.27863423679538774,-0.04331278583661157,-0.2994547572499728,0.11874510623679717,10.8
1.3602403139625963,0.0,1.0302140838253588,0.0,0.5476,0.061586311730927865,0.8679857613848327,0.0,0.9781768242181723,2.3391039353236263,0.6492788767852629,0.0,2.5159349230319767,4.137077969056091,-0.16007088678561693,-1.5871890573055147,-1.485368749437776,-0.4020578286493866,-2.2081273736132503,0.5663882088833316,11.8
0.9849754181546703,0.0,1.0302140838253588,0.0,0.5476,0.006435628694273462,0.9771286901007967,0.0,0.9781768242181723,2.3391039353236263,0.6492788767852629,0.0,0.5174672754419436,2.6659992670533392,0.6817821060903966,-1.1252527218991557,-0.8910600165115506,-0.6877250067744658,0.5038819784086179,0.00339151696278005,14.9
1.3054522434746036,0.0,1.0302140838253588,0.0,0.5476,0.0022915511661723317,0.9912258960454366,0.0,0.9781768242181723,2.3391039353236263,0.6492788767852629,0.29923414607943644,0.28122281885385486,3.1789904656197736,0.08880865746073968,-0.52964637788389,-0.48130676462921945,-0.6562900435452774,1.2052808604576748,-0.14064302329250306,12.6
1.2594945117574674,0.0,1.0302140838253588,0.0,0.508369,0.020108562493649708,1.1453422848540327,0.0,0.9781768242181723,2.3391039353236263,0.6492788767852629,0.36507072700873877,0.5882337038122972,3.129492415875166,0.23165567223361289,-0.6854132405401607,-0.37228163135143627,-0.5285872158258405,1.2766702322716001,-0.08513117719196227,14.1
1.1059496226508592,0.0,1.0302140838253588,0.0,0.508369,0.03549056097578301,1.1151285847196601,0.0,0.9781768242181723,2.3391039353236263,0.6492788767852629,0.0,0.8690070791333314,2.9560678020773548,0.4712875737178684,-1.0670152863520075,-0.9090633649559943,-0.6123690935074471,0.37707662249508905,0.14604045841147112,13.0
1.0286396608839223,0.0,1.0302140838253588,0.0,0.508369,0.43679998953468124,0.7284650154809804,0.0,0.9781768242181723,2.3391039353236263,0.6492788767852629,0.0,0.44935526227279565,3.156131170983436,0.318896405269349,-1.696920235759185,-2.162356942578306,-1.0106680331340328,-2.6174749501291004,0.44875464145330635,13.4
0.8928841144974925,0.0,1.0302140838253588,0.0,0.508369,0.27785859134857865,1.1076382624437264,0.0,0.9781768242181723,2.3391039353236263,0.6492788767852629,0.0,0.5054497187955463,2.362489584309452,0.780674273421607,-0.9809492662898518,-1.0717614221924592,-0.8428852541769284,0.8887489708289391,0.12546638739879765,15.2
0.8520878300926736,0.0,1.0302140838253588,0.0,0.508369,0.0003097375024216185,0.6807591311563065,0.0,0.9781768242181723,2.3391039353236263,0.6492788767852629,0.2709845716282043,0.4180057959076126,2.2480197676990694,0.8602584659038026,-1.0683627797233426,-0.6164823618194627,-0.7860828239716064,1.0955336603073853,-0.20942800987024265,16.1
1.1702963460638922,0.0,1.0302140838253588,0.0,0.508369,2.488448185163957,1.1914200681474991,0.0,0.9781768242181723,2.3391039353236263,0.6492788767852629,0.1908380199818316,0.32754448166952815,2.670577749941486,0.18933174464617095,-0.24196595861576606,-1.6124118996210666,-1.1641662660225052,1.1885238032804393,0.43377506981827335,17.8
1.273957273807495,0.0,1.0302140838253588,0.0,0.508369,0.39818649691568736,0.8222676388682207,0.0,0.9781768242181723,2.3391039353236263,0.6492788767852629,0.0,0.7194167254550098,3.701865112007627,-0.14184918389577805,-1.4508548744703413,-1.9669509392141267,-0.8862674864431607,-2.5545017564817223,0.5159711505706324,14.9
0.8111852420754866,0.0,1.0302140838253588,0.0,0.508369,0.11703269033988527,0.4055098906077004,0.0,0.9781768242181723,2.3391039353236263,0.6492788767852629,0.0,0.5882337038122972,2.7077683988388244,0.6689779922258401,-1.8976614953548578,-1.7783795822575994,-0.9801643290965759,-2.214381154731292,0.1855128986187649,14.1
0.8008063842534195,0.0,1.0302140838253588,0.0,0.508369,0.1929528247684549,0.47132641603133857,0.0,0.9781768242181723,2.3391039353236263,0.6492788767852629,0.0,0.7924470150613103,2.8930433617888136,0.7495798399675373,-2.311424371088895,-1.3608962000985716,-0.7015288495174931,-2.675796803177148,0.03756878301487119,12.7
1.166187496128057,0.0,1.0302140838253588,0.0,0.508369,0.2462084524328532,0.1735047454066465,0.0,0.9781768242181723,2.3391039353236263,0.6492788767852629,0.0,0.3603865760276008,3.4210458316638106,0.055826310206240605,-1.8537439269884364,-1.1787821880126015,-0.8447199956533227,-2.790957052256989,-0.17593515196889725,13.5
1.1265576815357037,0.0,1.0302140838253588,0.0,0.508369,0.0005425341140390743,0.2887186083618394,0.0,0.9781768242181723,2.3391039353236263,0.6492788767852629,0.0,0.2508978706899875,2.797692011551459,0.23679093741286564,-1.0097122460538446,-0.7615617533744452,-0.9566580114819698,-0.08738745574473213,-0.26997494332370436,14.9
1.0369037430979169,0.0,1.0302140838253588,0.0,0.508369,0.08399718900470131,0.3160612078481279,0.0,0.9781768242181723,2.3391039353236263,0.6492788767852629,0.36507072700873877,0.08216432698697632,2.4077664140468893,0.4928722154617091,-0.8206132769582543,-0.27568705761088774,-0.9182668985515829,1.130034788374384,-0.5488502628889683,20.0
0.8185441765723696,0.0,1.0302140838253588,0.0,0.508369,0.3511658087940222,0.5793273095426797,0.0,0.9781768242181723,2.3391039353236263,0.6492788767852629,0.0,0.27826021109159127,2.2798264422942833,0.730460663704214,-1.211335690725373,-1.3727535502827475,-1.0819857204960015,-0.16529782113177788,0.04466429879819298,16.4
0.6708651867242562,0.0,1.0302140838253588,0.0,0.508369,0.016909394530477254,0.4960312703638746,0.0,0.9781768242181723,2.3391039353236263,0.6492788767852629,0.3225907241062463,0.07819933768539565,1.8292332318535947,1.0151292359136517,-1.042277556344041,-0.7418119277529052,-1.0410727191472953,1.134551854468474,-0.34828794294158205,17.7
1.0223752059509537,0.0,1.0302140838253588,0.0,0.508369,0.002121925735792454,0.2626128229256688,0.0,0.9781768242181723,2.3391039353236263,0.6492788767852629,0.36507072700873877,0.035050658430291794,2.2992259167791045,0.46240376995458987,-0.6919397303795489,-0.5059836387959319,-1.0793346175571858,1.1465305405471253,-0.4955497282086446,19.5
0.9352565483696753,0.0,1.0302140838253588,0.0,0.508369,0.10563891511285241,0.5739319988210273,0.0,0.9781768242181723,2.3391039353236263,0.6492788767852629,0.3413738167591678,0.10950277901593361,2.0390886532981303,0.5700197001484877,-0.5525957636245877,-0.8957541655779727,-1.303493125105285,1.2048647322149573,-0.40394027936090143,20.2
1.1343794956115314,0.0,1.0302140838253588,0.0,0.42902500000000005,0.011587802981514485,0.012721512838667848,0.0,0.9781768242181723,2.3391039353236263,0.6492788767852629,0.36507072700873877,0.0063029474338151745,2.3510712244363594,0.12415263244279291,-0.5328768358601634,-0.18802986562732407,-1.2810774396108968,0.9925282976922987,-0.90798871133657,21.4
0.5925750087674347,0.0,1.0302140838253588,0.0,0.42902500000000005,0.5596674566524068,0.5239252831965373,0.0,0.9781768242181723,2.3391039353236263,0.6492788767852629,0.0,0.04277581090251092,1.5634942137301016,0.835158463233753,-1.406715555801493,0.06441035977539755,-1.3348401260306775,0.16292204499839716,-1.368692369774094,19.9
0.6824410191688517,0.0,1.0302140838253588,0.0,0.42902500000000005,0.22412835515675347,0.32815808131677726,0.0,0.9781768242181723,2.3391039353236263,0.6492788767852629,0.0,0.3965591838896797,2.5928583689167994,0.8373540289128565,-2.299897514749626,-1.3183088001342076,-0.8702400991630797,-2.6059544319232675,-0.12177972831013144,19.0
0.7695319657866998,0.0,1.0302140838253588,0.0,0.34105599999999997,0.16066966097651128,0.8482408336879033,0.0,0.9781768242181723,2.3391039353236263,0.6492788767852629,0.0,1.473010040759166,2.4046376169736288,1.0351471469630966,-1.6074530405655243,-0.40150475516663087,-0.45362346327717623,0.5108543202963817,-0.09629383728288489,19.1
1.6603599943753091,0.0,1.0302140838253588,0.0,0.3364,0.2605351799353332,0.007422277936186311,0.0,0.9781768242181723,2.3391039353236263,0.6492788767852629,0.12413156080610956,0.5882337038122972,4.098099425503678,-1.062465416103216,-0.1326054973100437,0.37038207622871716,-0.7055988110901134,0.7383967044951745,-0.6838528643950073,19.1
1.5185575126353474,0.0,1.0302140838253588,0.0,0.3364,0.6619104058031559,0.17796653438376817,0.0,0.9781768242181723,2.3391039353236263,0.6492788767852629,0.36507072700873877,0.08705173921261634,3.414550457870114,-0.7185539825841869,-0.23601178719589763,0.572917987214763,-0.9842869720402821,0.9007889598541801,-1.2135664932256207,20.1
0.7600174707404566,0.0,1.0302140838253588,0.0,0.3364,0.028030516854358638,0.3002854186661525,0.0,0.9781768242181723,2.3391039353236263,0.6492788767852629,0.36507072700873877,0.2593856528706633,1.9453294165881856,0.8779562392650302,-1.1199916675695338,-0.33922949370680194,-0.9517006290535284,1.0851321827398899,-0.4814893380264998,19.9
0.7188041573145841,0.0,1.0302140838253588,0.0,0.28302400000000005,0.006269734286765056,0.6178012354800294,0.0,0.9781768242181723,2.3391039353236263,0.6492788767852629,0.3530616332864488,0.0009228704637961823,1.8119873305487975,0.9190677631296975,-0.9929008667905742,-0.5691542983881802,-1.097004324662025,1.143034349370878,-0.44240620663604185,19.6
0.653011009368988,0.0,1.0302140838253588,0.0,0.3364,0.04702582683840875,0.052100028030870944,0.0,0.9781768242181723,2.3391039353236263,0.6492788767852629,0.3378641062013685,0.057135931749117054,1.6370085155743386,0.8975455295828089,-0.9753736239751094,-0.6278904565542751,-1.2760147840810847,1.030144282755556,-0.5976334935920038,23.2
0.7980626435625267,0.0,1.0302140838253588,0.0,0.376996,0.9794650322924032,0.0011994980097521587,0.0,0.9781768242181723,2.3391039353236263,0.6492788767852629,0.18000947809749468,0.019338744026549805,1.6611858649104008,0.5774512082146147,-0.5095187908648041,-1.2214428422014036,-1.6906374629051855,0.9004501044580145,-0.5558282538042587,29.8
1.153560343940248,0.0,1.0302140838253588,0.0,0.34105599999999997,1.4899335094199377,0.9081571265614106,0.0,0.9781768242181723,2.3391039353236263,0.6492788767852629,0.0,0.5903837038561023,3.070302498045645,0.4972642183739459,-1.2804825037135383,0.20598084094087207,-0.2856730359884521,0.7158787479665059,-0.44812358896165067,13.8
0.9958287812771367,0.0,1.0302140838253588,0.0,0.34105599999999997,0.03046400846720087,1.048624363946546,0.0,0.9781768242181723,2.3391039353236263,0.6492788767852629,0.0,2.5695260145177476,2.939088929503841,0.7469106297023892,-1.5231978370228971,-0.554332660789843,-0.28113236339526043,0.2877520118261167,0.17561788821878144,13.3
0.8257908884948947,0.0,1.0302140838253588,0.0,0.376996,0.08051244566860406,0.7903690701625499,0.0,0.9781768242181723,2.3391039353236263,0.6492788767852629,0.35981059961769113,0.7123078340899943,2.215329892969441,0.908612750831546,-1.0425085664021148,-0.742152734080358,-0.7697122488092292,1.2309202884585928,-0.05311849660524995,16.7
1.6307249410690894,0.0,1.0302140838253588,0.0,0.376996,1.9479452781667979,1.041361211598184,0.0,0.9781768242181723,2.3391039353236263,0.6492788767852629,0.0,2.946037988185742,4.663605205849241,-0.5436850253460753,-0.8961992806707213,0.7107270491461969,0.29900241474723804,0.7033613433595133,-0.18707421278513217,12.0
1.3284196097193568,0.0,1.0302140838253588,0.0,0.376996,0.020108562493649708,0.9983123606723532,0.0,0.9781768242181723,2.3391039353236263,0.6492788767852629,0.2249142819721271,0.566949411813823,3.316121808834969,0.06166620037698612,-0.6189351309582134,-0.3872111818871463,-0.5390753853599687,1.1038801038560881,-0.10001324391852807,14.6
1.592439917234126,0.0,1.0302140838253588,0.0,0.376996,0.006269734286765056,0.4762169046917182,0.0,0.9781768242181723,2.3391039353236263,0.6492788767852629,0.25608854533726144,0.004094365845408119,3.8605236193153756,-0.733934063787026,0.10514954034990714,-0.37312729464760547,-0.8299808170362887,1.1494996234706583,-0.3944668520775316,21.4
0.9355687377008483,0.0,1.0302140838253588,0.0,0.28302400000000005,0.0036819896982926738,0.01894958042700869,0.0,0.9781768242181723,2.3391039353236263,0.6492788767852629,0.36507072700873877,0.07176837384315153,1.8308988288535946,0.37914911668125006,-0.6269333971684519,-0.28871752959032687,-1.5185577253009488,0.9580341945673799,-1.0108227757238577,23.0
0.922846457088454,0.0,1.0302140838253588,0.0,0.28302400000000005,0.43868329138424417,0.05049088276876311,0.0,0.9781768242181723,2.3391039353236263,0.6492788767852629,0.3355174370567287,0.4733464897881981,1.7108979975576142,0.3640353111717361,-0.3058914644849434,-0.9755603282237809,-1.7758257973744418,1.0784640851479943,-0.6834616964828013,23.7
0.9253833870157342,0.0,1.0302140838253588,0.0,0.28302400000000005,1.2209421808735244,0.08958356491639184,0.0,0.9781768242181723,2.3391039353236263,0.6492788767852629,0.35267679834213056,0.6244595140721221,1.6352176516080672,0.3120622409103865,-0.1280786033940461,-1.285078916924123,-1.933295654068071,1.1470855161505418,-0.5325444252193978,25.0
0.538020199992801,0.0,1.0302140838253588,0.0,0.28302400000000005,0.5532972074819296,1.008975280092254,0.13454544453396572,0.9781768242181723,2.3391039353236263,0.6492788767852629,0.3343420341774678,0.09778595853394088,1.0975837972781826,0.7212580015500895,-1.114227096636914,0.3488411989163315,-1.7255519441312492,0.6147601295776902,-1.7342744743951453,21.8
0.463906824262583,0.0,1.0302140838253588,0.0,0.33988899999999994,0.34657384839159594,0.8980157900933553,0.0,0.9781768242181723,2.3391039353236263,0.6492788767852629,0.1432015088326506,0.0092535412513668,1.1830382124903494,0.8510737273100096,-1.3011709151154354,0.18059612519765483,-1.5720117727504512,0.42969458267175514,-1.5247323768064045,20.6
0.6680967103904876,0.0,1.0302140838253588,0.0,0.33988899999999994,0.0015169555894926586,0.35091737536929835,0.08928515223864884,0.9781768242181723,2.3391039353236263,0.6492788767852629,0.3000458948374227,0.08427515382008803,1.2663090279609404,0.5830995259643849,-0.8171276185050341,-0.26011194980472685,-1.7979158011126657,0.7308250829976222,-1.2473389715513112,21.2
0.9210286755807328,0.0,1.0302140838253588,0.0,0.33988899999999994,0.05897875909399179,0.15902253781488104,0.0,0.9781768242181723,2.3391039353236263,0.6492788767852629,0.33245851116362557,0.10618021796823225,2.0810194468486896,0.5596982086850956,-0.94705775440966,-0.17643335196014895,-1.0765947403271634,0.9799161493220733,-0.6306686932831999,19.1
0.821428124554203,0.0,1.0302140838253588,0.0,0.33988899999999994,0.29194000009400917,0.2983341716554077,0.0,0.9781768242181723,2.3391039353236263,0.6492788767852629,0.2967949386848506,0.028382547070363775,1.6923477309494674,0.5513979929301988,-0.9098569677893207,0.042753416121303525,-1.4557398290012569,0.7631629524438305,-1.3500346532465786,20.6
0.0,0.0,5.857223511099843,0.0,0.37088099999999996,1.3975981874203096,0.7345418359853516,0.0,0.0,3.2271120220328036,0.5769737632232926,0.35121307340868496,0.5732935187112648,1.3774003178387977,2.2403149397268436,-1.8346357548833456,0.1308447596872163,0.4774042357803694,1.1279563562555148,-0.36831602731721613,15.2
0.0,0.0,5.857223511099843,0.0,0.37088099999999996,1.5354445904592238,1.1151285847196601,0.0,0.0,3.2271120220328036,0.5769737632232926,0.0,2.511494491557081,1.7223099598955978,2.3268180477342715,-2.2642125943679865,0.13598899001810677,0.8710253375731837,0.6308920875036317,-0.017431487341765566,7.0
0.0,0.0,5.857223511099843,0.0,0.37088099999999996,2.8763952995872697,1.0927333412010494,0.0,0.0,3.2271120220328036,0.5769737632232926,0.0,5.685222916699071,2.0082417644489627,2.4149723780144146,-2.734907934176533,0.5466945445336927,1.300263775766747,0.2995856761253353,0.0557142366381831,8.1
0.0,0.0,5.857223511099843,0.0,0.37088099999999996,0.1842995258730241,1.1529588126452839,0.0,0.0,3.2271120220328036,0.5769737632232926,0.3120635415263276,0.5754160649536697,1.3180575038375928,2.2021398985596865,-1.6262644594421092,-0.4230283555243407,0.3109260247434895,1.176384128968989,-0.008774106233189763,13.6
0.0,0.0,5.857223511099843,0.0,0.37088099999999996,0.1842995258730241,0.2811336070076153,0.0,0.0,3.2271120220328036,0.5769737632232926,0.36507072700873877,0.009524916885081863,1.008979856748785,2.020864978941022,-1.35658711491056,-0.3722358146966788,-0.1396038123593501,1.1385323275759536,-0.4787899573889272,20.1
0.0,0.0,0.04447451982446453,0.0,0.34222499999999995,0.6758784426948078,0.2680955297195895,0.0,0.0,0.010460200633697105,0.11824866906455359,0.36507072700873877,0.008109271149534528,-0.36631514118881586,1.3888740140366482,0.12555239056149994,0.7885416191450267,-0.08970502515902785,0.08580962710368599,-0.390076439167786,21.8
0.0063939129273910865,0.0,0.04447451982446453,0.0,0.34222499999999995,0.2605351799353332,0.8515029220154592,0.0,0.0,0.010460200633697105,0.11824866906455359,0.36507072700873877,0.017214523582817415,-0.4270945760255031,1.2780304553558226,0.197787590071205,0.7436514257288861,-0.23084914831690148,0.011191365196274936,-0.45712219496692497,24.5
0.0,0.0,0.04447451982446453,0.0,0.34222499999999995,0.7652374652991878,1.9966252232861383,0.0,0.0,0.010460200633697105,0.11824866906455359,0.337238866014351,0.47989604289114807,-0.41433037140121687,1.2418680005509033,-0.09071312642797547,1.2816630718124844,-0.10885504121708418,-0.2181266600246163,-0.7062966045795973,23.1
0.009162252692049061,0.0,0.04447451982446453,0.0,0.34222499999999995,1.6212638171239337,0.023608609169967192,0.0,0.0,0.010460200633697105,0.11824866906455359,0.36507072700873877,1.4124607360278656,0.11243826578672103,1.6101773392739778,-0.4787310392121402,1.2633867725768577,0.7129395679414152,0.10166056336608208,0.13743788973099755,19.7
0.003296334739603727,0.0,0.04447451982446453,0.0,0.34222499999999995,0.4876166011103131,0.005175719996317347,0.0,0.0,0.010460200633697105,0.11824866906455359,0.36507072700873877,0.041055708555163765,-0.22490291071816668,1.4454774235053112,0.02841221375971408,0.7047747149200801,0.12543962009632262,0.16612306985734168,0.030465545193776807,18.3
0.0,0.0,0.04447451982446453,0.0,0.34222499999999995,0.14293253837481204,0.01353551347066857,0.0,0.0,0.010460200633697105,0.11824866906455359,0.36507072700873877,0.001397305015941149,-0.3000085877082821,1.415471341019544,0.20428162945478653,0.4321393944154419,-0.04876951205514189,0.19639183436986676,-0.0010672716044711433,21.2
0.0,0.0,0.04447451982446453,0.0,0.34222499999999995,1.0373968325879033,0.030613164920933394,0.0,0.0,0.010460200633697105,0.11824866906455359,0.35644181000958197,0.11741401586534375,-0.08697263909150416,1.5758123726556688,-0.13369889567415483,0.8340705571754051,0.35795310773132194,0.1868875937225407,0.031339161729374836,17.5
0.0,0.0,0.04447451982446453,0.0,0.34222499999999995,0.13445290017913258,0.15620181960571897,0.0,0.0,0.010460200633697105,0.11824866906455359,0.36507072700873877,0.05514521335939803,-0.15626782187549723,1.5225738155116004,0.10200707521005781,0.35057933144554737,0.17970530153792538,0.2902817932922094,0.32683835258185934,16.8
0.0,0.0,0.013368905851341003,0.0,0.3283289999999999,0.19261690460622397,0.0003479849083762678,0.0,0.0,0.6438740616794091,1.381336527600245,0.3270235367834142,0.17450158381265368,-0.631127294678567,1.5177226299446076,0.7178966910258686,0.26767043541082225,-0.5822379862831906,0.18257117919251187,0.9675234584658643,22.4
0.0,0.0,0.013368905851341003,0.0,0.3283289999999999,0.054903953690106914,0.08331738625544118,0.0,0.0,0.6438740616794091,1.381336527600245,0.36507072700873877,0.25035476287968256,-0.48998153468900657,1.6595358279417665,0.5194815197100294,0.6016071367366077,-0.29974597304058226,0.25933958275274627,0.8805006804570409,20.6
0.0,0.0,0.013368905851341003,0.0,0.3283289999999999,0.9682289528303446,0.6346686774277049,0.0,0.0,0.6438740616794091,1.381336527600245,0.36507072700873877,0.9644727516601642,-0.6388733309905335,1.597161426394994,1.0344657191489712,-0.4456997195712202,-0.6793539034763153,0.4906774934470583,1.4250294702262596,23.9
0.0,0.0,0.013368905851341003,0.0,0.3283289999999999,0.5255593422870553,0.5420901976554479,0.0,0.0,0.6438740616794091,1.381336527600245,0.3384889557073512,0.7472671730529348,-0.5990962370310257,1.5902492953689678,0.9100413147726195,-0.21007849941155252,-0.5968461214055278,0.40137459769700595,1.3386773667775616,22.0
0.0,0.0,0.013368905851341003,0.0,0.3283289999999999,0.1313398820144538,0.18861798057500279,0.0,0.0,0.6438740616794091,1.381336527600245,0.36507072700873877,0.4467543905103465,-0.5027791910268652,1.6648356068995749,0.5179047932778162,0.6436781582534385,-0.29883174099658966,0.2717312391415033,0.8733795178169984,11.9
