Cement__sq,Blast Furnace Slag__sq,Fly Ash__sq,Water__sq,Superplasticizer__sq,Coarse Aggregate__sq,Fine Aggregate__sq,Age__log,PC1,PC2,PC3,PC4,PC5,PC6,Strength
6.274366437597501,0.019698368728839642,0.0,0.8850409674947836,0.3562101003885671,0.7155150586898521,1.4483686766616066,0.0,-0.30064322498583446,0.031533289075444476,2.5495933551327075,-1.656982113366602,0.6421468707690162,-0.26315168630735664,79.99
6.274366437597501,0.019698368728839642,0.0,0.8850409674947836,0.3562101003885671,1.080000788355964,1.4483686766616066,0.0,-0.30664879755782054,-0.019823026608181502,2.527843583025983,-1.8235937424015443,0.6243086727577775,-0.27055406399737125,61.89
0.2665232860618787,0.7389966143428748,0.0,4.631594059101745,1.0386322051301158,0.2983738955679717,4.946792338233178,1.781502969060866,-5.287621787680496,1.8072853731217133,0.002090304128184613,0.360432105417022,-1.0996699777864707,-0.0591501448635801,40.27
0.2665232860618787,0.7389966143428748,0.0,4.631594059101745,1.0386322051301158,0.2983738955679717,4.946792338233178,2.064017071354204,-6.478569231371252,3.1619057873417784,-0.6009841774093087,0.06626969718739817,-1.3029796622231722,-0.14284504952444044,41.05
0.5882786402617153,0.6221611572791629,0.0,0.21630721410616524,1.0386322051301158,0.002689329332833853,0.4321083119146427,2.0509790770160743,-4.403812937106453,3.734197214900291,-3.023355980973777,-0.6650586635737874,-0.059659285713840465,-0.8878067786709649,44.3
0.014654194232807416,0.4351369652200678,0.0,4.631594059101745,1.0386322051301158,0.2983738955679717,1.6337034461296718,0.8177099032017076,-2.6220019642267327,-0.7128789209509255,0.19306513725820787,1.0387995484796841,-0.274748900895136,0.16698573990161156,47.03
0.94377887082659,0.27700831024930744,0.0,4.631594059101745,1.0386322051301158,0.2983738955679717,4.946792338233178,2.064017071354204,-6.5082891507687854,3.325263462826884,-0.2362936100018948,-0.07844004690520223,-1.013219304275033,0.08441652279412372,43.7
0.94377887082659,0.27700831024930744,0.0,4.631594059101745,1.0386322051301158,0.2983738955679717,4.946792338233178,0.0,-2.2835597978868387,-1.4800742170906083,1.9030337613468968,0.9650623907093577,-0.29200495001010296,0.3813131845910704,36.45
0.014654194232807416,0.4351369652200678,0.0,4.631594059101745,1.0386322051301158,0.2983738955679717,1.6337034461296718,0.0,-1.8447520536075024,-1.5969469807577046,0.5866505883668877,1.2307792254295438,-0.1420625805259203,0.2216076776802783,45.85
3.5416627668587353,0.019698368728839642,0.0,4.631594059101745,1.0386322051301158,0.2983738955679717,4.946792338233178,0.0,-2.342999636681904,-1.1533588661203962,2.6324148961617246,0.6756429025241566,0.2875157658861751,0.8358363292281986,39.29
0.5882786402617153,0.6221611572791629,0.0,0.21630721410616524,1.0386322051301158,0.002689329332833853,0.4321083119146427,0.8177099032017076,-1.0190149392485135,-0.11577659393568247,-1.309354822919849,0.1709818650788274,0.5181682384746793,-0.6499370496348356,38.07
0.5882786402617153,0.6221611572791629,0.0,0.21630721410616524,1.0386322051301158,0.002689329332833853,0.4321083119146427,0.0,-0.24176502862928292,-0.9998446537424615,-0.9157693718111694,0.3629615420286871,0.650854558843895,-0.5953151118561688,28.02
2.035492031092209,0.03724222837796245,0.0,4.631594059101745,1.0386322051301158,0.2983738955679717,4.946792338233178,1.781502969060866,-5.347061626475561,2.1340007240919254,0.7314714389430126,0.07101261723182094,-0.5201492618901928,0.39537299977354823,43.01
0.7215019847731896,1.423207140658664,0.0,4.631594059101745,1.0386322051301158,0.2983738955679717,1.6337034461296718,0.8177099032017076,-2.5744500931906806,-0.9742512017270949,-0.3904397705936544,1.2703351390278448,-0.7383654736121581,-0.19663277580809105,42.33
0.059109571443487476,0.1544352108341028,0.0,4.631594059101745,1.0386322051301158,0.2983738955679717,1.6337034461296718,0.0,-1.8685279891255286,-1.46626084036962,0.8784030422928187,1.1150114301554632,0.08974570583259082,0.4034169355351297,47.81
0.94377887082659,0.019698368728839642,0.0,4.631594059101745,1.0386322051301158,0.2983738955679717,1.6337034461296718,0.8177099032017076,-2.693329770780811,-0.3208204997866713,1.0683224990360014,0.6914961626574428,0.4206759581803977,0.7124135134661655,52.91
1.7753676613106202,1.766567436134195,0.0,0.21630721410616524,1.0386322051301158,0.8763039170367062,0.18133515363166075,0.8177099032017076,-1.0981844448812075,-0.6174083908248825,-1.7531239360747342,-0.4001308196671279,-0.117704715551226,-1.0347521106001054,39.36
0.3688177969747483,0.015955678670360112,0.0,4.631594059101745,1.0386322051301158,0.2983738955679717,1.6337034461296718,2.064017071354204,-6.117033277525501,3.469762979935957,-0.9691718751300414,-0.04425880273317694,-0.39966036207382805,0.2883295315930343,56.14
0.94377887082659,0.27700831024930744,0.0,4.631594059101745,1.0386322051301158,0.2983738955679717,4.946792338233178,0.8177099032017076,-3.0608097085060693,-0.5960061572838292,1.509448310238217,0.773082713759498,-0.4246912703793186,0.32669124681240364,40.56
3.5416627668587353,0.019698368728839642,0.0,4.631594059101745,1.0386322051301158,0.2983738955679717,4.946792338233178,1.411484609948449,-4.2485155465871145,1.0140337966317072,1.6674957257017358,0.20498304935675865,-0.03777972921254711,0.7019244817708221,42.62
2.035492031092209,0.03724222837796245,0.0,4.631594059101745,1.0386322051301158,0.2983738955679717,4.946792338233178,1.411484609948449,-4.218795627189581,0.8506761211466011,1.3028051582943219,0.34969279344935916,-0.3275400871606862,0.474662909452258,41.84
1.7753676613106202,1.766567436134195,0.0,0.21630721410616524,1.0386322051301158,0.8763039170367062,0.18133515363166075,0.0,-0.320934534261977,-1.5014764506316616,-1.3595384849660543,-0.20815114271726817,0.014981604817989649,-0.9801301728214388,28.24
1.7753676613106202,1.766567436134195,0.0,0.21630721410616524,1.0386322051301158,0.8763039170367062,0.18133515363166075,0.0,-0.007527312238093755,-1.8579555070053626,-1.2008346740351352,-0.1307399826568409,0.0684841533539637,-0.958105197910686,8.06
1.7753676613106202,1.766567436134195,0.0,0.21630721410616524,1.0386322051301158,0.8763039170367062,0.18133515363166075,1.411484609948449,-2.2264504441671873,0.6659162121204417,-2.3244576554260434,-0.6788109958846661,-0.3103138902807326,-1.1140420202788153,44.21
0.94377887082659,0.019698368728839642,0.0,4.631594059101745,1.0386322051301158,0.2983738955679717,1.6337034461296718,2.064017071354204,-6.140809213043527,3.600449120324042,-0.6774194212041104,-0.16002659800725738,-0.16785207571531685,0.4701387894478857,52.52
0.94377887082659,0.019698368728839642,0.0,4.631594059101745,1.0386322051301158,0.2983738955679717,1.6337034461296718,1.781502969060866,-4.94986176935277,2.245828706103977,-0.0743449396666171,0.13413581022236643,0.03545760872138459,0.553833694108746,53.3
0.94377887082659,0.27700831024930744,0.0,4.631594059101745,1.0386322051301158,0.2983738955679717,4.946792338233178,1.781502969060866,-5.317341707078029,1.9706430486068192,0.3667808715355985,0.21572236132442157,-0.8099096198383317,0.16811142745498406,41.15
0.3688177969747483,0.015955678670360112,0.0,4.631594059101745,1.0386322051301158,0.2983738955679717,1.6337034461296718,1.411484609948449,-3.797819834548765,0.8318179627705681,0.20523632575876105,0.528583781713985,-0.003741502907620048,0.45131434593260444,52.12
2.035492031092209,0.03724222837796245,0.0,4.631594059101745,1.0386322051301158,0.2983738955679717,4.946792338233178,0.0,-2.313279717284371,-1.3167165416055022,2.2677243287543107,0.8203526466167571,-0.0022445920619640304,0.6085747569096345,37.43
3.5416627668587353,0.019698368728839642,0.0,4.631594059101745,1.0386322051301158,0.2983738955679717,4.946792338233178,0.0,-2.0797375701818424,-1.452801273474305,2.765726097343697,0.7406682769749154,0.3324579066563933,0.854337308153231,38.6
0.059109571443487476,0.1544352108341028,0.0,4.631594059101745,1.0386322051301158,0.2983738955679717,1.6337034461296718,2.064017071354204,-6.093257342007475,3.3390768395478725,-1.2609243290559728,0.07150899254090337,-0.6314686484323394,0.10652027373818303,55.26
0.014654194232807416,0.4351369652200678,0.0,4.631594059101745,1.0386322051301158,0.2983738955679717,1.6337034461296718,2.064017071354204,-6.069481406489449,3.208390699159788,-1.552676782981904,0.1872767878149839,-0.8632769347908505,-0.07528898411666833,52.91
0.5882786402617153,0.6221611572791629,0.0,0.21630721410616524,1.0386322051301158,0.002689329332833853,0.4321083119146427,1.411484609948449,-2.147280938534493,1.1675480090096417,-1.8806885422711583,-0.10769831113871083,0.32555906374517274,-0.7292269593135453,41.72
3.5416627668587353,0.019698368728839642,0.0,4.631594059101745,1.0386322051301158,0.2983738955679717,4.946792338233178,1.781502969060866,-5.376781545873094,2.2973583995770315,1.0961620063504265,-0.07369712686077957,-0.23038890394205366,0.6226345720921124,42.13
0.7215019847731896,1.423207140658664,0.0,4.631594059101745,1.0386322051301158,0.2983738955679717,1.6337034461296718,2.064017071354204,-6.021929535453396,2.9470184183836183,-2.1361816908337663,0.41881237836314456,-1.3268935075078727,-0.43890749982637095,53.69
0.1553848430351785,2.329639889196676,0.0,4.631594059101745,1.0386322051301158,0.2983738955679717,4.946792338233178,1.781502969060866,-5.228181948885431,1.4805700221515012,-0.7272908306866435,0.649851593602223,-1.6791906936827485,-0.5136732895007086,38.41
0.1553848430351785,2.329639889196676,0.0,4.631594059101745,1.0386322051301158,0.2983738955679717,4.946792338233178,0.0,-2.1944000396942407,-1.9701472435459262,0.8089620591246548,1.399191622987159,-1.1612860238545197,-0.3004715323646222,30.08
0.2665232860618787,0.7389966143428748,0.0,4.631594059101745,1.0386322051301158,0.2983738955679717,4.946792338233178,0.8177099032017076,-3.0310897891085364,-0.759363832768935,1.1447577428308031,0.9177924578520984,-0.7144516283274577,0.09942967449383945,37.72
3.5416627668587353,0.019698368728839642,0.0,4.631594059101745,1.0386322051301158,0.2983738955679717,4.946792338233178,0.8177099032017076,-3.1202495473011345,-0.26929080631361707,2.238829445053045,0.48366322557429686,0.15482944551695946,0.7812143914495319,42.23
0.1553848430351785,2.329639889196676,0.0,4.631594059101745,1.0386322051301158,0.2983738955679717,4.946792338233178,1.411484609948449,-4.099915949599451,0.19724541920617716,-0.1559571113353342,0.9285317698197612,-1.486581518953242,-0.43438337982199876,36.25
0.3688177969747483,0.015955678670360112,0.0,4.631594059101745,1.0386322051301158,0.2983738955679717,1.6337034461296718,0.8177099032017076,-2.6695538352627852,-0.4515066401747561,0.7765700451100703,0.8072639579315233,0.18886767182188652,0.5306042556113142,50.46
2.035492031092209,0.03724222837796245,0.0,4.631594059101745,1.0386322051301158,0.2983738955679717,4.946792338233178,2.064017071354204,-6.538009070166318,3.48862113831199,0.12839695740551932,-0.22314979099780285,-0.7234589463268942,0.31167809511268785,43.7
0.1553848430351785,2.329639889196676,0.0,4.631594059101745,1.0386322051301158,0.2983738955679717,4.946792338233178,2.064017071354204,-6.419129392576187,2.8351904363715663,-1.3303653122241368,0.3556891853725992,-1.88250037811945,-0.5973681941615688,39.0
0.94377887082659,0.019698368728839642,0.0,4.631594059101745,1.0386322051301158,0.2983738955679717,1.6337034461296718,1.411484609948449,-3.8215957700667906,0.9625041031586529,0.49698877968469213,0.41281598643990464,0.22806678345089115,0.6331236037874558,53.1
2.035492031092209,0.03724222837796245,0.0,4.631594059101745,1.0386322051301158,0.2983738955679717,4.946792338233178,0.8177099032017076,-3.0905296279036016,-0.4326484817987231,1.8741388776456311,0.6283729696668974,-0.1349309124311797,0.5539528191309677,41.54
2.035492031092209,0.03724222837796245,0.0,4.631594059101745,1.0386322051301158,0.2983738955679717,4.946792338233178,0.0,-2.0500176507843095,-1.616158948959411,2.401035529936283,0.885378021067516,0.04269754870825416,0.6270757358346668,35.08
0.45480097675439296,0.019698368728839642,0.0,0.21630721410616524,1.0386322051301158,0.8763039170367062,0.18133515363166075,0.0,-0.1385452305926904,-1.1378060912878638,0.40687490101986434,-0.7686814650355892,1.3458698155506015,0.043759501952626366,15.05
0.94377887082659,0.27700831024930744,0.0,4.631594059101745,1.0386322051301158,0.2983738955679717,4.946792338233178,1.411484609948449,-4.189075707792049,0.687318445661495,0.9381145908869077,0.4944025375419598,-0.6173004451088252,0.24740133713369383,40.76
0.1553848430351785,2.329639889196676,0.0,4.631594059101745,1.0386322051301158,0.2983738955679717,4.946792338233178,0.0,-1.931137973194179,-2.269589650899835,0.942273260306627,1.464216997437918,-1.1163438830843015,-0.28197055343958993,26.26
0.94377887082659,0.27700831024930744,0.0,4.631594059101745,1.0386322051301158,0.2983738955679717,4.946792338233178,0.0,-2.020297731386777,-1.779516624444517,2.0363449625288688,1.0300877651601166,-0.24706280923988475,0.39981416351610266,32.82
0.2665232860618787,0.7389966143428748,0.0,4.631594059101745,1.0386322051301158,0.2983738955679717,4.946792338233178,1.411484609948449,-4.1593557883945165,0.5239607701763892,0.5734240234794938,0.6391122816345601,-0.9070608030569642,0.020139764815129673,39.78
0.7215019847731896,1.423207140658664,0.0,4.631594059101745,1.0386322051301158,0.2983738955679717,1.6337034461296718,1.411484609948449,-3.7027160924766602,0.3090734012182294,-0.9617734899449637,0.9916549628103065,-0.9309746483416647,-0.2759226854868008,46.93
0.1553848430351785,2.329639889196676,0.0,4.631594059101745,1.0386322051301158,0.2983738955679717,4.946792338233178,0.8177099032017076,-2.9716499503134712,-1.086079183739147,0.4153766080159751,1.2072119460372994,-1.2939723442237354,-0.35509347014328896,33.12
0.059109571443487476,0.1544352108341028,0.0,4.631594059101745,1.0386322051301158,0.2983738955679717,1.6337034461296718,0.8177099032017076,-2.645777899744759,-0.582192780562841,0.48481759118413903,0.9230317532056036,-0.04294061453662482,0.34879499775646294,49.19
1.7753676613106202,1.766567436134195,0.0,0.21630721410616524,1.0386322051301158,0.8763039170367062,0.18133515363166075,0.0,-0.05767246776191513,-1.8009188579855704,-1.2262272837840822,-0.14312576826650927,0.05992374558820784,-0.9616291938964064,14.59
0.5882786402617153,0.6221611572791629,0.0,0.21630721410616524,1.0386322051301158,0.002689329332833853,0.4321083119146427,0.0,0.021497037870778963,-1.2992870610963705,-0.7824581706291972,0.42798691647944603,0.6957966996141132,-0.5768141329311365,14.64
3.5416627668587353,0.019698368728839642,0.0,4.631594059101745,1.0386322051301158,0.2983738955679717,4.946792338233178,2.064017071354204,-6.56772898956385,3.651978813797096,0.4930875248129332,-0.36785953509040337,-0.4336985883787551,0.538939667431252,41.93
0.5882786402617153,0.6221611572791629,0.0,0.21630721410616524,1.0386322051301158,0.002689329332833853,0.4321083119146427,0.0,0.07164219339460033,-1.3563237101161627,-0.7570655608802501,0.4403727020891144,0.704357107379869,-0.5732901369454161,9.13
0.059109571443487476,0.1544352108341028,0.0,4.631594059101745,1.0386322051301158,0.2983738955679717,1.6337034461296718,1.411484609948449,-3.7740438990307386,0.7011318223824833,-0.08651612816717025,0.6443515769880653,-0.23554978926613138,0.26950508807775314,50.95
0.2665232860618787,0.7389966143428748,0.0,4.631594059101745,1.0386322051301158,0.2983738955679717,4.946792338233178,0.0,-2.253839878489306,-1.643431892575714,1.538343193939483,1.109772134801958,-0.581765307958242,0.1540516122725062,33.02
0.059109571443487476,0.1544352108341028,0.0,4.631594059101745,1.0386322051301158,0.2983738955679717,1.6337034461296718,1.781502969060866,-4.902309898316719,1.9844564253278074,-0.6578498475184795,0.3656714007705272,-0.42815896399563796,0.19021517839904337,54.38
0.014654194232807416,0.4351369652200678,0.0,4.631594059101745,1.0386322051301158,0.2983738955679717,1.6337034461296718,1.781502969060866,-4.878533962798692,1.8537702849397228,-0.9496023014444106,0.4814391960446077,-0.659967250354149,0.00840592054419202,51.73
0.09037633181907731,0.019698368728839642,0.0,0.21630721410616524,1.0386322051301158,0.001894606199542511,0.9404538042149044,0.0,0.12366716103102805,-0.863890834566461,-0.03815904221384843,0.1737377713997411,1.6471882566886389,0.03990872287714612,9.87
0.7215019847731896,1.423207140658664,0.0,4.631594059101745,1.0386322051301158,0.2983738955679717,1.6337034461296718,1.781502969060866,-4.83098209176264,1.5923980041635535,-1.533107209296273,0.7129747865927684,-1.1235838230711712,-0.35521259516551057,50.66
0.014654194232807416,0.4351369652200678,0.0,4.631594059101745,1.0386322051301158,0.2983738955679717,1.6337034461296718,1.411484609948449,-3.7502679635127123,0.5704456819943987,-0.3782685820931014,0.7601193722621459,-0.46735807562464254,0.0876958302229018,48.7
0.3688177969747483,0.015955678670360112,0.0,4.631594059101745,1.0386322051301158,0.2983738955679717,1.6337034461296718,1.781502969060866,-4.926085833834745,2.1151425657158924,-0.36609739359254817,0.24990360549644686,-0.1963506776371266,0.3720244362538947,55.06
1.7753676613106202,1.766567436134195,0.0,0.21630721410616524,1.0386322051301158,0.8763039170367062,0.18133515363166075,2.0509790770160743,-4.4829824427391465,3.2325654180110908,-3.467125094128662,-1.2361713483197427,-0.6955322397397458,-1.2726218396362348,44.7
0.2665232860618787,0.7389966143428748,0.0,4.631594059101745,1.0386322051301158,0.2983738955679717,4.946792338233178,0.0,-1.990577811989244,-1.942874299929623,1.671654395121455,1.174797509252717,-0.5368231671880238,0.17255259119753846,30.28
0.7215019847731896,1.423207140658664,0.0,4.631594059101745,1.0386322051301158,0.2983738955679717,1.6337034461296718,0.0,-1.7972001825714503,-1.858319261533874,0.00314568051502531,1.4623148159777044,-0.6056791532429424,-0.1420108380294243,40.86
3.911563111432967,0.019698368728839642,0.0,2.8579770706949654,1.0386322051301158,3.5234265797565607,0.115566091649754,0.0,0.47237912041035257,-0.006987165075544535,1.215300587685923,-2.661720307779925,1.4964917045160058,-0.7235609333662971,71.99
0.8353610049837953,1.409843767313019,0.0,0.3149290872237566,0.47191075326914594,0.38724107580599976,0.03960353749334788,0.0,0.8979621329130272,0.16305146649639782,1.308998076912586,0.5681687975902182,-0.1570586997986485,-0.8917005460247821,34.4
0.1103918207718286,2.8888071406586637,0.0,0.09494508949535017,0.18798971196522474,0.8738922888336612,4.0103321942898615,0.0,-0.013014828019975647,-1.063642198292384,1.4925705506817855,-0.6443957017196247,-1.742326921657576,-1.0997662816834606,28.8
1.96770070637045,0.3667683594952293,0.0,1.7931663579668933,3.1259822915471887,2.484233552317004,2.0280228169756525,0.0,2.3725771102825504,1.7027375184801803,1.2008077574354985,1.1161945468604935,0.8131586457766203,-0.7078875064918226,33.4
1.96770070637045,0.3667683594952293,0.0,2.066410377001139,4.506180022413273,0.2447045579150606,0.14899920483546683,0.0,2.170052815050979,1.3726125011241777,1.6322468352435964,0.09160621237933415,-0.140330527439671,-0.6489518257355488,36.3
0.8529714165202895,0.2682149584487535,0.0,6.758307678586871,8.605961188989413,2.484233552317004,7.492529831791415,0.0,4.060598483066482,2.7797527218315605,0.37726966069218054,0.8979417439530992,0.8741080930981542,-1.014039496891873,29.0
3.5416627668587353,0.48071111111111114,0.0,0.0020889860860158187,0.2345017083126928,2.484233552317004,0.012029709010688177,0.0,0.6147088847689117,0.5621960529977007,2.0067318164960986,1.336472749559323,0.8095602070902982,-0.4059169996393232,37.8
3.3285398293104476,0.46526759002770085,0.0,4.304887022553006,19.537166443783725,2.484233552317004,0.7124287532057196,0.0,3.6769873652508465,3.106102751671475,2.2180308684126433,0.9787759504570203,-0.7333584655067115,-0.6213299709382444,40.2
1.1107100652041944,0.2927379501385041,0.0,1.2834615388216768,1.050209595544413,2.484233552317004,3.6272806661908525,0.0,2.1451334221125737,1.3180012783559136,0.5824550032764465,1.2035011775542221,1.3797636725399693,-0.7260616115596118,28.1
5.863617200990598,0.019698368728839642,0.0,3.56218398545101,14.020585480470052,2.484233552317004,2.268750126202859,0.0,3.4957932686764477,3.1438573598373254,2.2818962713665942,0.7635954636499078,0.5431694594117753,-0.13457923119193999,41.3
0.14819634224619102,1.82486919052016,0.0,1.527685163053605,1.9499917611556596,2.484233552317004,1.7974538133985762,0.0,2.1906310648145366,1.1200395451097107,0.3682435887692846,1.4394938191457083,0.29355561979079603,-1.222440194496319,25.2
1.393359802385584,0.274796675900277,0.0,2.64045830787083,0.8218391317449648,0.12635499677172707,0.9770146687484111,0.0,1.962842251624146,0.9256816078595068,0.9682132244604661,-0.14226329731728732,0.7421290440589766,-0.8602878448330892,41.1
0.6475857423592413,1.4065127731609723,0.0,0.6478107046828832,0.884234443489521,0.1463318241324812,0.04418769955117443,0.0,1.1339869130765934,0.254495074462294,1.2410161678313283,0.3058763008771765,-0.36578205830341315,-0.9448354152009658,35.3
0.18655723450351205,3.4011124653739615,0.0,0.006532112036466304,0.5194684255833566,0.16671981603102373,1.970876583925155,0.0,0.1604597394827765,-0.548834941819119,1.4746030003354587,0.7548628910616861,-1.3439518043641083,-1.0381454356139306,28.3
0.9344914706491728,0.8476917205293935,0.0,1.7433159081799117,2.777865036338231,4.2493943561709795,4.356492352720406,0.0,0.957933470010118,-0.2576569848497469,2.112817231617561,-2.1742959456112665,-2.046850300229339,-0.7727229523946485,28.6
0.0054013393264948665,1.611563434903047,0.0,3.0676668444336865,0.7617265337589231,0.1517695384228081,0.14899920483546683,0.0,1.8452150912587744,0.225700002239305,0.28338168292327715,-0.548786508524416,-0.39655748423138554,-1.3904943755656616,24.4
2.3621194200268465,1.2138627269929212,0.0,0.03382564059831787,0.7325262524253454,1.3302253592369353,0.6503157337421822,0.0,0.333434405912545,0.20197366280003173,2.1758583697567317,1.1618608221062579,-0.25973142223118295,-0.5042584137902454,39.3
1.1371259155524303,1.4065127731609723,0.0,2.873843529686762,7.274370213439747,0.1463318241324812,0.04418769955117443,0.0,2.3474582070896877,1.3944603699004003,1.7186093263269506,0.08518259979438372,-1.158090394438901,-1.0153233364523524,40.6
0.3226361569250188,1.4065127731609723,0.0,0.1130631894259059,0.3429340188776031,0.1463318241324812,0.04418769955117443,0.0,0.7578587387278549,-0.11818645741198551,0.9990615685649099,0.4854248190173463,-0.2558953967600372,-0.8344876618529478,24.1
0.8353610049837953,1.409843767313019,0.0,0.3149290872237566,0.47191075326914594,0.38724107580599976,0.03960353749334788,0.0,0.8478169773892058,0.22008811551619006,1.283605467163639,0.5557830119805498,-0.16561910756440434,-0.8952245420105025,46.2
0.1103918207718286,2.8888071406586637,0.0,0.09494508949535017,0.18798971196522474,0.8738922888336612,4.0103321942898615,0.0,-0.06315998354379702,-1.0066055492725918,1.4671779409328385,-0.6567814873292931,-1.7508873294233318,-1.103290277669181,42.8
1.96770070637045,0.3667683594952293,0.0,1.7931663579668933,3.1259822915471887,2.484233552317004,2.0280228169756525,0.0,2.322431954758729,1.7597741674999725,1.1754151476865515,1.1038087612508252,0.8045982380108645,-0.711411502477543,49.2
1.96770070637045,0.3667683594952293,0.0,2.066410377001139,4.506180022413273,0.2447045579150606,0.14899920483546683,0.0,2.1199076595271573,1.4296491501439699,1.6068542254946494,0.07922042676966577,-0.14889093520542684,-0.6524758217212692,46.8
0.8529714165202895,0.2682149584487535,0.0,6.758307678586871,8.605961188989413,2.484233552317004,7.492529831791415,0.0,4.01045332754266,2.8367893708513527,0.3518770509432334,0.8855559583434308,0.8655476853323983,-1.0175634928775934,45.7
3.5416627668587353,0.48071111111111114,0.0,0.0020889860860158187,0.2345017083126928,2.484233552317004,0.012029709010688177,0.0,0.5645637292450904,0.619232702017493,1.9813392067471516,1.3240869639496544,0.8009997993245423,-0.4094409956250436,55.6
3.3285398293104476,0.46526759002770085,0.0,4.304887022553006,19.537166443783725,2.484233552317004,0.7124287532057196,0.0,3.626842209727025,3.1631394006912674,2.1926382586636963,0.9663901648473519,-0.7419188732724673,-0.6248539669239648,54.9
1.1107100652041944,0.2927379501385041,0.0,1.2834615388216768,1.050209595544413,2.484233552317004,3.6272806661908525,0.0,2.0949882665887523,1.3750379273757058,0.5570623935274994,1.1911153919445536,1.3712032647742136,-0.7295856075453322,34.9
5.863617200990598,0.019698368728839642,0.0,3.56218398545101,14.020585480470052,2.484233552317004,2.268750126202859,0.0,3.445648113152626,3.2008940088571176,2.2565036616176473,0.7512096780402394,0.5346090516460195,-0.13810322717766044,46.9
0.14819634224619102,1.82486919052016,0.0,1.527685163053605,1.9499917611556596,2.484233552317004,1.7974538133985762,0.0,2.140485909290715,1.177076194129503,0.34285097902033745,1.4271080335360398,0.28499521202504013,-1.2259641904820395,33.4
1.393359802385584,0.274796675900277,0.0,2.64045830787083,0.8218391317449648,0.12635499677172707,0.9770146687484111,0.0,1.9126970961003247,0.9827182568792991,0.942820614711519,-0.1546490829269557,0.7335686362932208,-0.8638118408188096,54.1
0.6475857423592413,1.4065127731609723,0.0,0.6478107046828832,0.884234443489521,0.1463318241324812,0.04418769955117443,0.0,1.0838417575527721,0.3115317234820863,1.215623558082381,0.2934905152675081,-0.37434246606916904,-0.9483594111866862,55.9
0.18655723450351205,3.4011124653739615,0.0,0.006532112036466304,0.5194684255833566,0.16671981603102373,1.970876583925155,0.0,0.11031458395895512,-0.4917982927993267,1.4492103905865117,0.7424771054520177,-1.352512212129864,-1.041669431599651,49.8
0.9344914706491728,0.8476917205293935,0.0,1.7433159081799117,2.777865036338231,4.2493943561709795,4.356492352720406,0.0,0.9077883144862966,-0.20062033582995464,2.0874246218686134,-2.1866817312209346,-2.0554107079950947,-0.7762469483803689,47.1
0.0054013393264948665,1.611563434903047,0.0,3.0676668444336865,0.7617265337589231,0.1517695384228081,0.14899920483546683,0.0,1.795069935734953,0.28273665125909725,0.25798907317433006,-0.5611722941340844,-0.40511789199714143,-1.394018371551382,38.0
2.3621194200268465,1.2138627269929212,0.0,0.03382564059831787,0.7325262524253454,1.3302253592369353,0.6503157337421822,0.0,0.2832892503887236,0.259010311819824,2.1504657600077843,1.1494750364965893,-0.26829182999693885,-0.5077824097759658,56.1
1.1371259155524303,1.4065127731609723,0.0,2.873843529686762,7.274370213439747,0.1463318241324812,0.04418769955117443,0.0,2.297313051565866,1.4514970189201926,1.6932167165780037,0.07279681418471534,-1.1666508022046567,-1.018847332438073,59.09
0.6475857423592413,1.4065127731609723,0.0,0.6478107046828832,0.884234443489521,0.1463318241324812,0.04418769955117443,0.0,1.0838417575527721,0.3115317234820863,1.215623558082381,0.2934905152675081,-0.37434246606916904,-0.9483594111866862,22.9
0.3226361569250188,1.4065127731609723,0.0,0.1130631894259059,0.3429340188776031,0.1463318241324812,0.04418769955117443,0.0,0.7077135832040335,-0.06114980839219325,0.9736689588159628,0.47303903340767794,-0.2644558045257931,-0.8380116578386682,35.1
0.8353610049837953,1.409843767313019,0.0,0.3149290872237566,0.47191075326914594,0.38724107580599976,0.03960353749334788,0.0,0.5845549108891439,0.519530522870099,1.1502942659816668,0.49075763752979085,-0.21056124833462253,-0.9137255209355348,61.09
0.1103918207718286,2.8888071406586637,0.0,0.09494508949535017,0.18798971196522474,0.8738922888336612,4.0103321942898615,0.0,-0.3264220500438589,-0.7071631419186828,1.3338667397508663,-0.7218068617800519,-1.79582947019355,-1.1217912565942134,59.8
1.96770070637045,0.3667683594952293,0.0,1.7931663579668933,3.1259822915471887,2.484233552317004,2.0280228169756525,0.0,2.059169888258667,2.0592165748538815,1.0421039465045794,1.0387833868000662,0.7596560972406463,-0.7299124814025754,60.29
1.96770070637045,0.3667683594952293,0.0,2.066410377001139,4.506180022413273,0.2447045579150606,0.14899920483546683,0.0,1.8566455930270953,1.7290915574978787,1.4735430243126773,0.014195052318906859,-0.19383307597564503,-0.6709768006463015,61.8
0.8529714165202895,0.2682149584487535,0.0,6.758307678586871,8.605961188989413,2.484233552317004,7.492529831791415,0.0,3.747191261042598,3.136231778205262,0.21856584976126128,0.820530583892672,0.8206055445621802,-1.0360644718026257,56.7
3.5416627668587353,0.48071111111111114,0.0,0.0020889860860158187,0.2345017083126928,2.484233552317004,0.012029709010688177,0.0,0.30130166274502845,0.918675109371402,1.8480280055651794,1.2590615894988955,0.7560576585543242,-0.4279419745500759,68.3
3.3285398293104476,0.46526759002770085,0.0,4.304887022553006,19.537166443783725,2.484233552317004,0.7124287532057196,0.0,3.3635801432269634,3.4625818080451767,2.059327057481724,0.901364790396593,-0.7868610140426855,-0.6433549458489971,66.9
1.1107100652041944,0.2927379501385041,0.0,1.2834615388216768,1.050209595544413,2.484233552317004,3.6272806661908525,0.0,1.8317262000886905,1.6744803347296147,0.4237511923455272,1.1260900174937947,1.3262611240039954,-0.7480865864703645,50.7
5.863617200990598,0.019698368728839642,0.0,3.56218398545101,14.020585480470052,2.484233552317004,2.268750126202859,0.0,3.1823860466525646,3.500336416211027,2.123192460435675,0.6861843035894806,0.4896669108758013,-0.1566042061026927,56.4
0.14819634224619102,1.82486919052016,0.0,1.527685163053605,1.9499917611556596,2.484233552317004,1.7974538133985762,0.0,1.8772238427906534,1.4765186014834117,0.2095397778383653,1.3620826590852808,0.24005307125482198,-1.2444651694070719,55.5
1.393359802385584,0.274796675900277,0.0,2.64045830787083,0.8218391317449648,0.12635499677172707,0.9770146687484111,0.0,1.6494350296002627,1.282160664233208,0.8095094135295469,-0.2196744573777146,0.6886264955230026,-0.8823128197438419,68.5
0.6475857423592413,1.4065127731609723,0.0,0.6478107046828832,0.884234443489521,0.1463318241324812,0.04418769955117443,0.0,0.8205796910527101,0.6109741308359953,1.082312356900409,0.22846514081674918,-0.41928460683938723,-0.9668603901117185,71.3
0.18655723450351205,3.4011124653739615,0.0,0.006532112036466304,0.5194684255833566,0.16671981603102373,1.970876583925155,0.0,-0.15294748254110677,-0.19235588544541776,1.3158991894045395,0.6774517310012589,-1.3974543529000822,-1.0601704105246834,74.7
0.9344914706491728,0.8476917205293935,0.0,1.7433159081799117,2.777865036338231,4.2493943561709795,4.356492352720406,0.0,0.6445262479862347,0.09882207152395431,1.9541134206866415,-2.2517071056716937,-2.100352848765313,-0.7947479273054012,52.2
0.0054013393264948665,1.611563434903047,0.0,3.0676668444336865,0.7617265337589231,0.1517695384228081,0.14899920483546683,0.0,1.531807869234891,0.5821790586130062,0.12467787199235793,-0.6261976685848433,-0.4500600327673596,-1.4125193504764144,67.7
2.3621194200268465,1.2138627269929212,0.0,0.03382564059831787,0.7325262524253454,1.3302253592369353,0.6503157337421822,0.0,0.02002718388866174,0.558452719173733,2.0171545588258124,1.0844496620458304,-0.31323397076715703,-0.5262833887009981,66.0
1.1371259155524303,1.4065127731609723,0.0,2.873843529686762,7.274370213439747,0.1463318241324812,0.04418769955117443,0.0,2.034050985065804,1.7509394262741014,1.5599055153960315,0.007771439733956435,-1.2115929429748749,-1.0373483113631052,74.5
0.3226361569250188,1.4065127731609723,0.0,0.1130631894259059,0.3429340188776031,0.1463318241324812,0.04418769955117443,0.0,0.4444515167039717,0.2382925989617157,0.8403577576339907,0.408013658956919,-0.3093979452960113,-0.8565126367637005,49.9
0.8353610049837953,1.409843767313019,0.0,0.3149290872237566,0.47191075326914594,0.38724107580599976,0.03960353749334788,0.4519851237430572,0.23353882222239467,0.9187870660086443,0.9725459977390372,0.4040571382621123,-0.27048410269491346,-0.9383934928355778,63.4
0.1103918207718286,2.8888071406586637,0.0,0.09494508949535017,0.18798971196522474,0.8738922888336612,4.0103321942898615,0.4519851237430572,-0.6774381387106081,-0.3079065987801375,1.1561184715082367,-0.8085073610477306,-1.855752324553841,-1.1464592284942565,64.9
1.96770070637045,0.3667683594952293,0.0,1.7931663579668933,3.1259822915471887,2.484233552317004,2.0280228169756525,0.4519851237430572,1.7081537995919176,2.4584731179924266,0.8643556782619497,0.9520828875323876,0.6997332428803553,-0.7545804533026184,64.3
1.96770070637045,0.3667683594952293,0.0,2.066410377001139,4.506180022413273,0.2447045579150606,0.14899920483546683,0.4519851237430572,1.505629504360346,2.128348100636424,1.2957947560700476,-0.0725054469487717,-0.25375593033593596,-0.6956447725463445,64.9
0.8529714165202895,0.2682149584487535,0.0,6.758307678586871,8.605961188989413,2.484233552317004,7.492529831791415,0.4519851237430572,3.3961751723758486,3.535488321343807,0.04081758151863173,0.7338300846249933,0.7606826902018892,-1.0607324437026688,60.2
3.5416627668587353,0.48071111111111114,0.0,0.0020889860860158187,0.2345017083126928,2.484233552317004,0.012029709010688177,0.4519851237430572,-0.049714425921720776,1.3179316525099471,1.6702797373225498,1.172361090231217,0.6961348041940332,-0.4526099464501189,72.3
3.3285398293104476,0.46526759002770085,0.0,4.304887022553006,19.537166443783725,2.484233552317004,0.7124287532057196,0.4519851237430572,3.012564054560214,3.8618383511837218,1.8815787892390945,0.8146642911289144,-0.8467838684029765,-0.6680229177490401,69.3
1.1107100652041944,0.2927379501385041,0.0,1.2834615388216768,1.050209595544413,2.484233552317004,3.6272806661908525,0.4519851237430572,1.4807101114219412,2.07373687786816,0.2460029241028977,1.0393895182261161,1.2663382696437044,-0.7727545583704075,55.2
5.863617200990598,0.019698368728839642,0.0,3.56218398545101,14.020585480470052,2.484233552317004,2.268750126202859,0.4519851237430572,2.831369957985815,3.899592959349572,1.9454441921930454,0.5994838043218019,0.42974405651551034,-0.18127217800273576,58.8
0.14819634224619102,1.82486919052016,0.0,1.527685163053605,1.9499917611556596,2.484233552317004,1.7974538133985762,0.4519851237430572,1.526207754123904,1.875775144621957,0.03179150959573577,1.2753821598176023,0.18013021689453104,-1.269133141307115,66.1
1.393359802385584,0.274796675900277,0.0,2.64045830787083,0.8218391317449648,0.12635499677172707,0.9770146687484111,0.4519851237430572,1.2984189409335134,1.6814172073717533,0.6317611452869173,-0.30637495664539316,0.6287036411627116,-0.9069807916438849,73.7
0.6475857423592413,1.4065127731609723,0.0,0.6478107046828832,0.884234443489521,0.1463318241324812,0.04418769955117443,0.4519851237430572,0.46956360238596095,1.0102306739745406,0.9045640886577794,0.14176464154907062,-0.47920746119967816,-0.9915283620117615,77.3
0.18655723450351205,3.4011124653739615,0.0,0.006532112036466304,0.5194684255833566,0.16671981603102373,1.970876583925155,0.4519851237430572,-0.503963571207856,0.20690065769312754,1.1381509211619099,0.5907512317335802,-1.4573772072603732,-1.0848383824247265,80.2
0.9344914706491728,0.8476917205293935,0.0,1.7433159081799117,2.777865036338231,4.2493943561709795,4.356492352720406,0.4519851237430572,0.2935101593194855,0.49807861466249964,1.7763651524440118,-2.338407604939372,-2.160275703125604,-0.8194158992054442,54.9
0.0054013393264948665,1.611563434903047,0.0,3.0676668444336865,0.7617265337589231,0.1517695384228081,0.14899920483546683,0.4519851237430572,1.1807917805681418,0.9814356017515515,-0.05307039625027162,-0.7128981678525219,-0.5099828871276505,-1.4371873223764575,72.99
2.3621194200268465,1.2138627269929212,0.0,0.03382564059831787,0.7325262524253454,1.3302253592369353,0.6503157337421822,0.4519851237430572,-0.33098890477808746,0.9577092623122783,1.8394062905831827,0.9977491627781518,-0.37315682512744797,-0.5509513606010411,71.7
1.1371259155524303,1.4065127731609723,0.0,2.873843529686762,7.274370213439747,0.1463318241324812,0.04418769955117443,0.4519851237430572,1.683034896399055,2.1501959694126467,1.3821572471534018,-0.07892905953372212,-1.2715157973351658,-1.0620162832631483,79.4
0.3226361569250188,1.4065127731609723,0.0,0.1130631894259059,0.3429340188776031,0.1463318241324812,0.04418769955117443,0.4519851237430572,0.09343542803722246,0.637549142100261,0.6626094893913611,0.32131315968924046,-0.3693207996563022,-0.8811806086637435,59.89
0.8353610049837953,1.409843767313019,0.0,0.3149290872237566,0.47191075326914594,0.38724107580599976,0.03960353749334788,0.826678573184468,-0.20523128861104195,1.4178577449318261,0.7503606624357503,0.2956815141775141,-0.34538767064527715,-0.9692284577106316,64.9
0.1103918207718286,2.8888071406586637,0.0,0.09494508949535017,0.18798971196522474,0.8738922888336612,4.0103321942898615,0.826678573184468,-1.1162082495440449,0.19116408014304426,0.9339331362049498,-0.9168829851323288,-1.9306558925042046,-1.1772941933693102,66.6
1.96770070637045,0.3667683594952293,0.0,1.7931663579668933,3.1259822915471887,2.484233552317004,2.0280228169756525,0.826678573184468,1.269383688758481,2.9575437969156084,0.6421703429586628,0.8437072634477893,0.6248296749299916,-0.7854154181776721,65.2
1.96770070637045,0.3667683594952293,0.0,2.066410377001139,4.506180022413273,0.2447045579150606,0.14899920483546683,0.826678573184468,1.0668593935269095,2.627418779559606,1.0736094207667606,-0.18088107103336992,-0.32865949828629965,-0.7264797374213983,66.7
0.8529714165202895,0.2682149584487535,0.0,6.758307678586871,8.605961188989413,2.484233552317004,7.492529831791415,0.826678573184468,2.957405061542412,4.034559000266989,-0.18136775378465525,0.6254544605403951,0.6857791222515255,-1.0915674085777225,62.5
3.5416627668587353,0.48071111111111114,0.0,0.0020889860860158187,0.2345017083126928,2.484233552317004,0.012029709010688177,0.826678573184468,-0.4884845367551574,1.817002331433129,1.4480944020192628,1.0639854661466188,0.6212312362436695,-0.48344491132517275,74.19
3.3285398293104476,0.46526759002770085,0.0,4.304887022553006,19.537166443783725,2.484233552317004,0.7124287532057196,0.826678573184468,2.5737939437267774,4.360909030106904,1.6593934539358075,0.7062886670443161,-0.9216874363533402,-0.6988578826240939,70.7
1.1107100652041944,0.2927379501385041,0.0,1.2834615388216768,1.050209595544413,2.484233552317004,3.6272806661908525,0.826678573184468,1.0419400005885047,2.572807556791342,0.023817588799610715,0.9310138941415179,1.1914347016933409,-0.8035895232454613,57.6
5.863617200990598,0.019698368728839642,0.0,3.56218398545101,14.020585480470052,2.484233552317004,2.268750126202859,0.826678573184468,2.3925998471523786,4.398663638272754,1.7232588568897584,0.49110818023720376,0.35484048856514666,-0.21210714287778956,59.2
0.14819634224619102,1.82486919052016,0.0,1.527685163053605,1.9499917611556596,2.484233552317004,1.7974538133985762,0.826678573184468,1.0874376432904675,2.374845823545139,-0.1903938257075512,1.1670065357330042,0.10522664894416736,-1.2999681061821686,68.1
1.393359802385584,0.274796675900277,0.0,2.64045830787083,0.8218391317449648,0.12635499677172707,0.9770146687484111,0.826678573184468,0.8596488301000769,2.180487886294935,0.40957580998363036,-0.4147505807299914,0.5538000732123479,-0.9378157565189387,75.5
0.6475857423592413,1.4065127731609723,0.0,0.6478107046828832,0.884234443489521,0.1463318241324812,0.04418769955117443,0.826678573184468,0.0307934915525243,1.5093013528977224,0.6823787533544925,0.03338901746447239,-0.5541110291500418,-1.0223633268868153,79.3
0.9344914706491728,0.8476917205293935,0.0,1.7433159081799117,2.777865036338231,4.2493943561709795,4.356492352720406,0.826678573184468,-0.14525995151395116,0.9971492935856814,1.5541798171407248,-2.4467832290239704,-2.2351792710759675,-0.850250864080498,56.5
0.0054013393264948665,1.611563434903047,0.0,3.0676668444336865,0.7617265337589231,0.1517695384228081,0.14899920483546683,0.826678573184468,0.7420216697347053,1.4805062806747333,-0.2752557315535586,-0.8212737919371201,-0.5848864550780142,-1.4680222872515112,76.8
2.3621194200268465,1.2138627269929212,0.0,0.03382564059831787,0.7325262524253454,1.3302253592369353,0.6503157337421822,0.826678573184468,-0.7697590156115242,1.45677994123546,1.6172209552798957,0.8893735386935536,-0.44806039307781165,-0.5817863254760949,73.3
1.1371259155524303,1.4065127731609723,0.0,2.873843529686762,7.274370213439747,0.1463318241324812,0.04418769955117443,0.826678573184468,1.2442647855656184,2.6492666483358285,1.1599719118501148,-0.18730468361832034,-1.3464193652855294,-1.092851248138202,82.6
0.3226361569250188,1.4065127731609723,0.0,0.1130631894259059,0.3429340188776031,0.1463318241324812,0.04418769955117443,0.826678573184468,-0.34533468279621415,1.1366198210234428,0.44042415408807417,0.21293753560464224,-0.4442243676066659,-0.9120155735387973,67.8
0.29041549468838906,0.019698368728839642,0.6681645943626567,0.11462387846865209,0.06707771442823562,0.008798060789426394,1.4761679316785439,0.0,0.8094828092524856,-0.6317373457759157,-0.8011422875966716,0.37472262525303934,0.9205880425379063,0.5902992309119479,11.58
0.29041549468838906,0.019698368728839642,0.6681645943626567,0.11462387846865209,0.06707771442823562,0.008798060789426394,1.4761679316785439,0.0,0.671583631561977,-0.4748865609714871,-0.870971964406276,0.34066171482645136,0.8970469211820776,0.5806082419512167,24.45
0.29041549468838906,0.019698368728839642,0.6681645943626567,0.11462387846865209,0.06707771442823562,0.008798060789426394,1.4761679316785439,0.0,0.49607558722860234,-0.2752582894022145,-0.9598460985275908,0.29731146519261203,0.8670854940019322,0.5682742560011952,24.89
0.29041549468838906,0.019698368728839642,0.6681645943626567,0.11462387846865209,0.06707771442823562,0.008798060789426394,1.4761679316785439,0.4519851237430572,0.1450594985618531,0.12399825373633085,-1.1375943667702204,0.2106109659249335,0.8071626396416413,0.5436062841011522,29.45
0.29041549468838906,0.019698368728839642,0.6681645943626567,0.11462387846865209,0.06707771442823562,0.008798060789426394,1.4761679316785439,0.9039702474861145,-0.4065372122001814,0.751401392954045,-1.4169130740086382,0.07436732421858147,0.7129981542183269,0.5048423282582274,40.71
0.18459773625074274,0.019698368728839642,0.6394591168633693,0.5499306963963053,0.058613218746320264,0.12452887145990661,0.9794768482961443,0.0,0.5243077621976532,-0.6993350214552966,-0.5741328879177647,0.717149655936663,0.8654057783007875,0.7401167704669117,10.38
0.18459773625074274,0.019698368728839642,0.6394591168633693,0.5499306963963053,0.058613218746320264,0.12452887145990661,0.9794768482961443,0.0,0.3864085845071445,-0.5424842366508681,-0.6439625647273691,0.683088745510075,0.8418646569449588,0.7304257815061805,22.14
0.18459773625074274,0.019698368728839642,0.6394591168633693,0.5499306963963053,0.058613218746320264,0.12452887145990661,0.9794768482961443,0.0,0.21090054017376988,-0.3428559650815954,-0.732836698848684,0.6397384958762358,0.8119032297648134,0.718091795556159,22.84
0.18459773625074274,0.019698368728839642,0.6394591168633693,0.5499306963963053,0.058613218746320264,0.12452887145990661,0.9794768482961443,0.4519851237430572,-0.14011554849297933,0.05640057805694993,-0.9105849670913135,0.5530379966085571,0.7519803754045224,0.693423823656116,27.66
0.18459773625074274,0.019698368728839642,0.6394591168633693,0.5499306963963053,0.058613218746320264,0.12452887145990661,0.9794768482961443,0.9039702474861145,-0.6917122592550139,0.683803717274664,-1.1899036743297313,0.4167943549022051,0.6578158899812081,0.6546598678131912,34.56
0.6470103305518525,0.019698368728839642,0.7217098526676523,0.5960822231256729,0.06138796520925103,0.17038572413994613,2.7492653376816043,0.0,1.7777268853782335,-0.17190427485974272,-1.2030634921780266,-0.36212466161560586,0.7324839719648492,0.2595300609569731,12.45
0.6470103305518525,0.019698368728839642,0.7217098526676523,0.5960822231256729,0.06138796520925103,0.17038572413994613,2.7492653376816043,0.0,1.639827707687725,-0.01505349005531418,-1.272893168987631,-0.39618557204219385,0.7089428506090205,0.24983907199624192,24.99
0.6470103305518525,0.019698368728839642,0.7217098526676523,0.5960822231256729,0.06138796520925103,0.17038572413994613,2.7492653376816043,0.0,1.4643196633543503,0.18457478151395848,-1.3617673031089457,-0.43953582167603317,0.6789814234288751,0.2375050860462204,25.72
0.6470103305518525,0.019698368728839642,0.7217098526676523,0.5960822231256729,0.06138796520925103,0.17038572413994613,2.7492653376816043,0.4519851237430572,1.113303574687601,0.5838313246525038,-1.5395155713515754,-0.5262363209437118,0.6190585690685841,0.21283711414617734,33.96
0.6470103305518525,0.019698368728839642,0.7217098526676523,0.5960822231256729,0.06138796520925103,0.17038572413994613,2.7492653376816043,0.9039702474861145,0.5617068639255666,1.211234463870218,-1.8188342785899931,-0.6624799626500637,0.5248940836452698,0.17407315830325257,37.34
0.7101503127290929,0.019698368728839642,1.123635841367814,0.8762457251965801,0.0890675730489724,2.2212325585351667,0.15189591213771042,0.0,1.423266598134246,-0.6732052144907629,-0.7647833855533426,-1.4481334250634772,-0.2987059010746402,0.4084994490487484,15.04
0.7101503127290929,0.019698368728839642,1.123635841367814,0.8762457251965801,0.0890675730489724,2.2212325585351667,0.15189591213771042,0.0,1.2853674204437373,-0.5163544296863343,-0.834613062362947,-1.4821943354900653,-0.32224702243046877,0.39880846008801724,21.06
0.7101503127290929,0.019698368728839642,1.123635841367814,0.8762457251965801,0.0890675730489724,2.2212325585351667,0.15189591213771042,0.0,1.1098593761103628,-0.3167261581170616,-0.9234871964842618,-1.5255445851239047,-0.35220844961061426,0.38647447413799574,26.4
0.7101503127290929,0.019698368728839642,1.123635841367814,0.8762457251965801,0.0890675730489724,2.2212325585351667,0.15189591213771042,0.4519851237430572,0.7588432874436135,0.08253038502148367,-1.1012354647268914,-1.6122450843915832,-0.4121313039709052,0.3618065022379527,35.34
0.7101503127290929,0.019698368728839642,1.123635841367814,0.8762457251965801,0.0890675730489724,2.2212325585351667,0.15189591213771042,0.9039702474861145,0.20724657668157898,0.7099335242391978,-1.3805541719653092,-1.7484887260979352,-0.5062957893942195,0.3230425463950279,40.57
0.4065513909758194,0.019698368728839642,1.0565685046470532,0.0069213884043053875,0.0031685432607439653,1.150781405971145,0.006772723568544618,0.0,0.7066866664252891,-0.9957878575763947,-0.46146542798499807,-0.8520874146156013,-0.1440739151578038,0.6605774057232044,12.47
0.4065513909758194,0.019698368728839642,1.0565685046470532,0.0069213884043053875,0.0031685432607439653,1.150781405971145,0.006772723568544618,0.0,0.5687874887347805,-0.838937072771966,-0.5312951047946025,-0.8861483250421893,-0.16761503651363235,0.6508864167624733,20.92
0.4065513909758194,0.019698368728839642,1.0565685046470532,0.0069213884043053875,0.0031685432607439653,1.150781405971145,0.006772723568544618,0.0,0.3932794444014059,-0.6393088012026934,-0.6201692389159174,-0.9294985746760286,-0.19757646369377782,0.6385524308124517,24.9
0.4065513909758194,0.019698368728839642,1.0565685046470532,0.0069213884043053875,0.0031685432607439653,1.150781405971145,0.006772723568544618,0.4519851237430572,0.042263355734656644,-0.24005225806414812,-0.7979175071585469,-1.0161990739437072,-0.2574993180540688,0.6138844589124087,34.2
0.4065513909758194,0.019698368728839642,1.0565685046470532,0.0069213884043053875,0.0031685432607439653,1.150781405971145,0.006772723568544618,0.9039702474861145,-0.5093333550273779,0.387350881153566,-1.0772362143969647,-1.1524427156500592,-0.3516638034773831,0.5751205030694839,39.61
0.21721779391341914,0.019698368728839642,1.0,0.3957727971188695,0.058613218746320264,0.503032005202394,0.03075008228410276,0.0,0.15731049734236105,-1.2118431259263678,-0.18879587108563123,-0.33216922727102555,-0.065873926548478,0.885046039385058,10.03
0.21721779391341914,0.019698368728839642,1.0,0.3957727971188695,0.058613218746320264,0.503032005202394,0.03075008228410276,0.0,0.019411319651852395,-1.0549923411219393,-0.25862554789523573,-0.36623013769761353,-0.08941504790430659,0.8753550504243268,20.08
0.21721779391341914,0.019698368728839642,1.0,0.3957727971188695,0.058613218746320264,0.503032005202394,0.03075008228410276,0.0,-0.15609672468152222,-0.8553640695526665,-0.3474996820165505,-0.40958038733145286,-0.11937647508445205,0.8630210644743053,24.48
0.21721779391341914,0.019698368728839642,1.0,0.3957727971188695,0.058613218746320264,0.503032005202394,0.03075008228410276,0.4519851237430572,-0.5071128133482714,-0.4561075264141212,-0.52524795025918,-0.4962808865991314,-0.17929932944474297,0.8383530925742623,31.54
0.21721779391341914,0.019698368728839642,1.0,0.3957727971188695,0.058613218746320264,0.503032005202394,0.03075008228410276,0.9039702474861145,-1.058709524110306,0.17129561280359284,-0.8045666574975979,-0.6325245283054834,-0.2734638148680573,0.7995891367313375,35.34
0.7166259608820812,0.019698368728839642,1.1200545341906938,0.8938801303935685,0.4266357947134503,2.148830710952331,0.13861653479849692,0.0,1.5803942931475785,-0.5095475035656857,-0.7020815367310885,-1.4007530548368696,-0.47687968008168613,0.45171745170118377,9.45
0.7166259608820812,0.019698368728839642,1.1200545341906938,0.8938801303935685,0.4266357947134503,2.148830710952331,0.13861653479849692,0.0,1.44249511545707,-0.35269671876125713,-0.7719112135406929,-1.4348139652634577,-0.5004208014375148,0.4420264627404526,22.72
0.7166259608820812,0.019698368728839642,1.1200545341906938,0.8938801303935685,0.4266357947134503,2.148830710952331,0.13861653479849692,0.0,1.2669870711236952,-0.1530684471919845,-0.8607853476620078,-1.478164214897297,-0.5303822286176602,0.4296924767904311,28.47
0.7166259608820812,0.019698368728839642,1.1200545341906938,0.8938801303935685,0.4266357947134503,2.148830710952331,0.13861653479849692,0.4519851237430572,0.9159709824569461,0.24618809594656083,-1.0385336159046372,-1.5648647141649756,-0.5903050829779511,0.40502450489038805,38.56
0.7166259608820812,0.019698368728839642,1.1200545341906938,0.8938801303935685,0.4266357947134503,2.148830710952331,0.13861653479849692,0.9039702474861145,0.36437427169491154,0.873591235164275,-1.3178523231430552,-1.7011083558713276,-0.6844695684012655,0.36626054904746325,40.39
1.163080764741153,0.019698368728839642,1.9054733549174023,0.06826190432426328,0.06707771442823562,1.1786028657204946,0.008510834586590828,0.0,0.8010554626423702,-1.1492246747633625,-0.8913033346700407,-0.8844785385707911,-0.31276264770325946,0.7983760581933306,10.76
1.163080764741153,0.019698368728839642,1.9054733549174023,0.06826190432426328,0.06707771442823562,1.1786028657204946,0.008510834586590828,0.0,0.6631562849518615,-0.9923738899589339,-0.9611330114796451,-0.918539448997379,-0.33630376905908804,0.7886850692325994,25.48
1.163080764741153,0.019698368728839642,1.9054733549174023,0.06826190432426328,0.06707771442823562,1.1786028657204946,0.008510834586590828,0.0,0.4876482406184869,-0.7927456183896613,-1.0500071456009599,-0.9618896986312183,-0.36626519623923354,0.7763510832825778,21.54
1.163080764741153,0.019698368728839642,1.9054733549174023,0.06826190432426328,0.06707771442823562,1.1786028657204946,0.008510834586590828,0.4519851237430572,0.13663215195173764,-0.393489075251116,-1.2277554138435895,-1.048590197898897,-0.42618805059952447,0.7516831113825349,28.63
1.163080764741153,0.019698368728839642,1.9054733549174023,0.06826190432426328,0.06707771442823562,1.1786028657204946,0.008510834586590828,0.9039702474861145,-0.41496455881029687,0.23391406396659808,-1.5070741210820073,-1.184833839605249,-0.5203525360228388,0.71291915553961,33.54
1.124136989576144,0.02405220067713143,1.91715976331361,7.978428780262262,0.0031685432607439653,1.1814032883568273,0.008510834586590828,0.0,2.192302729828348,-0.2888228517808746,-0.8448999399827777,-1.7660065681654076,-0.6910822341232327,-0.21335336925150247,7.75
1.124136989576144,0.02405220067713143,1.91715976331361,7.978428780262262,0.0031685432607439653,1.1814032883568273,0.008510834586590828,0.0,2.0544035521378397,-0.131972066976446,-0.9147296167923821,-1.8000674785919957,-0.7146233554790613,-0.22304435821223367,17.82
1.124136989576144,0.02405220067713143,1.91715976331361,7.978428780262262,0.0031685432607439653,1.1814032883568273,0.008510834586590828,0.0,1.878895507804465,0.06765620459282665,-1.0036037509136968,-1.843417728225835,-0.7445847826592067,-0.2353783441622552,24.24
1.124136989576144,0.02405220067713143,1.91715976331361,7.978428780262262,0.0031685432607439653,1.1814032883568273,0.008510834586590828,0.4519851237430572,1.5278794191377156,0.466912747731372,-1.1813520191563265,-1.9301182274935136,-0.8045076370194977,-0.2600463160622982,32.85
1.124136989576144,0.02405220067713143,1.91715976331361,7.978428780262262,0.0031685432607439653,1.1814032883568273,0.008510834586590828,0.9039702474861145,0.9762827083756812,1.094315886949086,-1.4606707263947443,-2.0663618691998655,-0.898672122442812,-0.298810271905223,39.23
0.387232359363733,0.3003809172052939,0.04289065508910753,0.0003093495717143829,0.021437067399782756,1.3887269585401425,0.025034662291395202,0.0,0.6455830668535834,-1.0233452340441407,-0.37273391775828074,-0.7313338237878682,-0.22359060131933403,-0.2898841510917312,18.0
0.387232359363733,0.3003809172052939,0.04289065508910753,0.0003093495717143829,0.021437067399782756,1.3887269585401425,0.025034662291395202,0.0,0.5076838891630747,-0.8664944492397121,-0.44256359456788524,-0.7653947342144561,-0.2471317226751626,-0.2995751400524624,30.39
0.387232359363733,0.3003809172052939,0.04289065508910753,0.0003093495717143829,0.021437067399782756,1.3887269585401425,0.025034662291395202,0.0,0.3321758448297001,-0.6668661776704394,-0.5314377286892,-0.8087449838482954,-0.2770931498553081,-0.3119091260024839,45.71
0.387232359363733,0.3003809172052939,0.04289065508910753,0.0003093495717143829,0.021437067399782756,1.3887269585401425,0.025034662291395202,0.4519851237430572,-0.01884024383704916,-0.26760963453189407,-0.7091859969318296,-0.895445483115974,-0.337016004215599,-0.33657709790252693,50.77
0.387232359363733,0.3003809172052939,0.04289065508910753,0.0003093495717143829,0.021437067399782756,1.3887269585401425,0.025034662291395202,0.9039702474861145,-0.5704369545990837,0.35979350468582,-0.9885047041702474,-1.031689124822326,-0.4311804896389133,-0.37534105374545174,53.9
0.38604053380217906,0.3003809172052939,0.04289065508910753,0.0003093495717143829,0.01268552898032278,1.3948096430677221,0.025430094079006347,0.0,0.6308402921623808,-1.0386474476045313,-0.37804342451551726,-0.7365130101332642,-0.20671220340519506,-0.294371212310699,13.18
0.38604053380217906,0.3003809172052939,0.04289065508910753,0.0003093495717143829,0.01268552898032278,1.3948096430677221,0.025430094079006347,0.0,0.4929411144718721,-0.8817966628001028,-0.44787310132512176,-0.7705739205598522,-0.23025332476102361,-0.3040622012714302,17.84
0.38604053380217906,0.3003809172052939,0.04289065508910753,0.0003093495717143829,0.01268552898032278,1.3948096430677221,0.025430094079006347,0.0,0.31743307013849753,-0.6821683912308302,-0.5367472354464365,-0.8139241701936915,-0.2602147519411691,-0.3163961872214517,40.23
0.38604053380217906,0.3003809172052939,0.04289065508910753,0.0003093495717143829,0.01268552898032278,1.3948096430677221,0.025430094079006347,0.4519851237430572,-0.03358301852825171,-0.28291184809228487,-0.7144955036890661,-0.9006246694613701,-0.32013760630146004,-0.34106415912149474,47.13
0.38604053380217906,0.3003809172052939,0.04289065508910753,0.0003093495717143829,0.01268552898032278,1.3948096430677221,0.025430094079006347,0.9039702474861145,-0.5851797292902863,0.3444912911254292,-0.9938142109274839,-1.0368683111677222,-0.41430209172477434,-0.37982811496441954,49.97
0.21990603288520746,0.019698368728839642,0.9983100974712913,0.37828184403273324,0.00012719627303128648,0.47954312599135585,0.03527035979619633,0.0,0.2733566755454465,-1.092892212981992,-0.14422530107729836,-0.30171762037423855,-0.19389087824938564,0.9137185845400265,13.36
0.21990603288520746,0.019698368728839642,0.9983100974712913,0.37828184403273324,0.00012719627303128648,0.47954312599135585,0.03527035979619633,0.0,0.13545749785493788,-0.9360414281775635,-0.21405497788690286,-0.33577853080082654,-0.2174319996052142,0.9040275955792954,22.32
0.21990603288520746,0.019698368728839642,0.9983100974712913,0.37828184403273324,0.00012719627303128648,0.47954312599135585,0.03527035979619633,0.0,-0.04005054647843672,-0.7364131566082909,-0.30292911200821765,-0.37912878043466586,-0.24739342678535967,0.8916936096292738,24.54
0.21990603288520746,0.019698368728839642,0.9983100974712913,0.37828184403273324,0.00012719627303128648,0.47954312599135585,0.03527035979619633,0.4519851237430572,-0.3910666351451859,-0.33715661346974557,-0.48067738025084716,-0.4658292797023444,-0.3073162811456506,0.8670256377292308,31.35
0.21990603288520746,0.019698368728839642,0.9983100974712913,0.37828184403273324,0.00012719627303128648,0.47954312599135585,0.03527035979619633,0.9039702474861145,-0.9426633459072205,0.2902465257479685,-0.7599960874892651,-0.6020729214086964,-0.4014807665689649,0.828261681886306,40.86
0.1508845812179796,0.019698368728839642,0.6327173704116289,0.046967886099729905,0.026668854268955745,0.09954375612877273,0.855552218755464,0.0,0.9443839892300333,-0.36766385454549927,-0.4506319797238402,0.5109410562597009,0.6068955095580083,0.6216544708864404,19.93
0.1508845812179796,0.019698368728839642,0.6327173704116289,0.046967886099729905,0.026668854268955745,0.09954375612877273,0.855552218755464,0.0,0.8064848115395247,-0.21081306974107072,-0.5204616565334447,0.47688014583311283,0.5833543882021797,0.6119634819257093,25.69
0.1508845812179796,0.019698368728839642,0.6327173704116289,0.046967886099729905,0.026668854268955745,0.09954375612877273,0.855552218755464,0.0,0.63097676720615,-0.011184798171798075,-0.6093357906547595,0.4335298961992735,0.5533929610220343,0.5996294959756877,30.23
0.1508845812179796,0.019698368728839642,0.6327173704116289,0.046967886099729905,0.026668854268955745,0.09954375612877273,0.855552218755464,0.4519851237430572,0.2799606785394008,0.38807174496674723,-0.7870840588973891,0.346829396931595,0.4934701066617433,0.5749615240756447,39.59
0.1508845812179796,0.019698368728839642,0.6327173704116289,0.046967886099729905,0.026668854268955745,0.09954375612877273,0.855552218755464,0.9039702474861145,-0.2716360322226337,1.0154748841844614,-1.0664027661358069,0.21058575522524295,0.399305621238429,0.5361975682327199,44.3
0.07529156343668375,0.019698368728839642,0.6544167192453818,0.06226224102962768,0.00811328739237241,0.0507491537315691,1.2137616613817206,0.0,0.8677681270108185,-0.4425239477557748,-0.49661744655409495,0.42212510024876276,0.8770523184248563,0.5889039489788171,13.82
0.07529156343668375,0.019698368728839642,0.6544167192453818,0.06226224102962768,0.00811328739237241,0.0507491537315691,1.2137616613817206,0.0,0.7298689493203099,-0.28567316295134626,-0.5664471233636994,0.3880641898221748,0.8535111970690277,0.579212960018086,24.92
0.07529156343668375,0.019698368728839642,0.6544167192453818,0.06226224102962768,0.00811328739237241,0.0507491537315691,1.2137616613817206,0.0,0.5543609049869352,-0.08604489138207361,-0.6553212574850142,0.34471394018833545,0.8235497698888823,0.5668789740680644,29.22
0.07529156343668375,0.019698368728839642,0.6544167192453818,0.06226224102962768,0.00811328739237241,0.0507491537315691,1.2137616613817206,0.4519851237430572,0.203344816320186,0.3132116517564717,-0.8330695257276438,0.2580134409206569,0.7636269155285913,0.5422110021680214,38.33
0.07529156343668375,0.019698368728839642,0.6544167192453818,0.06226224102962768,0.00811328739237241,0.0507491537315691,1.2137616613817206,0.9039702474861145,-0.3482518944418485,0.9406147909741858,-1.1123882329660617,0.12176979921430489,0.669462430105277,0.5034470463250966,42.35
0.4016775467268165,0.019698368728839642,0.7202743287014047,1.1391144965660362,0.20292303230808534,0.18560933827084017,2.655148679745004,0.0,1.9924034280553438,0.048528125008782806,-1.0251063467672397,-0.498014360381573,0.6611833351695597,0.18832675947718028,13.54
0.4016775467268165,0.019698368728839642,0.7202743287014047,1.1391144965660362,0.20292303230808534,0.18560933827084017,2.655148679745004,0.0,1.8545042503648352,0.20537890981321136,-1.0949360235768442,-0.532075270808161,0.6376422138137311,0.17863577051644908,26.31
0.4016775467268165,0.019698368728839642,0.7202743287014047,1.1391144965660362,0.20292303230808534,0.18560933827084017,2.655148679745004,0.0,1.6789962060314605,0.405007181382484,-1.1838101576981588,-0.5754255204420002,0.6076807866335857,0.16630178456642755,31.64
0.4016775467268165,0.019698368728839642,0.7202743287014047,1.1391144965660362,0.20292303230808534,0.18560933827084017,2.655148679745004,0.4519851237430572,1.3279801173647112,0.8042637245210293,-1.3615584259407885,-0.6621260197096789,0.5477579322732947,0.1416338126663845,42.55
0.4016775467268165,0.019698368728839642,0.7202743287014047,1.1391144965660362,0.20292303230808534,0.18560933827084017,2.655148679745004,0.9039702474861145,0.7763834066026768,1.4316668637387435,-1.6408771331792062,-0.7983696614160308,0.45359344684998043,0.10286985682345973,42.92
0.4004636779922722,0.019698368728839642,0.7202743287014047,1.1291333980521367,0.5441032793999049,0.14384127315588485,2.663267666937446,0.0,2.120153198208574,0.19058675033858377,-0.9757671167404898,-0.4268831235945765,0.5328787739254305,0.2279149113740483,13.33
0.4004636779922722,0.019698368728839642,0.7202743287014047,1.1291333980521367,0.5441032793999049,0.14384127315588485,2.663267666937446,0.0,1.9822540205180654,0.3474375351430123,-1.0455967935500943,-0.46094403402116446,0.509337652569602,0.2182239224133171,25.37
0.4004636779922722,0.019698368728839642,0.7202743287014047,1.1291333980521367,0.5441032793999049,0.14384127315588485,2.663267666937446,0.0,1.8067459761846907,0.547065806712285,-1.134470927671409,-0.5042942836550037,0.47937622538945646,0.20588993646329556,37.4
0.4004636779922722,0.019698368728839642,0.7202743287014047,1.1291333980521367,0.5441032793999049,0.14384127315588485,2.663267666937446,0.4519851237430572,1.4557298875179414,0.9463223498508303,-1.3122191959140386,-0.5909947829226824,0.4194533710291655,0.1812219645632525,44.4
0.4004636779922722,0.019698368728839642,0.7202743287014047,1.1291333980521367,0.5441032793999049,0.14384127315588485,2.663267666937446,0.9039702474861145,0.904133176755907,1.5737254890685444,-1.5915379031524564,-0.7272384246290343,0.32528888560585123,0.14245800872032774,47.74
0.4077744443657764,0.019698368728839642,1.112909068953025,1.1693213157112257,0.0890675730489724,2.048007476136377,0.11137345347858502,0.0,1.4597722162238835,-0.5661876548848941,-0.5695292915367154,-1.485431341645938,-0.2601558859859787,0.36268100824337335,19.52
0.4077744443657764,0.019698368728839642,1.112909068953025,1.1693213157112257,0.0890675730489724,2.048007476136377,0.11137345347858502,0.0,1.321873038533375,-0.4093368700804656,-0.6393589683463198,-1.519492252072526,-0.2836970073418073,0.3529900192826422,31.35
0.4077744443657764,0.019698368728839642,1.112909068953025,1.1693213157112257,0.0890675730489724,2.048007476136377,0.11137345347858502,0.0,1.1463649942000003,-0.20970859851119292,-0.7282331024676346,-1.5628425017063654,-0.3136584345219528,0.3406560333326207,38.5
0.4077744443657764,0.019698368728839642,1.112909068953025,1.1693213157112257,0.0890675730489724,2.048007476136377,0.11137345347858502,0.4519851237430572,0.7953489055332511,0.1895479446273524,-0.9059813707102642,-1.649543000974044,-0.37358128888224373,0.3159880614325776,45.08
0.4077744443657764,0.019698368728839642,1.112909068953025,1.1693213157112257,0.0890675730489724,2.048007476136377,0.11137345347858502,0.9039702474861145,0.24375219477121657,0.8169510838450665,-1.185300077948682,-1.7857866426803959,-0.467745774305558,0.2772241055896528,47.82
0.20143554005729183,0.019698368728839642,1.0565685046470532,0.1432049798609797,0.01268552898032278,1.117834294145376,0.005232921181154981,0.0,0.9126137749933528,-0.7721464426855479,-0.27966456556636804,-0.9630549944686008,-0.17727932754307493,0.5851147468898322,15.44
0.20143554005729183,0.019698368728839642,1.0565685046470532,0.1432049798609797,0.01268552898032278,1.117834294145376,0.005232921181154981,0.0,0.7747145973028442,-0.6152956578811194,-0.34949424237597254,-0.9971159048951888,-0.2008204488989035,0.575423757929101,26.77
0.20143554005729183,0.019698368728839642,1.0565685046470532,0.1432049798609797,0.01268552898032278,1.117834294145376,0.005232921181154981,0.0,0.5992065529694696,-0.4156673863118467,-0.4383683764972873,-1.0404661545290281,-0.23078187607904896,0.5630897719790795,33.73
0.20143554005729183,0.019698368728839642,1.0565685046470532,0.1432049798609797,0.01268552898032278,1.117834294145376,0.005232921181154981,0.4519851237430572,0.24819046430272032,-0.016410843173301375,-0.6161166447399169,-1.1271666537967067,-0.2907047304393399,0.5384218000790365,42.7
0.20143554005729183,0.019698368728839642,1.0565685046470532,0.1432049798609797,0.01268552898032278,1.117834294145376,0.005232921181154981,0.9039702474861145,-0.3034062464593142,0.6109922960444127,-0.8954353519783347,-1.2634102955030586,-0.3848692158626542,0.4996578442361117,45.84
0.0681084500649759,0.019698368728839642,1.0,0.09064436680558935,0.0015521888543727751,0.4849137911383567,0.034804388469393856,0.0,0.3930419591284825,-0.9591370629968496,0.01140242526364431,-0.45721554640077133,-0.11215293520873247,0.8030006390478883,17.22
0.0681084500649759,0.019698368728839642,1.0,0.09064436680558935,0.0015521888543727751,0.4849137911383567,0.034804388469393856,0.0,0.25514278143797386,-0.8022862781924212,-0.058427251545960165,-0.4912764568273593,-0.13569405656456104,0.7933096500871571,29.93
0.0681084500649759,0.019698368728839642,1.0,0.09064436680558935,0.0015521888543727751,0.4849137911383567,0.034804388469393856,0.0,0.07963473710459923,-0.6026580066231485,-0.14730138566727494,-0.5346267064611986,-0.1656554837447065,0.7809756641371356,29.65
0.0681084500649759,0.019698368728839642,1.0,0.09064436680558935,0.0015521888543727751,0.4849137911383567,0.034804388469393856,0.4519851237430572,-0.27138135156215,-0.20340146348460317,-0.3250496539099045,-0.6213272057288772,-0.22557833810499744,0.7563076922370926,36.97
0.0681084500649759,0.019698368728839642,1.0,0.09064436680558935,0.0015521888543727751,0.4849137911383567,0.034804388469393856,0.9039702474861145,-0.8229780623241845,0.4240016757331109,-0.6043683611483224,-0.7575708474352292,-0.3197428235283118,0.7175437363941678,43.58
0.0681084500649759,0.019698368728839642,1.0,0.09064436680558935,0.0038383096483479615,0.4849137911383567,0.034804388469393856,0.0,0.4381236582881936,-0.9136158153283811,0.026929868568400975,-0.448440071859593,-0.1599433582407602,0.8158165729083544,13.12
0.0681084500649759,0.019698368728839642,1.0,0.09064436680558935,0.0038383096483479615,0.4849137911383567,0.034804388469393856,0.0,0.300224480597685,-0.7567650305239526,-0.0428998082412035,-0.482500982286181,-0.18348447959658876,0.8061255839476232,24.43
0.0681084500649759,0.019698368728839642,1.0,0.09064436680558935,0.0038383096483479615,0.4849137911383567,0.034804388469393856,0.0,0.12471643626431035,-0.55713675895468,-0.13177394236251827,-0.5258512319200203,-0.21344590677673422,0.7937915979976017,32.66
0.0681084500649759,0.019698368728839642,1.0,0.09064436680558935,0.0038383096483479615,0.4849137911383567,0.034804388469393856,0.4519851237430572,-0.22629965240243885,-0.15788021581613462,-0.30952221060514784,-0.6125517311876989,-0.2733687611370252,0.7691236260975587,36.64
0.0681084500649759,0.019698368728839642,1.0,0.09064436680558935,0.0038383096483479615,0.4849137911383567,0.034804388469393856,0.9039702474861145,-0.7778963631644734,0.4695229234015795,-0.5888409178435657,-0.7487953728940508,-0.3675332465603395,0.7303596702546339,44.21
0.8683112715712225,0.019698368728839642,1.9927988001334773,0.3417762644880589,0.07004382271619611,1.0961353952757313,0.004048269140774166,0.0,1.181381213429638,-0.7667865738484922,-0.6807770760713092,-0.9509054357563861,-0.5493196223915509,0.7808821110669407,13.62
0.8683112715712225,0.019698368728839642,1.9927988001334773,0.3417762644880589,0.07004382271619611,1.0961353952757313,0.004048269140774166,0.0,1.0434820357391295,-0.6099357890440636,-0.7506067528809136,-0.9849663461829741,-0.5728607437473795,0.7711911221062095,21.6
0.8683112715712225,0.019698368728839642,1.9927988001334773,0.3417762644880589,0.07004382271619611,1.0961353952757313,0.004048269140774166,0.0,0.8679739914057547,-0.41030751747479105,-0.8394808870022284,-1.0283165958168135,-0.6028221709275249,0.758857136156188,27.77
0.8683112715712225,0.019698368728839642,1.9927988001334773,0.3417762644880589,0.07004382271619611,1.0961353952757313,0.004048269140774166,0.4519851237430572,0.5169579027390055,-0.01105097433624571,-1.017229155244858,-1.115017095084492,-0.6627450252878159,0.734189164256145,35.57
0.8683112715712225,0.019698368728839642,1.9927988001334773,0.3417762644880589,0.07004382271619611,1.0961353952757313,0.004048269140774166,0.9039702474861145,-0.034638808023028995,0.6163521648814684,-1.2965478624832758,-1.251260736790844,-0.7569095107111302,0.6954252084132202,45.37
0.8576278997301517,0.031273130193905825,1.063531045974638,0.3096914135726405,0.13396321499006905,1.2010992916327679,0.009944557888993651,0.0,1.1580516432960584,-0.7755349893901109,-0.6399799429325717,-0.8953381926598954,-0.5891365206336352,0.34182423392735123,7.32
0.8576278997301517,0.031273130193905825,1.063531045974638,0.3096914135726405,0.13396321499006905,1.2010992916327679,0.009944557888993651,0.0,1.0201524656055498,-0.6186842045856824,-0.709809619742176,-0.9293991030864834,-0.6126776419894638,0.33213324496662006,21.5
0.8576278997301517,0.031273130193905825,1.063531045974638,0.3096914135726405,0.13396321499006905,1.2010992916327679,0.009944557888993651,0.0,0.8446444212721751,-0.4190559330164097,-0.7986837538634909,-0.9727493527203227,-0.6426390691696092,0.31979925901659856,31.27
0.8576278997301517,0.031273130193905825,1.063531045974638,0.3096914135726405,0.13396321499006905,1.2010992916327679,0.009944557888993651,0.4519851237430572,0.49362833260542593,-0.019799389877864386,-0.9764320221061205,-1.0594498519880013,-0.7025619235299002,0.2951312871165555,43.5
0.8576278997301517,0.031273130193905825,1.063531045974638,0.3096914135726405,0.13396321499006905,1.2010992916327679,0.009944557888993651,0.9039702474861145,-0.05796837815660861,0.6076037493398497,-1.2557507293445382,-1.1956934936943533,-0.7967264089532146,0.2563673312736307,48.67
1.1059213914985937,0.024270360110803326,1.1040093919995084,1.2413411147370095,0.6483494790623847,1.8818139238300853,0.0856448464148314,0.0,1.7154953563861992,-0.46965989546207493,-0.7956326928876112,-1.2764538608572698,-0.782671871825867,0.21741969719175158,7.4
1.1059213914985937,0.024270360110803326,1.1040093919995084,1.2413411147370095,0.6483494790623847,1.8818139238300853,0.0856448464148314,0.0,1.5775961786956907,-0.3128091106576464,-0.8654623696972156,-1.3105147712838578,-0.8062129931816956,0.20772870823102038,23.51
1.1059213914985937,0.024270360110803326,1.1040093919995084,1.2413411147370095,0.6483494790623847,1.8818139238300853,0.0856448464148314,0.0,1.402088134362316,-0.1131808390883737,-0.9543365038185304,-1.3538650209176972,-0.836174420361841,0.19539472228099886,31.12
1.1059213914985937,0.024270360110803326,1.1040093919995084,1.2413411147370095,0.6483494790623847,1.8818139238300853,0.0856448464148314,0.4519851237430572,1.0510720456955667,0.28607570405017163,-1.13208477206116,-1.4405655201853758,-0.896097274722132,0.1707267503809558,39.15
1.1059213914985937,0.024270360110803326,1.1040093919995084,1.2413411147370095,0.6483494790623847,1.8818139238300853,0.0856448464148314,0.9039702474861145,0.49947533493353224,0.9134788432678858,-1.4114034792995778,-1.5768091618917277,-0.9902617601454463,0.13196279453803103,48.15
0.012720865393743504,0.019698368728839642,0.661272793140925,0.4289058863681649,0.3234352710177131,0.028848626336655657,1.3202176437605702,0.0,1.6046307604046475,0.24098836242282465,-0.11792708524668678,0.03941712816897101,0.6749404231858621,0.36999880113285244,22.5
0.012720865393743504,0.019698368728839642,0.661272793140925,0.4289058863681649,0.3234352710177131,0.028848626336655657,1.3202176437605702,0.0,1.466731582714139,0.39783914722725316,-0.18775676205629127,0.005356217742383006,0.6513993018300335,0.36030781217212127,34.67
0.012720865393743504,0.019698368728839642,0.661272793140925,0.4289058863681649,0.3234352710177131,0.028848626336655657,1.3202176437605702,0.0,1.2912235383807642,0.5974674187965259,-0.27663089617760606,-0.037994031891456274,0.6214378746498881,0.34797382622209977,34.74
0.012720865393743504,0.019698368728839642,0.661272793140925,0.4289058863681649,0.3234352710177131,0.028848626336655657,1.3202176437605702,0.4519851237430572,0.940207449714015,0.9967239619350712,-0.45437916442023557,-0.12469453115913483,0.5615150202895971,0.3233058543220567,45.08
0.012720865393743504,0.019698368728839642,0.661272793140925,0.4289058863681649,0.3234352710177131,0.028848626336655657,1.3202176437605702,0.9039702474861145,0.3886107389519805,1.6241271011527854,-0.7336978716586534,-0.2609381728654869,0.4673505348662828,0.2845418984791319,48.97
0.0002153812947490569,0.019698368728839642,0.6778731379810775,1.0127860227306817,0.9489124689925922,3.777510463233176e-05,1.6408221093389213,0.0,2.020886993038401,0.4812270789905665,-0.23816243142252563,-0.1699925402565729,0.4772863776668899,0.2973867189189407,23.14
0.0002153812947490569,0.019698368728839642,0.6778731379810775,1.0127860227306817,0.9489124689925922,3.777510463233176e-05,1.6408221093389213,0.0,1.8829878153478923,0.6380778637949951,-0.30799210823213014,-0.20405345068316091,0.45374525631106133,0.2876957299582095,41.89
0.0002153812947490569,0.019698368728839642,0.6778731379810775,1.0127860227306817,0.9489124689925922,3.777510463233176e-05,1.6408221093389213,0.0,1.7074797710145175,0.8377061353642677,-0.3968662423534449,-0.24740370031700018,0.42378382913091583,0.275361744008188,48.28
0.0002153812947490569,0.019698368728839642,0.6778731379810775,1.0127860227306817,0.9489124689925922,3.777510463233176e-05,1.6408221093389213,0.4519851237430572,1.3564636823477683,1.236962678502813,-0.5746145105960745,-0.33410419958467874,0.3638609747706249,0.250693772108145,51.04
0.0002153812947490569,0.019698368728839642,0.6778731379810775,1.0127860227306817,0.9489124689925922,3.777510463233176e-05,1.6408221093389213,0.9039702474861145,0.8048669715857338,1.8643658177205271,-0.8539332178344923,-0.4703478412910308,0.2696964893473106,0.21192981626522017,55.64
0.026758487099995978,0.019698368728839642,0.6530497917454156,0.24559843076102697,0.2345017083126928,0.061741159472010046,1.1595293689371227,0.0,1.4563198751422195,0.17305169950876645,-0.0471986954888894,0.14671841241837377,0.707419827622303,0.4164802269122156,22.95
0.026758487099995978,0.019698368728839642,0.6530497917454156,0.24559843076102697,0.2345017083126928,0.061741159472010046,1.1595293689371227,0.0,1.3184206974517108,0.32990248431319497,-0.11702837229849387,0.11265750199178576,0.6838787062664744,0.4067892379514844,35.23
0.026758487099995978,0.019698368728839642,0.6530497917454156,0.24559843076102697,0.2345017083126928,0.061741159472010046,1.1595293689371227,0.0,1.1429126531183362,0.5295307558824677,-0.20590250641980865,0.06930725235794648,0.653917279086329,0.3944552520014629,39.94
0.026758487099995978,0.019698368728839642,0.6530497917454156,0.24559843076102697,0.2345017083126928,0.061741159472010046,1.1595293689371227,0.4519851237430572,0.791896564451587,0.928787299021013,-0.3836507746624382,-0.017393246909732075,0.593994424726038,0.36978728010141987,48.72
0.026758487099995978,0.019698368728839642,0.6530497917454156,0.24559843076102697,0.2345017083126928,0.061741159472010046,1.1595293689371227,0.9039702474861145,0.24029985368955242,1.556190438238727,-0.662969481900856,-0.1536368886160841,0.49982993930272374,0.33102332425849507,52.04
0.06612226147774553,0.019698368728839642,0.7131181452658792,2.8421545323037494,1.156642828052893,0.1661557491589423,2.5032428380776026,0.0,2.5356909260982503,0.6248747921984524,-0.6053483018994462,-0.714490678493949,0.439324036028272,0.06398797398359755,21.02
0.06612226147774553,0.019698368728839642,0.7131181452658792,2.8421545323037494,1.156642828052893,0.1661557491589423,2.5032428380776026,0.0,2.397791748407742,0.781725577002881,-0.6751779787090506,-0.748551588920537,0.41578291467244344,0.054296985022866354,33.36
0.06612226147774553,0.019698368728839642,0.7131181452658792,2.8421545323037494,1.156642828052893,0.1661557491589423,2.5032428380776026,0.0,2.2222837040743673,0.9813538485721537,-0.7640521128303654,-0.7919018385543762,0.38582148749229794,0.04196299907284483,33.94
0.06612226147774553,0.019698368728839642,0.7131181452658792,2.8421545323037494,1.156642828052893,0.1661557491589423,2.5032428380776026,0.4519851237430572,1.8712676154076178,1.3806103917106989,-0.941800381072995,-0.8786023378220549,0.325898633132007,0.01729502717280179,44.14
0.06612226147774553,0.019698368728839642,0.7131181452658792,2.8421545323037494,1.156642828052893,0.1661557491589423,2.5032428380776026,0.9039702474861145,1.3196709046455832,2.0080135309284133,-1.221119088311413,-1.0148459795284068,0.23173414770869272,-0.021468928670122994,45.37
0.08009940154268298,0.019698368728839642,0.6975003018959064,1.262313485578182,1.306543302885668,0.029937482204624454,2.095939590409239,0.0,2.237260582768964,0.5058082151568176,-0.524847756661646,-0.30198286083271303,0.37468488434261865,0.27025600038385345,15.36
0.08009940154268298,0.019698368728839642,0.6975003018959064,1.262313485578182,1.306543302885668,0.029937482204624454,2.095939590409239,0.0,2.099361405078455,0.6626589999612462,-0.5946774334712503,-0.336043771259301,0.35114376298679006,0.2605650114231222,28.68
0.08009940154268298,0.019698368728839642,0.6975003018959064,1.262313485578182,1.306543302885668,0.029937482204624454,2.095939590409239,0.0,1.9238533607450803,0.8622872715305189,-0.6835515675925652,-0.37939402089314034,0.32118233580664457,0.24823102547310072,30.85
0.08009940154268298,0.019698368728839642,0.6975003018959064,1.262313485578182,1.306543302885668,0.029937482204624454,2.095939590409239,0.4519851237430572,1.572837272078331,1.261543814669064,-0.8612998358351948,-0.46609452016081887,0.26125948144635364,0.22356305357305767,42.03
0.08009940154268298,0.019698368728839642,0.6975003018959064,1.262313485578182,1.306543302885668,0.029937482204624454,2.095939590409239,0.9039702474861145,1.0212405613162965,1.8889469538867782,-1.1406185430736127,-0.6023381618671709,0.16709499602303934,0.1847990977301329,51.06
0.063680856693065,0.019698368728839642,0.6975003018959064,2.810641217323057,1.9031004481935923,0.029937482204624454,2.095939590409239,0.0,2.6228357179068005,0.7918187716362438,-0.4628655082068955,-0.4943296741065094,0.23444351161136748,0.12000145362160998,21.78
0.063680856693065,0.019698368728839642,0.6975003018959064,2.810641217323057,1.9031004481935923,0.029937482204624454,2.095939590409239,0.0,2.484936540216292,0.9486695564406724,-0.5326951850164999,-0.5283905845330974,0.21090239025553892,0.11031046466087878,42.29
0.063680856693065,0.019698368728839642,0.6975003018959064,2.810641217323057,1.9031004481935923,0.029937482204624454,2.095939590409239,0.0,2.3094284958829174,1.148297828009945,-0.6215693191378148,-0.5717408341669367,0.18094096307539345,0.09797647871085725,50.6
0.063680856693065,0.019698368728839642,0.6975003018959064,2.810641217323057,1.9031004481935923,0.029937482204624454,2.095939590409239,0.4519851237430572,1.958412407216168,1.5475543711484903,-0.7993175873804443,-0.6584413334346153,0.12101810871510252,0.07330850681081422,55.83
0.063680856693065,0.019698368728839642,0.6975003018959064,2.810641217323057,1.9031004481935923,0.029937482204624454,2.095939590409239,0.9039702474861145,1.4068156964541334,2.1749575103662044,-1.0786362946188621,-0.7946849751409673,0.026853623291788187,0.034544550967889436,60.95
0.09306208956306022,0.019698368728839642,1.118266024241705,3.30178759427756,1.0158732082541777,2.099983794815058,0.12330805041616028,0.0,2.1277571152214856,0.0755883421321041,-0.20702254047895685,-1.7628057654607543,-0.5102705842516919,0.20858475566240578,23.52
0.09306208956306022,0.019698368728839642,1.118266024241705,3.30178759427756,1.0158732082541777,2.099983794815058,0.12330805041616028,0.0,1.9898579375309768,0.23243912693653265,-0.27685221728856135,-1.7968666758873424,-0.5338117056075206,0.19889376670167458,42.22
0.09306208956306022,0.019698368728839642,1.118266024241705,3.30178759427756,1.0158732082541777,2.099983794815058,0.12330805041616028,0.0,1.814349893197602,0.4320673985058053,-0.36572635140987614,-1.8402169255211818,-0.5637731327876659,0.18655978075165305,52.5
0.09306208956306022,0.019698368728839642,1.118266024241705,3.30178759427756,1.0158732082541777,2.099983794815058,0.12330805041616028,0.4519851237430572,1.4633338045308528,0.8313239416443506,-0.5434746196525057,-1.9269174247888603,-0.6236959871479569,0.16189180885161,60.32
0.09306208956306022,0.019698368728839642,1.118266024241705,3.30178759427756,1.0158732082541777,2.099983794815058,0.12330805041616028,0.9039702474861145,0.9117370937688184,1.4587270808620647,-0.8227933268909235,-2.0631610664952125,-0.7178604725712713,0.12312785300868523,66.42
0.0011453619263935458,0.019698368728839642,1.0530958085415463,1.119196220138819,0.4266357947134503,1.0428185963180316,0.003587039708778283,0.0,1.4594458138350854,-0.19249426541866613,0.14187441299869732,-1.2012469344720718,-0.32554394112516494,0.42894923334319945,23.8
0.0011453619263935458,0.019698368728839642,1.0530958085415463,1.119196220138819,0.4266357947134503,1.0428185963180316,0.003587039708778283,0.0,1.321546636144577,-0.03564348061423759,0.07204473618909284,-1.2353078448986599,-0.3490850624809935,0.4192582443824683,38.77
0.0011453619263935458,0.019698368728839642,1.0530958085415463,1.119196220138819,0.4266357947134503,1.0428185963180316,0.003587039708778283,0.0,1.1460385918112022,0.16398479095503507,-0.016829397932221938,-1.2786580945324992,-0.379046489661139,0.4069242584324468,51.33
0.0011453619263935458,0.019698368728839642,1.0530958085415463,1.119196220138819,0.4266357947134503,1.0428185963180316,0.003587039708778283,0.4519851237430572,0.795022503144453,0.5632413340935803,-0.19457766617485148,-1.3653585938001778,-0.43896934402142995,0.38225628653240373,56.85
0.0011453619263935458,0.019698368728839642,1.0530958085415463,1.119196220138819,0.4266357947134503,1.0428185963180316,0.003587039708778283,0.9039702474861145,0.24342579238241846,1.1906444733112944,-0.47389637341326935,-1.5016022355065297,-0.5331338294447443,0.34349233068947893,58.61
0.0316682337557541,0.019698368728839642,0.9865207943756613,0.11623659484969968,0.3429340188776031,0.38959275060798426,0.05704305499189254,0.0,0.9419864106931662,-0.3457058897318876,0.48847104995210827,-0.6495711613777143,-0.30969705116955215,0.6710276015529808,21.91
0.0316682337557541,0.019698368728839642,0.9865207943756613,0.11623659484969968,0.3429340188776031,0.38959275060798426,0.05704305499189254,0.0,0.8040872330026576,-0.18885510492745902,0.4186413731425038,-0.6836320718043023,-0.33323817252538074,0.6613366125922496,36.99
0.0316682337557541,0.019698368728839642,0.9865207943756613,0.11623659484969968,0.3429340188776031,0.38959275060798426,0.05704305499189254,0.0,0.628579188669283,0.010773166641813627,0.32976723902118904,-0.7269823214381416,-0.36319959970552623,0.6490026266422281,47.4
0.0316682337557541,0.019698368728839642,0.9865207943756613,0.11623659484969968,0.3429340188776031,0.38959275060798426,0.05704305499189254,0.4519851237430572,0.27756310000253376,0.41002970978035896,0.1520189707785595,-0.8136828207058202,-0.42312245406581717,0.6243346547421851,51.96
0.0316682337557541,0.019698368728839642,0.9865207943756613,0.11623659484969968,0.3429340188776031,0.38959275060798426,0.05704305499189254,0.9039702474861145,-0.2740336107595008,1.037432848998073,-0.12729973645985837,-0.9499264624121722,-0.5172869394891315,0.5855706988992603,56.74
0.387232359363733,0.019698368728839642,2.1808024214552595,1.6337217512932127,0.49540425020643664,1.0401876481782641,0.0021344551960514845,0.0,1.7073181754301738,-0.2601836730101758,-0.3650470965936467,-1.1963992717438794,-0.7120072400235992,0.6498494184897989,17.57
0.387232359363733,0.019698368728839642,2.1808024214552595,1.6337217512932127,0.49540425020643664,1.0401876481782641,0.0021344551960514845,0.0,1.5694189977396653,-0.10333288820574725,-0.4348767734032512,-1.2304601821704675,-0.7355483613794278,0.6401584295290678,33.73
0.387232359363733,0.019698368728839642,2.1808024214552595,1.6337217512932127,0.49540425020643664,1.0401876481782641,0.0021344551960514845,0.0,1.3939109534062906,0.09629538336352542,-0.523750907524566,-1.2738104318043069,-0.7655097885595732,0.6278244435790462,40.15
0.387232359363733,0.019698368728839642,2.1808024214552595,1.6337217512932127,0.49540425020643664,1.0401876481782641,0.0021344551960514845,0.4519851237430572,1.0428948647395413,0.49555192650207075,-0.7014991757671956,-1.3605109310719854,-0.8254326429198642,0.6031564716790032,46.64
0.387232359363733,0.019698368728839642,2.1808024214552595,1.6337217512932127,0.49540425020643664,1.0401876481782641,0.0021344551960514845,0.9039702474861145,0.49129815397750687,1.1229550657197849,-0.9808178830056133,-1.4967545727783373,-0.9195971283431785,0.5643925158360784,50.08
0.3896215212800879,0.019698368728839642,2.168337157348146,1.6577685641750788,0.9162881170212418,1.0088754667898776,0.0012248484702264352,0.0,1.8208112297447756,-0.14257616442219342,-0.3200353798884457,-1.1653243751639206,-0.8377922492881534,0.6777947430737108,17.37
0.3896215212800879,0.019698368728839642,2.168337157348146,1.6577685641750788,0.9162881170212418,1.0088754667898776,0.0012248484702264352,0.0,1.682912052054267,0.014274620382235113,-0.3898650566980502,-1.1993852855905087,-0.8613333706439821,0.6681037541129796,33.7
0.3896215212800879,0.019698368728839642,2.168337157348146,1.6577685641750788,0.9162881170212418,1.0088754667898776,0.0012248484702264352,0.0,1.5074040077208923,0.21390289195150777,-0.478739190819365,-1.242735535224348,-0.8912947978241275,0.6557697681629581,45.94
0.3896215212800879,0.019698368728839642,2.168337157348146,1.6577685641750788,0.9162881170212418,1.0088754667898776,0.0012248484702264352,0.4519851237430572,1.156387919054143,0.6131594350900531,-0.6564874590619946,-1.3294360344920266,-0.9512176521844184,0.6311017962629151,51.43
0.3896215212800879,0.019698368728839642,2.168337157348146,1.6577685641750788,0.9162881170212418,1.0088754667898776,0.0012248484702264352,0.9039702474861145,0.6047912082921086,1.2405625743077673,-0.9358061663004124,-1.4656796761983786,-1.0453821376077328,0.5923378404199903,59.3
0.00018817003953364267,0.29807768544167434,0.04289065508910753,1.0033758920243394,0.7617265337589231,1.2669611760917756,0.014915019424666944,0.0,1.4055975758425758,-0.21065261582883507,0.2435301989524309,-1.0837774033169518,-0.4203906364319453,-0.518765544684655,30.45
0.00018817003953364267,0.29807768544167434,0.04289065508910753,1.0033758920243394,0.7617265337589231,1.2669611760917756,0.014915019424666944,0.0,1.267698398152067,-0.053801831024406534,0.1737005221428264,-1.11783831374354,-0.4439317577877739,-0.5284565336453861,47.71
0.00018817003953364267,0.29807768544167434,0.04289065508910753,1.0033758920243394,0.7617265337589231,1.2669611760917756,0.014915019424666944,0.0,1.0921903538186926,0.14582644054486613,0.08482638802151163,-1.1611885633773793,-0.4738931849679194,-0.5407905195954077,63.14
0.00018817003953364267,0.29807768544167434,0.04289065508910753,1.0033758920243394,0.7617265337589231,1.2669611760917756,0.014915019424666944,0.4519851237430572,0.7411742651519433,0.5450829836834115,-0.09292188022111791,-1.2478890626450578,-0.5338160393282103,-0.5654584914954507,66.82
0.00018817003953364267,0.29807768544167434,0.04289065508910753,1.0033758920243394,0.7617265337589231,1.2669611760917756,0.014915019424666944,0.9039702474861145,0.18957755438990875,1.1724861229011256,-0.37224058745953575,-1.3841327043514098,-0.6279805247515247,-0.6042224473383755,66.95
0.33541877086554317,0.058955247768544175,1.09514544237218,3.741271654639309,0.9821074994035707,1.7057753680518604,0.06204423093332815,0.0,2.1574283656106306,0.003333532788083258,-0.36588925645221265,-1.5626480414162662,-0.7982597732905344,-0.0885593675796105,27.42
0.33541877086554317,0.058955247768544175,1.09514544237218,3.741271654639309,0.9821074994035707,1.7057753680518604,0.06204423093332815,0.0,2.0195291879201216,0.1601843175925118,-0.43571893326181715,-1.5967089518428543,-0.8218008946463631,-0.0982503565403417,35.96
0.33541877086554317,0.058955247768544175,1.09514544237218,3.741271654639309,0.9821074994035707,1.7057753680518604,0.06204423093332815,0.0,1.844021143586747,0.35981258916178444,-0.5245930673831319,-1.6400592014766937,-0.8517623218265085,-0.11058434249036322,55.51
0.33541877086554317,0.058955247768544175,1.09514544237218,3.741271654639309,0.9821074994035707,1.7057753680518604,0.06204423093332815,0.4519851237430572,1.4930050549199978,0.7590691323003298,-0.7023413356257615,-1.7267597007443722,-0.9116851761867995,-0.13525231439040628,61.99
0.33541877086554317,0.058955247768544175,1.09514544237218,3.741271654639309,0.9821074994035707,1.7057753680518604,0.06204423093332815,0.9039702474861145,0.9414083441579634,1.386472271518044,-0.9816600428641793,-1.8630033424507242,-1.0058496616101138,-0.17401627023333105,63.53
0.37305169007653677,0.056260510926438904,1.0617882670031704,1.5392913237890131,0.36300344517712174,0.26482228172001515,0.009697857574374786,0.0,1.6001217456035037,-0.21820489377215038,-0.28876486245850225,-0.6621991604750098,-0.5960981414891945,0.1251997776853018,18.02
0.37305169007653677,0.056260510926438904,1.0617882670031704,1.5392913237890131,0.36300344517712174,0.26482228172001515,0.009697857574374786,0.0,1.4622225679129952,-0.061354108967721845,-0.35859453926810675,-0.6962600709015978,-0.6196392628450231,0.11550878872457061,38.6
0.37305169007653677,0.056260510926438904,1.0617882670031704,1.5392913237890131,0.36300344517712174,0.26482228172001515,0.009697857574374786,0.0,1.2867145235796205,0.13827416260155082,-0.44746867338942153,-0.7396103205354371,-0.6496006900251685,0.10317480277454909,52.2
0.37305169007653677,0.056260510926438904,1.0617882670031704,1.5392913237890131,0.36300344517712174,0.26482228172001515,0.009697857574374786,0.4519851237430572,0.9356984349128713,0.5375307057400961,-0.6252169416320511,-0.8263108198031157,-0.7095235443854595,0.07850683087450605,53.96
0.37305169007653677,0.056260510926438904,1.0617882670031704,1.5392913237890131,0.36300344517712174,0.26482228172001515,0.009697857574374786,0.9039702474861145,0.38410172415083677,1.1649338449578102,-0.9045356488704689,-0.9625544615094677,-0.8036880298087739,0.03974287503158127,56.63
0.32769320077840464,0.019698368728839642,1.1004595248694344,1.2205444262981655,0.7914974935321297,1.8082807054426626,0.0764358076750784,0.0,1.709747018737764,-0.264347390787451,-0.3888753091405763,-1.382798331857182,-0.5430674242727881,0.4335118857293074,15.34
0.32769320077840464,0.019698368728839642,1.1004595248694344,1.2205444262981655,0.7914974935321297,1.8082807054426626,0.0764358076750784,0.0,1.5718478410472554,-0.10749660598302245,-0.4587049859501808,-1.41685924228377,-0.5666085456286167,0.4238208967685762,26.05
0.32769320077840464,0.019698368728839642,1.1004595248694344,1.2205444262981655,0.7914974935321297,1.8082807054426626,0.0764358076750784,0.0,1.3963397967138806,0.09213166558625022,-0.5475791200714956,-1.4602094919176094,-0.5965699728087621,0.4114869108185547,30.22
0.32769320077840464,0.019698368728839642,1.1004595248694344,1.2205444262981655,0.7914974935321297,1.8082807054426626,0.0764358076750784,0.4519851237430572,1.0453237080471314,0.49138820872479555,-0.7253273883141251,-1.546909991185288,-0.6564928271690531,0.38681893891851166,37.27
0.32769320077840464,0.019698368728839642,1.1004595248694344,1.2205444262981655,0.7914974935321297,1.8082807054426626,0.0764358076750784,0.9039702474861145,0.49372699728509695,1.1187913479425096,-1.004646095552543,-1.6831536328916399,-0.7506573125923675,0.34805498307558685,46.23
0.8707655211650391,0.019698368728839642,0.0,2.323080443906457,1.0386322051301158,0.14092300366497004,0.01639892572500002,0.0,-0.8883923968565763,-1.365450900847827,0.9363753170986171,0.031005835930970272,1.2133504780637208,0.4531455506230567,16.28
0.8707655211650391,0.019698368728839642,0.0,2.323080443906457,1.0386322051301158,0.14092300366497004,0.01639892572500002,0.0,-1.0262915745470849,-1.2086001160433986,0.8665456402890127,-0.0030550744956177396,1.1898093567078922,0.44345456166232555,25.62
0.8707655211650391,0.019698368728839642,0.0,2.323080443906457,1.0386322051301158,0.14092300366497004,0.01639892572500002,0.0,-1.2017996188804596,-1.0089718444741258,0.7776715061676979,-0.04640532412945702,1.1598479295277468,0.43112057571230405,31.97
0.8707655211650391,0.019698368728839642,0.0,2.323080443906457,1.0386322051301158,0.14092300366497004,0.01639892572500002,0.4519851237430572,-1.5528157075472089,-0.6097153013355805,0.5999232379250683,-0.1331058233971356,1.0999250751674559,0.406452603812261,36.3
0.8707655211650391,0.019698368728839642,0.0,2.323080443906457,1.0386322051301158,0.14092300366497004,0.01639892572500002,0.9039702474861145,-2.104412418309243,0.017687837882133583,0.32060453068665046,-0.2693494651034876,1.0057605897441415,0.3676886479693362,43.06
4.500856086092175,0.019698368728839642,0.0,3.887704073231807,0.11796036943224286,0.011659022076764409,0.9992858332827473,0.0,1.2050833485696375,1.1000838529187444,1.3392711516447466,-0.9642385971300759,1.8277619433804393,-0.7108595639265988,67.57
3.5416627668587353,0.019698368728839642,0.24873364492325414,3.5268934988203275,0.4874627344677038,2.5392416392978303,2.6867407121910833,0.0,0.08020499608585854,-0.1847296108721865,2.106388662332499,-2.6111212223736913,-0.09555593839058231,-0.25758011890518584,57.23
0.12148352594242154,0.6741274238227147,0.0,3.0186180876391067,0.0005065128876302584,4.0239518403827255,0.11877442437769191,0.0,0.8016212456595208,-0.2952080085646575,0.38168765237751645,-2.298819745566603,-0.3950952586345148,-1.2116958050508027,81.75
4.706471733058006,0.019698368728839642,0.2572367485560801,0.36684081164488347,1.0386322051301158,0.5140624390493405,3.1543372324852497,0.0,-1.38211910824718,-0.8109457332865756,2.4393492147112563,-0.9994330627413405,0.3389832004390417,0.5562311584079652,64.02
2.7288487280487206,0.019698368728839642,0.0,0.6402891598015381,0.7914974935321297,0.5140624390493405,0.11877442437769191,0.0,0.6825699827992734,0.6355506834485783,1.707984646598486,-1.1717691869820184,0.1945802355431472,-0.08668817235452446,78.8
5.174991149909298,0.019698368728839642,0.0,0.8850409674947836,0.13396321499006905,4.994433401384861,0.13311128742293118,0.0,0.8141021187570073,1.5671242989891288,2.10963070900202,1.2440661764609409,1.4093108981394948,-0.1528624492513116,41.37
5.350872640193789,0.019698368728839642,0.0,0.3202106814754541,0.01981049188703019,2.367795346401802,1.0496758960083792,0.0,0.6112298316949747,1.1976776550489951,1.66598643455023,0.7911179419401925,2.058092377192025,-0.17775153971441246,60.28
5.711452889959022,0.019698368728839642,0.0,0.01878425521714191,0.021437067399782756,0.4912829902318416,0.4300899928363623,0.0,-0.2645022022739105,0.5324976142402027,2.480841034338872,0.2084494433899997,0.8273102533578688,0.1957165093731171,56.83
5.350872640193789,0.019698368728839642,0.0,0.10993370460269344,0.01981049188703019,1.810140433028814,0.1617530103482008,0.0,0.2591394262769213,0.9344414192490277,1.9423839270105416,0.6611103861452641,1.6502629359047913,-0.0565250881761519,51.02
1.0391786528392715,0.019698368728839642,1.3216252503592385,1.2728655518996388,5.566128060699687,0.8464835476756167,0.0034052953368004174,0.0,1.8793647576509591,1.7499125258866808,1.3323298682473301,0.35605237496593467,-0.7084172106453992,0.7475666299673757,55.55
4.50492339421997,0.019698368728839642,0.0,0.7055713420387391,0.2625265624124087,3.739563722279919,3.9408425069088846,0.0,-1.4578291428390684,-1.0557419166982223,2.5094244230928666,-1.9264999197659933,-0.02697717635489735,0.35532236482825186,44.13
2.700426482871346,0.04432132963988919,0.0,0.7055713420387391,0.2625265624124087,3.739563722279919,3.9408425069088846,0.0,-1.4265450171574552,-1.227697364577281,2.125539615295589,-1.7741738733527295,-0.33198807945820163,0.11609965712450002,39.38
1.2868748267117434,0.00038608802708525714,1.7837939419316622,0.49908158829670574,6.222032356693536,0.009041533032463021,3.023092621943853,0.0,1.0988599060336053,1.1124193787993748,2.1295573631657834,-0.3110991883582354,-1.958233458326759,1.0408388239932207,55.65
0.27149389819529746,0.0003077870113881194,1.8984786589962481,0.49908158829670574,4.0181508685827705,0.07768612722412219,2.25663691738038,0.0,1.0172579359433946,0.6697472366978834,1.4107700761635655,-0.5684232603788911,-1.8558481263108493,0.9766036539210332,47.28
0.2815728922933266,0.0002836565096952905,1.7837939419316622,0.10530215709064336,2.4502922049559066,0.009041533032463021,3.023092621943853,0.0,0.21274794377352801,0.20146887646351372,1.509134188788731,0.08348921696786045,-1.6795318270213657,1.2638426515132106,44.33
1.466701057953811,0.019698368728839642,0.0,0.10993370460269344,1.0386322051301158,3.5234265797565607,0.9350663334203555,0.0,-0.6282651300437889,-0.9417984865613925,1.2356826611844822,-2.149210362164128,0.44384932622921136,-0.16237148111040678,52.3
0.5678769708199596,1.595567867036011,0.0,0.13791178270435103,1.0386322051301158,4.837046531527318,1.967383307408489,0.0,-1.0270044456674474,-2.0439717210697137,-0.16668491886949025,-1.5819985263898177,-1.0579113378811835,-0.8657651243123018,49.25
5.174991149909298,0.019698368728839642,0.0,0.8850409674947836,0.14661382157441513,4.994433401384861,0.13311128742293118,0.0,0.821615735283626,1.5747111736005404,2.1122186162194794,1.2455287555511374,1.4013458276341568,-0.1507264602745672,41.37
1.6401347690285968,0.45385041551246535,1.011869332306292,0.008134929894098872,0.0031685432607439653,3.320936513661252,1.7841284970264533,0.0,0.8763654345124154,0.09293062748284828,-1.4159019369408286,2.021677861461377,0.3818339317453338,0.1259690288231137,29.16
1.29259289158603,0.574404432132964,1.063531045974638,1.2459422411594593e-05,0.0038383096483479615,3.7572141596201667,1.751032106160924,0.0,0.9634670288097155,0.23747037294172482,-1.2703706591266632,2.095352942567366,0.3427516512192937,0.07106049424768164,39.4
0.18295436835390408,0.9108525700215451,0.0,0.10530215709064336,0.0005065128876302584,0.007288494527236544,0.024942253922644705,0.0,-0.060627640008454796,-0.6178685234030488,-0.11131324599556663,0.29126243459187506,-0.29061165597326316,-0.5672731126583871,39.3
0.07529156343668375,1.260695598645737,0.6448782376996175,1.1693213157112257,0.3429340188776031,2.17360280191676,0.115566091649754,0.0,1.2525658300177978,0.6699004681765786,-0.0656700631025661,1.2180362158420235,-0.40357350172746387,-0.5539209074071669,67.87
3.5416627668587353,0.019698368728839642,0.0,0.8850409674947836,0.3429340188776031,0.8054005887100548,1.8981684772695213,0.0,0.2173734203190768,0.3295792586093363,2.318536657273851,-1.5251148309726914,-0.27578052699056355,-0.09345152345064622,58.52
0.0037252767980748462,1.423207140658664,0.0,0.7990649715389021,0.07004382271619611,0.5327123378084634,1.1912818858490433,0.0,0.27870126216001906,-0.37382769951677164,0.6918519510493423,-0.7882048127821011,-1.0772688002613595,-1.0455550368416766,53.58
0.5497851188385448,0.4826592797783934,0.0,1.0701691395809454,0.25114706397443937,1.2467301650914044,2.073529481882444,0.0,0.27284446583219646,-0.1607893750740237,1.3974603999214334,-1.3992253968913944,-1.029703747895863,-0.7070992289227006,59.0
0.0012111487343425865,1.260695598645737,1.0289469942243203,0.8850409674947836,0.5441032793999049,3.4633716692377003,0.00915772554098815,0.0,1.1098850825397746,0.7759679391924817,0.3706611121465682,1.547219597684754,-0.6726561716845011,-0.31002236546364187,76.24
4.500856086092175,0.019698368728839642,0.0,2.120652886846253,0.25114706397443937,0.5710090441299946,2.145842884375417,0.0,0.39463527778197366,0.5384561131035891,2.5533920588058945,-1.6458259171077683,-0.22483039078597442,-0.26183506206311125,69.84
1.1859302545179369,0.019698368728839642,1.4734635284736073,0.7334464580160518,1.0386322051301158,0.161978942647447,2.546755443723596,0.0,1.3126196333387259,-0.7967048947672971,-1.6375945473292033,-0.4594994808813193,1.0850986713701802,0.3056312096725498,14.4
1.1859302545179369,0.5797353031702063,1.246912980380696,0.10684814038006232,0.1218832868453519,0.16406069984450547,0.1054439899656598,0.0,0.9062815963508138,-0.8655238431536215,-0.5125845780595547,-0.08654483201003224,-1.0607092941646745,0.12305197886354334,19.42
0.9300994918067588,0.5937108033240998,1.0050782821444115,0.010391683977402165,0.16893870534876496,0.1800975650638458,0.10383345996652847,0.0,0.42543428957806223,-1.2495175021834355,-0.5202622397044697,-0.09950555017219337,-0.6129980871391305,0.020881114798517585,20.73
1.1363633835265585,0.5947927362265313,1.1817141828195863,0.09494508949535017,0.0890675730489724,0.16932324585067848,0.1054439899656598,0.0,0.8673063567748263,-0.891017251992513,-0.49934449892668437,-0.09032354739323642,-1.023268410860064,0.097111985042682,14.94
1.0364973914639097,0.0020171129578331797,2.123758028823378,1.4029161546024689,0.10664248155218412,0.16932324585067848,1.0856864001365742,0.0,1.611670436175434,-0.4914500897132577,-1.243599529620464,-0.5641371740405756,0.3072032546343849,0.41553095829741243,21.29
1.0151431635883235,0.04461729763004001,2.1509458095061844,0.6553761701648098,0.0062167043193775435,0.16826409059075625,0.06710401151486749,0.0,1.3068202749323286,-0.6212723036496827,-0.8044718460548879,-0.3916043289153609,-0.4537204290777933,0.48149400106221923,23.08
1.1445510514484862,0.1511436134195137,1.9927988001334773,0.7174810356411537,0.0994354658748036,0.1800975650638458,0.0010378796894387544,0.0,1.3165493992712747,-0.6091325802107647,-0.6751606538794946,-0.3701836089520427,-0.8309906188739056,0.36612002145377287,15.52
1.0093578588113516,0.2653153585718684,1.8269532665137063,0.20984592563348098,0.38364354991626914,0.17900517951048076,0.1054439899656598,0.0,1.1274267807222884,-0.6530411254821387,-0.4324617032490922,-0.1993171096921576,-1.1401157197209646,0.429748466227604,15.82
0.7166259608820812,0.019698368728839642,1.1200545341906938,0.52591764337907,0.4266357947134503,1.8186957291342836,0.10644454056086425,0.0,1.4545113661448783,-0.556788808527343,-0.6674198219245029,-1.2204684259380716,-0.4800100839276664,0.5317007847222641,12.55
0.07529156343668375,0.019698368728839642,0.6544167192453818,0.20767710015552035,0.015340745282515594,0.10784362535180154,1.106536505434126,0.0,0.7322607467440273,-0.5051964904029327,-0.46689221985737467,0.5816558919713096,0.8850678660687082,0.6598161926023414,8.49
0.3896215212800879,0.019698368728839642,2.168337157348146,1.14913951568052,0.9162881170212418,0.7961727775952439,9.626517367032474e-05,0.0,1.6976202412898937,-0.18945959651113928,-0.2865375646178007,-0.9911459631784308,-0.8409282034388895,0.7559521371373424,15.61
0.6470103305518525,0.019698368728839642,0.7217098526676523,0.3096914135726405,0.06138796520925103,0.09272162813565818,2.5826355380367234,0.0,1.6521548913012547,-0.22120940202794612,-1.1670123169727127,-0.19179579258539592,0.7249192039150124,0.3380638710032029,12.18
0.0681084500649759,0.019698368728839642,1.0,0.2573167966128453,0.0015521888543727751,0.7961727775952439,0.0523857126712722,0.0,0.26598626600837844,-1.0843934754931575,0.009077792418052776,-0.5518314769557104,-0.1427708149062888,0.8661064935540006,11.98
1.1859302545179369,0.019698368728839642,1.4734635284736073,0.7334464580160518,1.0386322051301158,0.161978942647447,2.546755443723596,0.0,1.1747204556482171,-0.6398541099628686,-1.7074242241388078,-0.4935603913079073,1.0615575500143517,0.29594022071181864,16.88
1.1859302545179369,0.5797353031702063,1.246912980380696,0.10684814038006232,0.1218832868453519,0.16406069984450547,0.1054439899656598,0.0,0.7683824186603052,-0.708673058349193,-0.5824142548691591,-0.12060574243662026,-1.084250415520503,0.11336098990281214,33.09
0.9300994918067588,0.5937108033240998,1.0050782821444115,0.010391683977402165,0.16893870534876496,0.1800975650638458,0.10383345996652847,0.0,0.2875351118875536,-1.092666717379007,-0.5900919165140741,-0.13356646059878138,-0.6365392084949592,0.01119012583778639,34.24
1.1363633835265585,0.5947927362265313,1.1817141828195863,0.09494508949535017,0.0890675730489724,0.16932324585067848,0.1054439899656598,0.0,0.7294071790843176,-0.7341664671880844,-0.5691741757362888,-0.12438445781982443,-1.0468095322158926,0.0874209960819508,31.81
1.0364973914639097,0.0020171129578331797,2.123758028823378,1.4029161546024689,0.10664248155218412,0.16932324585067848,1.0856864001365742,0.0,1.4737712584849254,-0.33459930490882916,-1.3134292064300686,-0.5981980844671636,0.2836621332785563,0.40583996933668126,29.75
1.0151431635883235,0.04461729763004001,2.1509458095061844,0.6553761701648098,0.0062167043193775435,0.16826409059075625,0.06710401151486749,0.0,1.16892109724182,-0.4644215188452541,-0.8743015228644923,-0.4256652393419489,-0.4772615504336219,0.47180301210148806,33.01
1.1445510514484862,0.1511436134195137,1.9927988001334773,0.7174810356411537,0.0994354658748036,0.1800975650638458,0.0010378796894387544,0.0,1.178650221580766,-0.4522817954063361,-0.744990330689099,-0.4042445193786307,-0.8545317402297342,0.3564290324930417,32.9
1.0093578588113516,0.2653153585718684,1.8269532665137063,0.20984592563348098,0.38364354991626914,0.17900517951048076,0.1054439899656598,0.0,0.9895276030317798,-0.4961903406777101,-0.5022913800586967,-0.23337802011874562,-1.1636568410767931,0.4200574772668728,29.55
0.7166259608820812,0.019698368728839642,1.1200545341906938,0.52591764337907,0.4266357947134503,1.8186957291342836,0.10644454056086425,0.0,1.3166121884543696,-0.39993802372291454,-0.7372494987341073,-1.2545293363646597,-0.5035512052834951,0.5220097957615328,19.42
0.07529156343668375,0.019698368728839642,0.6544167192453818,0.20767710015552035,0.015340745282515594,0.10784362535180154,1.106536505434126,0.0,0.5943615690535187,-0.3483457055985042,-0.5367218966669791,0.5475949815447215,0.8615267447128796,0.6501252036416102,24.66
0.3896215212800879,0.019698368728839642,2.168337157348146,1.14913951568052,0.9162881170212418,0.7961727775952439,9.626517367032474e-05,0.0,1.5597210635993852,-0.03260881170671074,-0.3563672414274052,-1.0252068736050188,-0.8644693247947182,0.7462611481766113,29.59
0.6470103305518525,0.019698368728839642,0.7217098526676523,0.3096914135726405,0.06138796520925103,0.09272162813565818,2.5826355380367234,0.0,1.5142557136107462,-0.06435861722351759,-1.2368419937823172,-0.22585670301198393,0.7013780825591838,0.3283728820424717,24.28
0.0681084500649759,0.019698368728839642,1.0,0.2573167966128453,0.0015521888543727751,0.7961727775952439,0.0523857126712722,0.0,0.1280870883178698,-0.927542690688729,-0.0607518843915517,-0.5858923873822984,-0.16631193626211735,0.8564155045932694,20.73
1.1859302545179369,0.019698368728839642,1.4734635284736073,0.7334464580160518,1.0386322051301158,0.161978942647447,2.546755443723596,0.0,0.9992124113148425,-0.4402258383935959,-1.7962983582601224,-0.5369106409417466,1.0315961228342063,0.28360623476179714,26.2
1.1859302545179369,0.5797353031702063,1.246912980380696,0.10684814038006232,0.1218832868453519,0.16406069984450547,0.1054439899656598,0.0,0.5928743743269306,-0.5090447867799204,-0.6712883889904739,-0.16395599207045952,-1.1142118427006484,0.10102700395279061,46.39
0.9300994918067588,0.5937108033240998,1.0050782821444115,0.010391683977402165,0.16893870534876496,0.1800975650638458,0.10383345996652847,0.0,0.11202706755417897,-0.8930384458097343,-0.678966050635389,-0.17691671023262065,-0.6665006356751045,-0.0011438601122351314,39.16
1.1363633835265585,0.5947927362265313,1.1817141828195863,0.09494508949535017,0.0890675730489724,0.16932324585067848,0.1054439899656598,0.0,0.553899134750943,-0.5345381956188118,-0.6580483098576037,-0.1677347074536637,-1.076770959396038,0.07508701013192928,41.2
1.0364973914639097,0.0020171129578331797,2.123758028823378,1.4029161546024689,0.10664248155218412,0.16932324585067848,1.0856864001365742,0.0,1.2982632141515507,-0.1349710333395565,-1.4023033405513832,-0.6415483341010029,0.2537007060984109,0.39350598338665976,33.69
1.0151431635883235,0.04461729763004001,2.1509458095061844,0.6553761701648098,0.0062167043193775435,0.16826409059075625,0.06710401151486749,0.0,0.9934130529084453,-0.26479324727598147,-0.9631756569858071,-0.4690154889757882,-0.5072229776137673,0.45946902615146656,38.2
1.1445510514484862,0.1511436134195137,1.9927988001334773,0.7174810356411537,0.0994354658748036,0.1800975650638458,0.0010378796894387544,0.0,1.0031421772473914,-0.25265352383706347,-0.8338644648104139,-0.44759476901247003,-0.8844931674098796,0.3440950465430202,41.41
1.0093578588113516,0.2653153585718684,1.8269532665137063,0.20984592563348098,0.38364354991626914,0.17900517951048076,0.1054439899656598,0.0,0.8140195586984051,-0.29656206910843746,-0.5911655141800115,-0.2767282697525849,-1.1936182682569385,0.4077234913168513,37.81
0.7166259608820812,0.019698368728839642,1.1200545341906938,0.52591764337907,0.4266357947134503,1.8186957291342836,0.10644454056086425,0.0,1.141104144120995,-0.20030975215364186,-0.8261236328554221,-1.297879585998499,-0.5335126324636404,0.5096758098115114,24.85
0.07529156343668375,0.019698368728839642,0.6544167192453818,0.20767710015552035,0.015340745282515594,0.10784362535180154,1.106536505434126,0.0,0.41885352472014403,-0.14871743402923152,-0.625596030788294,0.5042447319108823,0.8315653175327342,0.6377912176915886,27.22
0.3896215212800879,0.019698368728839642,2.168337157348146,1.14913951568052,0.9162881170212418,0.7961727775952439,9.626517367032474e-05,0.0,1.3842130192660105,0.16701945986256192,-0.44524137554872,-1.0685571232388582,-0.8944307519748635,0.7339271622265897,44.64
0.6470103305518525,0.019698368728839642,0.7217098526676523,0.3096914135726405,0.06138796520925103,0.09272162813565818,2.5826355380367234,0.0,1.3387476692773714,0.13526965434575508,-1.3257161279036318,-0.2692069526458232,0.6714166553790384,0.3160388960924502,37.27
0.0681084500649759,0.019698368728839642,1.0,0.2573167966128453,0.0015521888543727751,0.7961727775952439,0.0523857126712722,0.0,-0.0474209560155048,-0.7279144191194563,-0.14962601851286647,-0.6292426370161377,-0.19627336344226282,0.8440815186432479,33.27
1.1859302545179369,0.019698368728839642,1.4734635284736073,0.7334464580160518,1.0386322051301158,0.161978942647447,2.546755443723596,0.4519851237430572,0.6481963226480933,-0.0409692952550506,-1.974046626502752,-0.6236111402094252,0.9716732684739153,0.2589382628617541,36.56
1.1859302545179369,0.5797353031702063,1.246912980380696,0.10684814038006232,0.1218832868453519,0.16406069984450547,0.1054439899656598,0.4519851237430572,0.24185828566018133,-0.10978824364137504,-0.8490366572331035,-0.2506564913381381,-1.1741346970609394,0.07635903205274758,53.72
0.9300994918067588,0.5937108033240998,1.0050782821444115,0.010391683977402165,0.16893870534876496,0.1800975650638458,0.10383345996652847,0.4519851237430572,-0.23898902111257023,-0.49378190267118904,-0.8567143188780185,-0.2636172095002992,-0.7264234900353955,-0.02581183201227817,48.59
1.1363633835265585,0.5947927362265313,1.1817141828195863,0.09494508949535017,0.0890675730489724,0.16932324585067848,0.1054439899656598,0.4519851237430572,0.2028830460841938,-0.1352816524802665,-0.8357965781002332,-0.2544352067213423,-1.136693813756329,0.05041903823188624,51.72
1.0364973914639097,0.0020171129578331797,2.123758028823378,1.4029161546024689,0.10664248155218412,0.16932324585067848,1.0856864001365742,0.4519851237430572,0.9472471254848015,0.2642855097989888,-1.5800516087940129,-0.7282488333686815,0.19377785173811996,0.3688380114866167,35.85
1.0151431635883235,0.04461729763004001,2.1509458095061844,0.6553761701648098,0.0062167043193775435,0.16826409059075625,0.06710401151486749,0.4519851237430572,0.6423969642416961,0.13446329586256386,-1.1409239252284367,-0.5557159882434668,-0.5671458319740583,0.4348010542514235,53.77
1.1445510514484862,0.1511436134195137,1.9927988001334773,0.7174810356411537,0.0994354658748036,0.1800975650638458,0.0010378796894387544,0.4519851237430572,0.6521260885806421,0.14660301930148184,-1.0116127330530433,-0.5342952682801486,-0.9444160217701706,0.31942707464297715,53.46
1.0093578588113516,0.2653153585718684,1.8269532665137063,0.20984592563348098,0.38364354991626914,0.17900517951048076,0.1054439899656598,0.4519851237430572,0.463003470031656,0.10269447403010783,-0.7689137824226411,-0.36342876902026344,-1.2535411226172295,0.38305551941680827,48.99
0.7166259608820812,0.019698368728839642,1.1200545341906938,0.52591764337907,0.4266357947134503,1.8186957291342836,0.10644454056086425,0.4519851237430572,0.7900880554542458,0.19894679098490345,-1.0038719010980517,-1.3845800852661776,-0.5934354868239314,0.48500783791146834,31.72
0.07529156343668375,0.019698368728839642,0.6544167192453818,0.20767710015552035,0.015340745282515594,0.10784362535180154,1.106536505434126,0.4519851237430572,0.06783743605339479,0.2505391091093138,-0.8033442990309235,0.4175442326432037,0.7716424631724432,0.6131232457915456,39.64
0.3896215212800879,0.019698368728839642,2.168337157348146,1.14913951568052,0.9162881170212418,0.7961727775952439,9.626517367032474e-05,0.4519851237430572,1.0331969305992612,0.5662760030011073,-0.6229896437913496,-1.1552576225065367,-0.9543536063351545,0.7092591903265467,51.26
0.6470103305518525,0.019698368728839642,0.7217098526676523,0.3096914135726405,0.06138796520925103,0.09272162813565818,2.5826355380367234,0.4519851237430572,0.9877315806106223,0.5345261974843004,-1.5034643961462615,-0.35590745191350176,0.6114938010187474,0.2913709241924072,43.39
0.0681084500649759,0.019698368728839642,1.0,0.2573167966128453,0.0015521888543727751,0.7961727775952439,0.0523857126712722,0.4519851237430572,-0.398437044682254,-0.32865787598091095,-0.327374286755496,-0.7159431362838163,-0.25619621780255375,0.8194135467432049,39.27
1.1859302545179369,0.019698368728839642,1.4734635284736073,0.7334464580160518,1.0386322051301158,0.161978942647447,2.546755443723596,0.9039702474861145,0.0965996118860588,0.5864338439626635,-2.25336533374117,-0.7598547819157772,0.877508783050601,0.22017430701882929,37.96
1.1859302545179369,0.5797353031702063,1.246912980380696,0.10684814038006232,0.1218832868453519,0.16406069984450547,0.1054439899656598,0.9039702474861145,-0.3097384251018532,0.5176148955763391,-1.1283553644715214,-0.3869001330444901,-1.2682991824842538,0.037595076209822796,55.02
0.9300994918067588,0.5937108033240998,1.0050782821444115,0.010391683977402165,0.16893870534876496,0.1800975650638458,0.10383345996652847,0.9039702474861145,-0.7905857318746048,0.13362123654652502,-1.1360330261164364,-0.39986085120665127,-0.8205879754587099,-0.06457578785520296,49.99
1.1363633835265585,0.5947927362265313,1.1817141828195863,0.09494508949535017,0.0890675730489724,0.16932324585067848,0.1054439899656598,0.9039702474861145,-0.3487136646778407,0.4921214867374476,-1.115115285338651,-0.3906788484276943,-1.2308582991796433,0.011655082388961456,53.66
1.0364973914639097,0.0020171129578331797,2.123758028823378,1.4029161546024689,0.10664248155218412,0.16932324585067848,1.0856864001365742,0.9039702474861145,0.39565041472276696,0.8916886490167029,-1.8593703160324306,-0.8644924750750335,0.09961336631480562,0.3300740556436919,37.68
1.0151431635883235,0.04461729763004001,2.1509458095061844,0.6553761701648098,0.0062167043193775435,0.16826409059075625,0.06710401151486749,0.9039702474861145,0.09080025347966157,0.761866435080278,-1.4202426324668544,-0.6919596299498187,-0.6613103173973727,0.3960370984084987,56.06
1.1445510514484862,0.1511436134195137,1.9927988001334773,0.7174810356411537,0.0994354658748036,0.1800975650638458,0.0010378796894387544,0.9039702474861145,0.10052937781860759,0.774006158519196,-1.2909314402914613,-0.6705389099865006,-1.0385805071934848,0.28066311880005235,56.81
1.0093578588113516,0.2653153585718684,1.8269532665137063,0.20984592563348098,0.38364354991626914,0.17900517951048076,0.1054439899656598,0.9039702474861145,-0.08859324073037857,0.730097613247822,-1.0482324896610589,-0.4996724107266155,-1.3477056080405438,0.34429156357388346,50.94
0.7166259608820812,0.019698368728839642,1.1200545341906938,0.52591764337907,0.4266357947134503,1.8186957291342836,0.10644454056086425,0.9039702474861145,0.23849134469221123,0.8263499302026176,-1.2831906083364695,-1.5208237269725295,-0.6875999722472458,0.44624388206854354,33.56
0.07529156343668375,0.019698368728839642,0.6544167192453818,0.20767710015552035,0.015340745282515594,0.10784362535180154,1.106536505434126,0.9039702474861145,-0.4837592747086397,0.8779422483270279,-1.0826630062693414,0.28130059093685167,0.6774779777491289,0.5743592899486208,41.16
0.3896215212800879,0.019698368728839642,2.168337157348146,1.14913951568052,0.9162881170212418,0.7961727775952439,9.626517367032474e-05,0.9039702474861145,0.4816002198372268,1.1936791422188213,-0.9023083510297674,-1.2915012642128887,-1.0485180917584689,0.6704952344836219,52.96
0.6470103305518525,0.019698368728839642,0.7217098526676523,0.3096914135726405,0.06138796520925103,0.09272162813565818,2.5826355380367234,0.9039702474861145,0.43613486984858774,1.1619293367020145,-1.7827831033846793,-0.4921510936198538,0.517329315595433,0.2526069683494824,44.28
0.0681084500649759,0.019698368728839642,1.0,0.2573167966128453,0.0015521888543727751,0.7961727775952439,0.0523857126712722,0.9039702474861145,-0.9500337554442886,0.2987452632368031,-0.6066929939939139,-0.8521867779901683,-0.3503607032258681,0.7806495909002801,40.15
2.5728302203118063,0.0007879347491535857,0.44594848548291555,0.8850409674947836,0.884234443489521,0.009041533032463021,0.570612129816005,0.0,0.7458240185621897,0.8170811155944179,1.8761203226958088,-0.5074546181850021,-0.2713089256542189,0.2345188336997422,57.03
2.5728302203118063,0.0007879347491535857,0.44594848548291555,0.8850409674947836,0.884234443489521,0.009041533032463021,0.570612129816005,0.0,0.7458240185621897,0.8170811155944179,1.8761203226958088,-0.5074546181850021,-0.2713089256542189,0.2345188336997422,44.42
2.5728302203118063,0.0007879347491535857,0.44594848548291555,0.8850409674947836,0.884234443489521,0.009041533032463021,0.570612129816005,0.0,0.7458240185621897,0.8170811155944179,1.8761203226958088,-0.5074546181850021,-0.2713089256542189,0.2345188336997422,51.02
2.5728302203118063,0.0007879347491535857,0.44594848548291555,0.8850409674947836,0.5194684255833566,0.009041533032463021,0.570612129816005,0.0,0.6481470037161491,0.7184517456460694,1.842477528868836,-0.5264681463575552,-0.16776300908482564,0.20675097700206568,53.39
2.5728302203118063,0.0007879347491535857,0.44594848548291555,0.8850409674947836,0.884234443489521,0.009041533032463021,0.570612129816005,0.0,1.059231240586073,0.4606020592207166,2.034824133626728,-0.4300434581245749,-0.21780637711824483,0.2565438086104949,35.36
2.5728302203118063,0.0007879347491535857,0.44594848548291555,0.8850409674947836,0.884234443489521,0.009041533032463021,0.570612129816005,0.0,1.059231240586073,0.4606020592207166,2.034824133626728,-0.4300434581245749,-0.21780637711824483,0.2565438086104949,25.02
2.5728302203118063,0.0007879347491535857,0.44594848548291555,0.8850409674947836,0.884234443489521,0.009041533032463021,0.570612129816005,0.0,1.059231240586073,0.4606020592207166,2.034824133626728,-0.4300434581245749,-0.21780637711824483,0.2565438086104949,23.35
2.5728302203118063,0.0007879347491535857,0.44594848548291555,0.8850409674947836,0.884234443489521,0.009041533032463021,0.570612129816005,0.0,1.0090860850622516,0.517638708240509,2.009431523877781,-0.44242924373424325,-0.22636678488400067,0.25301981262477446,52.01
2.5728302203118063,0.0007879347491535857,0.44594848548291555,0.8850409674947836,0.884234443489521,0.009041533032463021,0.570612129816005,0.0,1.0090860850622516,0.517638708240509,2.009431523877781,-0.44242924373424325,-0.22636678488400067,0.25301981262477446,38.02
2.5728302203118063,0.0007879347491535857,0.44594848548291555,0.8850409674947836,0.884234443489521,0.009041533032463021,0.570612129816005,0.0,1.0090860850622516,0.517638708240509,2.009431523877781,-0.44242924373424325,-0.22636678488400067,0.25301981262477446,39.3
2.5728302203118063,0.0007879347491535857,0.44594848548291555,0.8850409674947836,0.884234443489521,0.009041533032463021,0.570612129816005,0.4519851237430572,0.39480792989544056,1.216337658732963,1.698372054453179,-0.5941551174526808,-0.3312317800145098,0.20985086179969914,61.07
2.5728302203118063,0.0007879347491535857,0.44594848548291555,0.8850409674947836,0.884234443489521,0.009041533032463021,0.570612129816005,0.4519851237430572,0.39480792989544056,1.216337658732963,1.698372054453179,-0.5941551174526808,-0.3312317800145098,0.20985086179969914,56.14
2.5728302203118063,0.0007879347491535857,0.44594848548291555,0.8850409674947836,0.884234443489521,0.009041533032463021,0.570612129816005,0.4519851237430572,0.39480792989544056,1.216337658732963,1.698372054453179,-0.5941551174526808,-0.3312317800145098,0.20985086179969914,55.25
2.5728302203118063,0.0007879347491535857,0.44594848548291555,0.8850409674947836,0.5194684255833566,0.009041533032463021,0.570612129816005,0.4519851237430572,0.29713091504939987,1.1177082887846146,1.6647292606262063,-0.6131686456252339,-0.22768586344511657,0.18208300510202263,54.77
1.078624417402131,0.0,0.6313733084004234,1.3808018481461848,1.9499917611556596,0.21986370669517608,0.8101198717962403,0.0,1.7523242270593853,1.4076875704720793,0.7328999793394402,-0.02307981315722169,0.3735409937014548,0.19538251909419926,50.24
1.078624417402131,0.0,0.6313733084004234,1.3808018481461848,1.7658505799451638,0.21986370669517608,0.8101198717962403,0.0,1.7222697609529112,1.3773400720264337,0.7225483504696022,-0.028930129518007282,0.40540127572280665,0.18683856318722186,46.68
1.078624417402131,0.0,0.6313733084004234,1.3808018481461848,0.884234443489521,0.21986370669517608,0.8101198717962403,0.0,1.5494565808406853,1.2028419559639711,0.6630264844680349,-0.06256944859252417,0.5885978973455793,0.13771081672210184,46.68
1.078624417402131,0.0,0.6313733084004234,1.3808018481461848,1.9499917611556596,0.21986370669517608,0.8101198717962403,0.0,2.065731449083269,1.0512085140983782,0.8916037902703594,0.054331346903205596,0.4270435422374289,0.217407494004952,22.75
1.078624417402131,0.0,0.6313733084004234,1.3808018481461848,1.7658505799451638,0.21986370669517608,0.8101198717962403,0.0,2.0356769829767947,1.0208610156527327,0.8812521614005214,0.048481030542420006,0.45890382425878073,0.2088635380979746,25.51
1.078624417402131,0.0,0.6313733084004234,1.3808018481461848,0.884234443489521,0.21986370669517608,0.8101198717962403,0.0,1.8628638028645685,0.84636289959027,0.8217302953989541,0.014841711467903116,0.6421004458815533,0.15973579163285456,34.77
1.078624417402131,0.0,0.6313733084004234,1.3808018481461848,1.9499917611556596,0.21986370669517608,0.8101198717962403,0.0,2.0155862935594473,1.1082451631181705,0.8662111805214123,0.04194556129353722,0.418483134471673,0.21388349801923154,36.84
1.078624417402131,0.0,0.6313733084004234,1.3808018481461848,1.7658505799451638,0.21986370669517608,0.8101198717962403,0.0,1.9855318274529732,1.077897664672525,0.8558595516515743,0.03609524493275163,0.45034341649302484,0.20533954211225414,45.9
1.078624417402131,0.0,0.6313733084004234,1.3808018481461848,0.884234443489521,0.21986370669517608,0.8101198717962403,0.0,1.8127186473407473,0.9033995486100623,0.7963376856500071,0.0024559258582347357,0.6335400381157975,0.1562117956471341,41.67
1.078624417402131,0.0,0.6313733084004234,1.3808018481461848,1.9499917611556596,0.21986370669517608,0.8101198717962403,0.4519851237430572,1.401308138392636,1.8069441136106246,0.5551517110968106,-0.10978031242490024,0.3136181393411639,0.1707145471941562,56.34
1.078624417402131,0.0,0.6313733084004234,1.3808018481461848,1.7658505799451638,0.21986370669517608,0.8101198717962403,0.4519851237430572,1.371253672286162,1.776596615164979,0.5448000822269726,-0.11563062878568584,0.3454784213625157,0.1621705912871788,47.97
1.078624417402131,0.0,0.6313733084004234,1.3808018481461848,0.884234443489521,0.21986370669517608,0.8101198717962403,0.4519851237430572,1.198440492173936,1.6020984991025164,0.4852782162254054,-0.14926994786020273,0.5286750429852883,0.1130428448220588,61.46
0.5356648763589004,4.924592182209911e-05,0.6723168242122661,3.0186180876391067,1.4249607826263497,0.009041533032463021,1.4974158397111093,0.0,2.0879859369498583,1.376411577763425,0.26159157457828136,-0.5060156498846012,0.4823572479288289,-0.03045526092731637,44.03
0.5356648763589004,4.924592182209911e-05,0.6723168242122661,3.0186180876391067,1.1205944054437718,0.009041533032463021,1.4974158397111093,0.0,2.0278770047369106,1.3157165808721336,0.24088831683860584,-0.5177162826061724,0.5460778119715324,-0.047543172741271136,55.45
4.142320587373757,0.0017728531855955678,1.0810374358069268,1.7124369071864203,0.12984893575193038,1.4178495777078417,0.841256115040095,0.0,-0.9968262320219272,-0.07214811784603098,2.161406526871184,1.1008126619389575,0.5747031758361241,1.0713770300721108,55.55
4.142320587373757,0.0017728531855955678,1.0810374358069268,0.7864936282919092,0.12984893575193038,3.85782007988975,0.841256115040095,0.0,-0.7568121933293953,0.26363862329263626,2.24964450690203,1.6082559788222448,0.6150712167802406,0.9638580847729975,57.92
4.142320587373757,0.0017728531855955678,1.0810374358069268,1.7124369071864203,0.12984893575193038,1.4178495777078417,0.841256115040095,0.0,-0.683419009998044,-0.4286271742197322,2.3201103378021033,1.178223821999385,0.6282057243720981,1.0934020049828637,25.61
4.142320587373757,0.0017728531855955678,1.0810374358069268,1.7124369071864203,0.12984893575193038,1.4178495777078417,0.841256115040095,0.0,-0.7335641655218653,-0.3715905251999399,2.2947177280531563,1.1658380363897165,0.6196453166063423,1.0898780089971432,33.49
4.142320587373757,0.0017728531855955678,1.0810374358069268,1.7124369071864203,0.12984893575193038,1.4178495777078417,0.841256115040095,0.4519851237430572,-1.3478423206886765,0.3271084252925143,1.9836582586285545,1.014112162671279,0.5147803214758331,1.0467090581720677,59.59
4.142320587373757,0.0017728531855955678,1.0810374358069268,0.7864936282919092,0.12984893575193038,3.85782007988975,0.841256115040095,0.0,-0.44340497130551204,-0.09284043308106492,2.4083483178329494,1.6856671388826723,0.6685737653162146,0.9858830596837502,29.55
4.142320587373757,0.0017728531855955678,1.0810374358069268,0.7864936282919092,0.12984893575193038,3.85782007988975,0.841256115040095,0.0,-0.4935501268293334,-0.03580378406127266,2.3829557080840025,1.6732813532730038,0.6600133575504588,0.9823590636980298,37.92
4.142320587373757,0.0017728531855955678,1.0810374358069268,0.7864936282919092,0.12984893575193038,3.85782007988975,0.841256115040095,0.4519851237430572,-1.1078282819961445,0.6628951664311816,2.071896238659401,1.5215554795545663,0.5551483624199496,0.9391901128729545,61.86
1.9409056394211932,0.00019698368728839644,1.245025863011428,0.03647223917663221,0.17362707006199288,3.85782007988975,0.07975060334099657,0.0,0.4418788357658481,0.9072978564600834,1.5524489391285163,1.4063368903180382,0.32688409507722715,0.7323917401333143,62.05
1.9409056394211932,0.00019698368728839644,1.245025863011428,0.03647223917663221,0.17362707006199288,1.4178495777078417,0.07975060334099657,0.0,0.7312637675017872,0.34539353735187817,1.6241536616325372,0.8173015342386973,0.30903385156824614,0.7248072042840087,32.01
1.9409056394211932,0.00019698368728839644,1.245025863011428,0.435065892631489,0.2345017083126928,3.85782007988975,0.07975060334099657,0.0,0.7119241334329752,1.0824914420214662,1.5641771142249628,1.235516985282734,0.2605963118327214,0.5885707448634344,72.1
1.9409056394211932,0.00019698368728839644,1.245025863011428,0.03647223917663221,0.17362707006199288,3.85782007988975,0.07975060334099657,0.0,0.70514090226591,0.6078554491061745,1.6857601403104885,1.4713622647687972,0.37182623584744534,0.7508927190583466,39.0
1.9409056394211932,0.00019698368728839644,1.245025863011428,0.03647223917663221,0.17362707006199288,3.85782007988975,0.07975060334099657,0.4519851237430572,0.09086274709909883,1.3065543995986286,1.3747006708858867,1.3196363910503597,0.2669612407169362,0.7077237682332713,65.7
1.9409056394211932,0.00019698368728839644,1.245025863011428,0.435065892631489,0.2345017083126928,3.85782007988975,0.07975060334099657,0.0,1.0253313554568584,0.726012385647765,1.7228809251558819,1.3129281453431614,0.3140988603686955,0.6105957197741871,32.11
1.9409056394211932,0.00019698368728839644,1.245025863011428,0.435065892631489,0.2345017083126928,3.85782007988975,0.07975060334099657,0.0,0.9751861999330371,0.7830490346675574,1.697488315406935,1.3005423597334929,0.3055384526029396,0.6070717237884667,40.29
1.9409056394211932,0.00019698368728839644,1.245025863011428,0.435065892631489,0.2345017083126928,3.85782007988975,0.07975060334099657,0.4519851237430572,0.360908044766226,1.4817479851600115,1.386428845982333,1.1488164860150554,0.2006734574724305,0.5639027729633914,74.36
0.5393562853283764,0.003988919667590028,1.4205899439009522,1.2569859604297529,0.5357790400111122,0.17416963946854908,0.1241837609186423,0.0,-0.3503732210617024,-0.8887823349863402,-0.7884833983885637,0.8048062373878356,0.4201541291085476,1.027373406883792,21.97
0.5393562853283764,0.003988919667590028,1.4205899439009522,1.2569859604297529,0.5357790400111122,0.17416963946854908,0.1241837609186423,0.0,-0.03696599903781914,-1.2452613913600414,-0.6297795874576445,0.8822173974482629,0.4736566776445217,1.049398381794545,9.85
0.5393562853283764,0.003988919667590028,1.4205899439009522,1.2569859604297529,0.5357790400111122,0.17416963946854908,0.1241837609186423,0.0,-0.08711115456164052,-1.1882247423402492,-0.6551721972065916,0.8698316118385945,0.4650962698787658,1.0458743858088244,15.07
0.5393562853283764,0.003988919667590028,1.4205899439009522,1.2569859604297529,0.5357790400111122,0.17416963946854908,0.1241837609186423,0.4519851237430572,-0.7013893097284516,-0.4895257918477949,-0.9662316666311933,0.718105738120157,0.36023127474825667,1.002705434983749,23.25
0.0026472450045529955,0.0012311480455524776,1.4205899439009522,0.02076920415087766,0.00811328739237241,2.9115754053910456,0.1241837609186423,0.0,0.5502836255199566,0.3577629327035224,0.07628056121541844,1.389343328929021,0.43870066245014294,0.7174837052670837,43.73
0.0026472450045529955,0.0012311480455524776,1.4205899439009522,0.02076920415087766,0.00811328739237241,2.9115754053910456,0.1241837609186423,0.0,0.8636908475438398,0.0012838763298212079,0.2349843721463377,1.4667544889894484,0.492203210986117,0.7395086801778364,13.4
0.0026472450045529955,0.0012311480455524776,1.4205899439009522,0.02076920415087766,0.00811328739237241,2.9115754053910456,0.1241837609186423,0.0,0.8135456920200185,0.05832052534961346,0.20959176239739058,1.4543687033797799,0.48364280322036113,0.735984684192116,24.13
0.0026472450045529955,0.0012311480455524776,1.4205899439009522,0.02076920415087766,0.00811328739237241,2.9115754053910456,0.1241837609186423,0.4519851237430572,0.19926753685320733,0.7570194758420677,-0.1014677070272111,1.3026428296613424,0.378777808089852,0.6928157333670407,44.52
0.5932480049270102,4.924592182209911e-05,1.4205899439009522,1.7309630972346204,0.6758377250770763,0.17416963946854908,0.1241837609186423,0.0,1.4492211012351752,0.9925620060143668,0.6394004656177995,-0.1793525272449564,0.0728306588924834,0.3743489015434031,62.94
0.5932480049270102,4.924592182209911e-05,1.4205899439009522,1.7309630972346204,0.6758377250770763,0.17416963946854908,0.1241837609186423,0.0,1.4492211012351752,0.9925620060143668,0.6394004656177995,-0.1793525272449564,0.0728306588924834,0.3743489015434031,59.49
0.5932480049270102,4.924592182209911e-05,1.4205899439009522,1.7309630972346204,0.6758377250770763,0.17416963946854908,0.1241837609186423,0.0,1.7626283232590585,0.6360829496406656,0.7981042765487187,-0.10194136718452912,0.12633320742845744,0.3963738764541558,25.12
0.5932480049270102,4.924592182209911e-05,1.4205899439009522,1.7309630972346204,0.6758377250770763,0.17416963946854908,0.1241837609186423,0.0,1.7626283232590585,0.6360829496406656,0.7981042765487187,-0.10194136718452912,0.12633320742845744,0.3963738764541558,23.64
0.5932480049270102,4.924592182209911e-05,1.4205899439009522,1.7309630972346204,0.6758377250770763,0.17416963946854908,0.1241837609186423,0.0,1.7124831677352372,0.6931195986604579,0.7727116667997717,-0.1143271527941975,0.1177727996627016,0.3928498804684354,35.75
0.5932480049270102,4.924592182209911e-05,1.4205899439009522,1.7309630972346204,0.6758377250770763,0.17416963946854908,0.1241837609186423,0.0,1.7124831677352372,0.6931195986604579,0.7727116667997717,-0.1143271527941975,0.1177727996627016,0.3928498804684354,38.61
0.5932480049270102,4.924592182209911e-05,1.4205899439009522,1.7309630972346204,0.6758377250770763,0.17416963946854908,0.1241837609186423,0.4519851237430572,1.098205012568426,1.391818549152912,0.46165219737517,-0.26605302651263496,0.012907804532192473,0.34968092964336006,68.75
0.5932480049270102,4.924592182209911e-05,1.4205899439009522,1.7309630972346204,0.6758377250770763,0.17416963946854908,0.1241837609186423,0.4519851237430572,1.098205012568426,1.391818549152912,0.46165219737517,-0.26605302651263496,0.012907804532192473,0.34968092964336006,66.78
2.2745701879571216,0.019698368728839642,0.0,2.834157683490136,1.0386322051301158,3.072089864176484,0.4350016878662105,0.0,-1.4629632310252538,-0.44563016765857283,1.724186949964086,1.7217217970622334,1.2431530481098638,0.6022940354961299,23.85
0.009874335054714746,0.019698368728839642,0.0,0.21630721410616524,1.0386322051301158,0.6218389474433702,2.3291409252373145,0.8177099032017076,-0.723318863839103,0.6409754474878769,-0.932133053126336,0.6211650148433561,1.8157223685963595,-0.0526880415776166,32.07
0.009874335054714746,0.019698368728839642,0.0,0.21630721410616524,1.0386322051301158,0.6218389474433702,2.3291409252373145,0.0,0.3673382688040107,-0.5995716686926033,-0.379843791086737,0.890555851853643,2.0019112375015493,0.023958871111802862,11.65
1.2013703456888352,0.019698368728839642,0.0,0.21630721410616524,1.0386322051301158,0.18955777165720838,0.0258286244389715,0.0,-0.2308241094524693,-0.7108832293433403,1.0202065379138667,0.3312721197358611,1.4624761772827377,0.11355261785807477,19.2
1.2013703456888352,0.019698368728839642,0.0,0.21630721410616524,1.0386322051301158,0.18955777165720838,0.0258286244389715,0.8177099032017076,-1.321481242095583,0.5296638868371399,0.4679172758742677,0.061881282725574124,1.2762873083775481,0.03690570516865531,48.85
1.2013703456888352,0.019698368728839642,0.0,0.21630721410616524,1.0386322051301158,0.18955777165720838,0.0258286244389715,0.0,-0.5442313314763526,-0.3544041729696391,0.8615027269829474,0.2538609596754338,1.4089736287467638,0.09152764294732205,39.6
3.724316775292661,0.019698368728839642,0.0,0.21630721410616524,1.0386322051301158,0.24216065826487443,0.5668573877479006,0.0,-0.9506211299971605,-0.3027480254560891,1.9625321010346206,0.1084709292799216,1.139799149381772,0.16069204978375332,43.94
3.724316775292661,0.019698368728839642,0.0,0.21630721410616524,1.0386322051301158,0.24216065826487443,0.5668573877479006,0.0,-0.6873590634970986,-0.6021904328099981,2.0958433022165925,0.1734963037306805,1.1847412901519903,0.1791930287087856,34.57
3.724316775292661,0.019698368728839642,0.0,0.21630721410616524,1.0386322051301158,0.24216065826487443,0.5668573877479006,0.8177099032017076,-1.727871040616391,0.5813200343506899,1.5689466499259408,-0.0835087476699381,1.0071128290125564,0.10607011200508658,54.32
3.724316775292661,0.019698368728839642,0.0,0.21630721410616524,1.0386322051301158,0.24216065826487443,0.5668573877479006,0.0,-0.6372139079732773,-0.6592270818297903,2.12123591196554,0.1858820893403489,1.193301697917746,0.18271702469450604,24.4
0.27149389819529746,0.019698368728839642,0.0,0.21630721410616524,1.0386322051301158,0.309745784732656,0.7572371016480871,0.0,0.08326902082994249,-0.6861427699630052,0.24077845346541651,0.5762565683049974,1.7148547408990837,0.06529791146055386,15.62
0.05129082508345303,0.019698368728839642,0.0,0.21630721410616524,1.0386322051301158,1.18852095434578,4.600037673219957,0.8177099032017076,-0.45941759187678954,0.7654046883205536,-1.4515976760126252,0.9787404373184749,2.1219372724333727,-0.0893646636394875,21.86
0.05129082508345303,0.019698368728839642,0.0,0.21630721410616524,1.0386322051301158,1.18852095434578,4.600037673219957,0.0,0.5810943852425029,-0.4181057788401343,-0.9247010237219734,1.2357454887190935,2.299565733572807,-0.016241746935788476,10.22
0.009874335054714746,0.019698368728839642,0.0,0.21630721410616524,1.0386322051301158,0.6218389474433702,2.3291409252373145,0.0,0.31719311328018934,-0.542535019672811,-0.40523640083568413,0.8781700662439746,1.9933508297357934,0.020434875126082424,14.6
0.05129082508345303,0.019698368728839642,0.0,0.21630721410616524,1.0386322051301158,1.18852095434578,4.600037673219957,0.0,0.317832318742441,-0.11866337148622536,-1.0580122249039454,1.1707201142683346,2.2546235928025884,-0.03474272586082076,18.75
0.27149389819529746,0.019698368728839642,0.0,0.21630721410616524,1.0386322051301158,0.309745784732656,0.7572371016480871,0.0,-0.23013820119394077,-0.329663713589304,0.08207464253449727,0.4988454082445701,1.6613521923631098,0.04327293654980115,31.97
0.27149389819529746,0.019698368728839642,0.0,0.21630721410616524,1.0386322051301158,0.309745784732656,0.7572371016480871,0.0,0.03312386530612112,-0.6291061209432129,0.2153858437164694,0.563870782695329,1.706294333133328,0.06177391547483343,23.4
0.009874335054714746,0.019698368728839642,0.0,0.21630721410616524,1.0386322051301158,0.6218389474433702,2.3291409252373145,0.0,0.05393104678012748,-0.24309261231890208,-0.5385476020176563,0.8131446917932158,1.9484086889655752,0.0019338962010501458,25.57
0.27149389819529746,0.019698368728839642,0.0,0.21630721410616524,1.0386322051301158,0.309745784732656,0.7572371016480871,0.8177099032017076,-1.0073881118131713,0.554404346217475,-0.31151080857418245,0.3068657312947104,1.5286658719938941,-0.011349001228865594,41.68
1.2013703456888352,0.019698368728839642,0.0,0.21630721410616524,1.0386322051301158,0.18955777165720838,0.0258286244389715,0.0,-0.2809692649762907,-0.653846580323548,0.9948139281649195,0.3188863341261927,1.453915769516982,0.11002862187235433,27.74
0.05129082508345303,0.019698368728839642,0.0,0.21630721410616524,1.0386322051301158,1.18852095434578,4.600037673219957,0.0,0.6312395407663243,-0.47514242785992655,-0.8993084139730263,1.248131274328762,2.3081261413385628,-0.012717750950068036,8.2
1.3188752628450815,2.344659402893198,0.0,0.02885205867786094,1.0386322051301158,0.7286589391997633,0.2283118598836868,0.0,-0.2562482055807207,-1.8561525809724317,-0.6413802625313662,-0.23599493235022498,-0.5426915602078186,-1.1216171901953202,9.62
0.1399232433204841,5.6727539550630945,0.0,0.02885205867786094,1.0386322051301158,0.17849978807842298,1.820103666638766,0.0,-0.6343491555426851,-1.5689675044057236,0.5130321552466917,0.885732960716671,-0.9835799711068045,-1.6024266675976324,25.42
0.15014096684056874,0.9487443521083413,0.0,0.02885205867786094,1.0386322051301158,0.7286589391997633,0.2283118598836868,0.0,-0.30592739716312267,-1.5830873297404864,-0.03177118774928915,-0.4778886940544877,-0.0583342460797717,-0.7417315303617625,15.69
0.859403869375957,3.1472004924592185,0.0,0.02885205867786094,1.0386322051301158,0.24021556519603482,0.528180901256308,0.0,-0.6275787882462679,-1.4748921236881674,-0.44487197682925717,0.018453695861805286,-0.7135825575011576,-1.277396264390697,27.94
0.6656437207831557,3.5953482302246837,0.0,0.02885205867786094,1.0386322051301158,0.09429828487238638,0.7245940072526964,0.0,-0.6816419101838734,-1.4335685750032119,-0.2794540409504003,0.17940209070041302,-0.7764905519150935,-1.3464816465401752,32.63
0.04914332927198093,1.112469806094183,0.0,0.02885205867786094,1.0386322051301158,0.45313840921784626,0.3627535187999716,0.0,-0.36358682788984376,-1.522712534651777,0.1771472070592912,-0.33686425737420445,-0.08623217567934238,-0.7826643469934002,17.24
0.0031232020731069305,1.2908148968913513,0.0,0.02885205867786094,1.0386322051301158,0.24021556519603482,0.528180901256308,0.0,-0.42119126223537895,-1.461719526797947,0.3863418049281662,-0.19344968206674915,-0.11413059488913249,-0.8239884028602441,19.77
0.1399232433204841,5.6727539550630945,0.0,0.02885205867786094,1.0386322051301158,0.17849978807842298,1.820103666638766,0.0,-0.897611222042747,-1.2695250970518148,0.3797209540647195,0.8207075862659121,-1.0285221118770227,-1.6209276465226647,39.44
0.3071775182335624,0.7967911357340719,0.0,0.02885205867786094,1.0386322051301158,1.080000788355964,0.12485592450745366,0.0,-0.5115774574474719,-1.3456000539012862,-0.37532095947602545,-0.6884141303470502,-0.07598749983618722,-0.7189956596001518,25.75
1.2868748267117434,0.019698368728839642,0.0,0.02885205867786094,1.0386322051301158,0.7286589391997633,0.2283118598836868,0.0,-0.6685478468279885,-0.7375144199226863,1.0541357606328934,-1.026701591913772,0.8654382414061044,-0.0004611896196791287,33.08
0.9909047208696332,0.019698368728839642,0.0,0.02885205867786094,1.0386322051301158,0.8957165717174768,0.17271067675306376,0.0,-0.3728508186410031,-1.0878812249879204,1.0377970388379991,-1.0167564269999763,0.8886435609232405,0.010908380055039437,24.07
0.4238412991637311,4.317646537396122,0.0,0.02885205867786094,1.0386322051301158,0.0011433039830168784,1.0773118978848755,0.0,-0.499289115558877,-1.6717897041164482,0.10035870194247011,0.48467401644101077,-0.8262960386967908,-1.4306552304371492,21.82
1.3188752628450815,2.344659402893198,0.0,0.02885205867786094,1.0386322051301158,0.7286589391997633,0.2283118598836868,0.0,-0.5195102720807826,-1.556710173618523,-0.7746914637133383,-0.3010203068009839,-0.5876337009780368,-1.1401181691203526,21.07
0.027072945026135383,0.019698368728839642,0.0,0.02885205867786094,1.0386322051301158,2.2753489081115768,0.0017786265545968924,0.0,-0.17866413563479341,-1.3939649946521442,0.1415794341973535,-1.3520886665543776,0.7588620167919614,-0.03211194875224068,14.84
0.04914332927198093,1.112469806094183,0.0,0.02885205867786094,1.0386322051301158,0.45313840921784626,0.3627535187999716,0.0,-0.6268488943899057,-1.2232701272978679,0.043836005877319076,-0.4018896318249634,-0.13117431644956057,-0.8011653259184325,32.05
0.5184479656188593,0.6592300400123113,0.0,0.02885205867786094,1.0386322051301158,1.7226519016163095,0.02777025308070084,0.0,-0.170929693348668,-1.7161226002161982,-0.4912515974818956,-0.8392136707675442,0.029010734876964307,-0.6683596406986736,11.96
1.2868748267117434,0.019698368728839642,0.0,0.02885205867786094,1.0386322051301158,0.7286589391997633,0.2283118598836868,0.0,-0.4052857803279266,-1.0369568272765952,1.1874469618148655,-0.9616762174630131,0.9103803821763226,0.01803978930535315,25.45
0.9700279031573372,0.019698368728839642,0.0,0.02885205867786094,1.0386322051301158,2.8176094863077887,0.020889418403037863,0.0,-0.4544094033719754,-0.8604479780894472,0.5448809838404615,-1.6646305493035054,1.1385500197350666,-0.08269823991971918,22.49
0.027072945026135383,0.019698368728839642,0.0,0.02885205867786094,1.0386322051301158,2.2753489081115768,0.0017786265545968924,0.0,-0.4419262021348553,-1.0945225872982352,0.008268233015381361,-1.4171140410051366,0.7139198760217432,-0.05061292767727296,25.22
0.23545166534270814,5.109186088027085,0.0,0.02885205867786094,1.0386322051301158,0.05733855394319503,1.499747666482171,0.0,-0.8435731780249156,-1.3109151838474318,0.21428922428473435,0.6599278416673448,-0.965852449713456,-1.5523322019775934,39.7
0.3071775182335624,0.7967911357340719,0.0,0.02885205867786094,1.0386322051301158,1.080000788355964,0.12485592450745366,0.0,-0.24831539094740993,-1.645042461255195,-0.24200975829405327,-0.6233887558962914,-0.03104535906596902,-0.7004946806751194,13.09
0.1289433990277538,1.7909013234841487,0.0,0.02885205867786094,1.0386322051301158,0.0011433039830168784,1.0773118978848755,0.0,-0.8284981189957799,-1.009865212633483,0.77627667559716,0.09854533615109203,-0.2282751957252437,-0.9448747415226728,38.7
1.876367135810291,1.6582209910741768,0.0,0.02885205867786094,1.0386322051301158,1.7226519016163095,0.02777025308070084,0.0,-0.12850841892440032,-1.9492941875402021,-1.0117993968550045,-0.6326595518311585,-0.38458404973111615,-0.992745632344961,7.51
0.1508845812179796,0.019698368728839642,0.0,0.02885205867786094,1.0386322051301158,3.4655966242007783,0.04275254412254402,0.0,-0.3118887737938543,-1.2925948036577732,-0.5860395530187243,-1.6222924660014164,0.629752558157977,-0.07848215266112386,17.58
0.3369447945081524,0.019698368728839642,0.0,0.02885205867786094,1.0386322051301158,1.493940323472269,0.0523857126712722,0.0,-0.27564115162154723,-1.2394149216759207,0.5906452182977552,-1.1800475709293052,0.8244143189158192,-0.010410133704699849,21.18
1.876367135810291,1.6582209910741768,0.0,0.02885205867786094,1.0386322051301158,1.7226519016163095,0.02777025308070084,0.0,-0.3917704854244622,-1.6498517801862933,-1.1451105980369767,-0.6976849262819174,-0.42952619050133434,-1.0112466112699934,18.2
0.6656437207831557,3.5953482302246837,0.0,0.02885205867786094,1.0386322051301158,0.09429828487238638,0.7245940072526964,0.0,-0.41837984368381154,-1.7330109823571207,-0.1461428397684281,0.24442746515117192,-0.7315484111448753,-1.3279806676151429,17.2
0.5184479656188593,0.6592300400123113,0.0,0.02885205867786094,1.0386322051301158,1.7226519016163095,0.02777025308070084,0.0,-0.4341917598487299,-1.4166801928622894,-0.6245627986638678,-0.904239045218303,-0.015931405893253887,-0.6868606196237059,22.63
0.012292175029463072,1.482413050169283,0.0,0.02885205867786094,1.0386322051301158,0.09429828487238638,0.7245940072526964,0.0,-0.4788833427520517,-1.4004491461590207,0.5962903785115072,-0.050171108612079955,-0.14165732454308513,-0.8653239509160874,21.86
0.859403869375957,3.1472004924592185,0.0,0.02885205867786094,1.0386322051301158,0.24021556519603482,0.528180901256308,0.0,-0.364316721746206,-1.7743345310420762,-0.311560775647285,0.0834790703125642,-0.6686404167309394,-1.2588952854656648,12.37
1.077881762615585,0.904167436134195,0.0,0.02885205867786094,1.0386322051301158,0.45313840921784626,0.3627535187999716,0.0,-0.548462824454403,-1.449744099822438,-0.5965098054809248,-0.31097628877703803,-0.41258064496853136,-0.7188632154389636,25.73
0.4238412991637311,4.317646537396122,0.0,0.02885205867786094,1.0386322051301158,0.0011433039830168784,1.0773118978848755,0.0,-0.7625511820589389,-1.3723472967625394,-0.032952499239502026,0.4196486419902518,-0.871238179467009,-1.4491562093621815,37.81
0.23545166534270814,5.109186088027085,0.0,0.02885205867786094,1.0386322051301158,0.05733855394319503,1.499747666482171,0.0,-0.5803111115248537,-1.6103575912013406,0.3476004254667065,0.7249532161181036,-0.9209103089432378,-1.533831223052561,21.92
0.012292175029463072,1.482413050169283,0.0,0.02885205867786094,1.0386322051301158,0.09429828487238638,0.7245940072526964,0.0,-0.7421454092521136,-1.1010067388051117,0.46297917732953503,-0.11519648306283886,-0.18659946531330332,-0.8838249298411197,33.04
0.9700279031573372,0.019698368728839642,0.0,0.02885205867786094,1.0386322051301158,2.8176094863077887,0.020889418403037863,0.0,-0.19114733687191351,-1.1598903854433562,0.6781921850224336,-1.5996051748527464,1.1834921605052848,-0.0641972609946869,14.54
0.15014096684056874,0.9487443521083413,0.0,0.02885205867786094,1.0386322051301158,0.7286589391997633,0.2283118598836868,0.0,-0.5691894636631846,-1.2836449223865776,-0.1650823889312613,-0.5429140685052466,-0.1032763868499899,-0.7602325092867949,26.91
0.78469592337387,0.5336686980609419,0.0,0.02885205867786094,1.0386322051301158,1.9748854222867382,0.010901224375142408,0.0,-0.13313160017611345,-1.7670950150735167,-0.6604127479329319,-0.9100492562711642,0.024513147103241744,-0.6183365065458379,8.0
0.3369447945081524,0.019698368728839642,0.0,0.02885205867786094,1.0386322051301158,1.493940323472269,0.0523857126712722,0.0,-0.5389032181216091,-0.9399725143220118,0.45733401711578303,-1.2450729453800642,0.779472178145601,-0.028911112629732127,31.9
0.1508845812179796,0.019698368728839642,0.0,0.02885205867786094,1.0386322051301158,3.4655966242007783,0.04275254412254402,0.0,-0.04862670729379247,-1.592037211011682,-0.4527283518367522,-1.5572670915506575,0.6746946989281952,-0.05998117373609158,10.34
0.06271715329677073,0.019698368728839642,0.0,0.02885205867786094,1.0386322051301158,3.128665731603212,0.020889418403037863,0.0,-0.3442360893096405,-1.2419477787315445,-0.43714360575632405,-1.5670762546116668,0.6511176898552214,-0.07133925122181094,19.77
0.9909047208696332,0.019698368728839642,0.0,0.02885205867786094,1.0386322051301158,0.8957165717174768,0.17271067675306376,0.0,-0.636112885141065,-0.7884388176340115,0.9044858376560269,-1.0817818014507352,0.8437014201530223,-0.0075925988699928415,37.44
0.06271715329677073,0.019698368728839642,0.0,0.02885205867786094,1.0386322051301158,3.128665731603212,0.020889418403037863,0.0,-0.08097402280957865,-1.5413901860854535,-0.3038324045743519,-1.5020508801609078,0.6960598306254396,-0.052838272296778656,11.48
0.1289433990277538,1.7909013234841487,0.0,0.02885205867786094,1.0386322051301158,0.0011433039830168784,1.0773118978848755,0.0,-0.565236052495718,-1.3093076199873919,0.9095878767791321,0.16357071060185094,-0.18333305495502553,-0.9263737625976405,24.44
0.78469592337387,0.5336686980609419,0.0,0.02885205867786094,1.0386322051301158,1.9748854222867382,0.010901224375142408,0.0,-0.3963936666761753,-1.467652607719608,-0.7937239491149041,-0.975074630721923,-0.02042899366697645,-0.6368374854708703,17.6
1.077881762615585,0.904167436134195,0.0,0.02885205867786094,1.0386322051301158,0.45313840921784626,0.3627535187999716,0.0,-0.2852007579543411,-1.7491865071763468,-0.46319860429895265,-0.2459509143262791,-0.3676385041983132,-0.7003622365139313,10.73
0.0031232020731069305,1.2908148968913513,0.0,0.02885205867786094,1.0386322051301158,0.24021556519603482,0.528180901256308,0.0,-0.6844533287354408,-1.1622771194440382,0.25303060374619407,-0.2584750565175081,-0.15907273565935068,-0.8424893817852764,31.38
0.33472325940730085,0.019698368728839642,0.0,0.48915684362802686,1.0386322051301158,0.006756346922590138,0.01070325026697399,0.0,-0.33526099842021806,-1.039728479478935,0.6001346647404352,0.1839450664551823,1.208930266603852,0.18724426346048814,13.22
0.33472325940730085,0.019698368728839642,0.0,0.48915684362802686,1.0386322051301158,0.006756346922590138,0.01070325026697399,0.0,-0.38540615394403943,-0.9826918304591427,0.5747420549914881,0.17155928084551392,1.2003698588380962,0.1837202674747677,20.97
0.33472325940730085,0.019698368728839642,0.0,0.48915684362802686,1.0386322051301158,0.006756346922590138,0.01070325026697399,0.0,-0.4731601761107267,-0.8828776946745064,0.5303049879308307,0.14988415602859428,1.1853891452480234,0.17755327449975694,27.04
0.33472325940730085,0.019698368728839642,0.0,0.48915684362802686,1.0386322051301158,0.006756346922590138,0.01070325026697399,0.0,-0.6486682204441013,-0.6832494231052337,0.4414308538095159,0.106533906394755,1.155427718067878,0.16521928854973542,32.04
0.33472325940730085,0.019698368728839642,0.0,0.48915684362802686,1.0386322051301158,0.006756346922590138,0.01070325026697399,0.8177099032017076,-1.4259181310633318,0.20081863670154526,0.04784540270083618,-0.08544577055510469,1.0227413976986623,0.11059735077106868,35.17
0.33472325940730085,0.019698368728839642,0.0,0.48915684362802686,1.0386322051301158,0.006756346922590138,0.01070325026697399,1.411484609948449,-2.5541841303493116,1.4841432396468694,-0.5234883166504731,-0.3641259467726429,0.8301322229691558,0.0313074410923589,36.45
0.33472325940730085,0.019698368728839642,0.0,0.48915684362802686,1.0386322051301158,0.006756346922590138,0.01070325026697399,2.064017071354204,-4.873397573326048,4.122088256812258,-1.6978965175392755,-0.936968531219805,0.4342133638029478,-0.1316773732472112,38.89
0.16692481422367803,0.019698368728839642,0.0,0.31227088574051104,1.0386322051301158,0.006756346922590138,1.9542583098851065,0.0,0.2972777948160968,-0.9918983187522649,-0.7976252756669155,0.37862646631889885,1.6627481610103807,0.04428331720568324,6.47
0.16692481422367803,0.019698368728839642,0.0,0.31227088574051104,1.0386322051301158,0.006756346922590138,1.9542583098851065,0.0,0.15937861712558812,-0.8350475339478364,-0.8674549524765199,0.34456555589231086,1.6392070396545522,0.03459232824495204,12.84
0.16692481422367803,0.019698368728839642,0.0,0.31227088574051104,1.0386322051301158,0.006756346922590138,1.9542583098851065,0.0,-0.016129427207786477,-0.6354192623785637,-0.9563290865978348,0.30121530625847154,1.6092456124744068,0.02225834229493052,18.42
0.16692481422367803,0.019698368728839642,0.0,0.31227088574051104,1.0386322051301158,0.006756346922590138,1.9542583098851065,0.8177099032017076,-0.793379337827017,0.24864879742821533,-1.3499145377065145,0.10923562930861187,1.476559292105191,-0.03236359548373622,21.95
0.16692481422367803,0.019698368728839642,0.0,0.2620930198942717,1.0386322051301158,0.006756346922590138,1.9542583098851065,1.411484609948449,-1.8976462539569314,1.5464580090851132,-1.9211106024351627,-0.18711156904853535,1.2805073672533689,-0.1268900002801317,24.1
0.16692481422367803,0.019698368728839642,0.0,0.2620930198942717,1.0386322051301158,0.006756346922590138,1.9542583098851065,2.064017071354204,-4.216859696933668,4.184403026250503,-3.0955188033239653,-0.7599541534956974,0.884588508087161,-0.2898748146197018,25.08
0.00024442948104703944,0.019698368728839642,0.0,0.17491346837619165,1.0386322051301158,0.006756346922590138,1.075335713224296,0.0,0.06430907452937763,-0.7587558543273532,-0.38458733382278226,0.20579972810546282,1.545092610726209,0.014589930513350986,21.26
0.00024442948104703944,0.019698368728839642,0.0,0.17491346837619165,1.0386322051301158,0.006756346922590138,1.075335713224296,0.0,-0.11119896980399699,-0.5591275827580805,-0.47346146794409705,0.16244947847162355,1.5151311835460637,0.0022559445633294653,25.97
0.00024442948104703944,0.019698368728839642,0.0,0.17491346837619165,1.0386322051301158,0.006756346922590138,1.075335713224296,0.0,0.20220825221988628,-0.9156066391317818,-0.31475765701317776,0.23986063853205083,1.5686337320820376,0.02428091947408218,11.36
0.00024442948104703944,0.019698368728839642,0.0,0.17491346837619165,1.0386322051301158,0.006756346922590138,1.075335713224296,0.8177099032017076,-0.8884488804232274,0.3249404770486985,-0.8670469190527768,-0.029530198478236142,1.382444863176848,-0.052365993215337275,31.25
0.00024442948104703944,0.019698368728839642,0.0,0.17491346837619165,1.0386322051301158,0.006756346922590138,1.075335713224296,1.411484609948449,-2.016714879709207,1.6082650799940228,-1.438380638404086,-0.3082103746957744,1.1898356884473413,-0.13165590289404705,32.33
0.00024442948104703944,0.019698368728839642,0.0,0.17491346837619165,1.0386322051301158,0.006756346922590138,1.075335713224296,2.0509790770160743,-4.273246878281167,4.174914285884672,-2.5810480771067046,-0.8655707271308509,0.8046173389883282,-0.29023572225146665,33.7
0.055723586537588674,0.019698368728839642,0.0,0.5569029497067981,1.0386322051301158,0.006756346922590138,1.2636304363269277,0.0,0.0860258078782027,-1.061270677966869,-0.5309726289742863,0.40205256489427593,1.5642530842398692,0.12623709925811016,9.31
0.055723586537588674,0.019698368728839642,0.0,0.5569029497067981,1.0386322051301158,0.006756346922590138,1.2636304363269277,0.8177099032017076,-1.004631324764911,0.17927643821361122,-1.0832618910138854,0.13266172788398894,1.3780642153346796,0.0495901865686907,26.94
0.055723586537588674,0.019698368728839642,0.0,0.5569029497067981,1.0386322051301158,0.006756346922590138,1.2636304363269277,1.411484609948449,-2.132897324050891,1.4626010411589354,-1.6545956103651946,-0.14601844833354927,1.185455040605173,-0.029699723110019078,27.63
0.055723586537588674,0.019698368728839642,0.0,0.5569029497067981,1.0386322051301158,0.006756346922590138,1.2636304363269277,2.064017071354204,-4.452110767027627,4.1005460583243245,-2.829003811253997,-0.7188610327807112,0.7895361814389651,-0.1926845374495892,29.79
0.07391633264413376,0.019698368728839642,0.0,0.2620930198942717,1.0386322051301158,0.006756346922590138,0.23942870041284803,1.411484609948449,-2.2899655843803677,1.5397856467284505,-0.9494879601508368,-0.3592001992154991,0.9498876608221735,-0.058477778155358165,34.49
0.07391633264413376,0.019698368728839642,0.0,0.2620930198942717,1.0386322051301158,0.006756346922590138,0.23942870041284803,2.064017071354204,-4.609179027357104,4.17773066389384,-2.123896161039639,-0.9320427836626611,0.5539688016559655,-0.22146259249492828,36.15
0.07391633264413376,0.019698368728839642,0.0,0.2620930198942717,1.0386322051301158,0.006756346922590138,0.23942870041284803,0.0,-0.07104245245127426,-0.9840860723973538,0.17413502124007146,0.18887081401232608,1.3286857044568696,0.09745904421277107,12.54
0.07391633264413376,0.019698368728839642,0.0,0.2620930198942717,1.0386322051301158,0.006756346922590138,0.23942870041284803,0.0,-0.3844496744751575,-0.6276070160236527,0.015431210309152203,0.11145965395189879,1.2751831559208957,0.07543406930201836,27.53
0.07391633264413376,0.019698368728839642,0.0,0.2620930198942717,1.0386322051301158,0.006756346922590138,0.23942870041284803,0.8177099032017076,-1.161699585094388,0.2564610437831264,-0.37815424079952753,-0.0805200229979609,1.14249683555168,0.020812131523351617,32.92
0.16692481422367803,0.019698368728839642,0.0,0.2620930198942717,1.0386322051301158,0.006756346922590138,1.9542583098851065,0.0,0.27113172244834066,-0.9203770610208989,-0.8228802307932016,0.34857365856962147,1.6507450031223094,0.02552282610227709,9.99
0.5678769708199596,0.019698368728839642,0.0,0.00945822918325604,1.0386322051301158,3.769535423389288,0.8101198717962403,0.0,0.3709425651805569,-1.4810262891406751,-1.0811011624792342,-1.61739017610773,0.9597105438030018,-0.20393555929821586,7.84
0.5678769708199596,0.019698368728839642,0.0,0.00945822918325604,1.0386322051301158,3.769535423389288,0.8101198717962403,0.0,0.10768049868049503,-1.1815838817867663,-1.2144123636612063,-1.682415550558489,0.9147684030327836,-0.22243653822324813,12.25
0.26418017079855605,0.019698368728839642,0.0,0.0025393142737673525,1.0386322051301158,3.1928309219167406,0.5635537978145416,0.0,0.27557493720198756,-1.4185522994051885,-0.8036245417566742,-1.5128497629266575,0.9726170427606782,-0.17306308440474488,11.17
0.26418017079855605,0.019698368728839642,0.0,0.0025393142737673525,1.0386322051301158,3.1928309219167406,0.5635537978145416,0.0,0.012312870701925693,-1.1191098920512796,-0.9369357429386463,-1.5778751373774165,0.92767490199046,-0.19156406332977716,17.34
0.19747489730825374,0.019698368728839642,0.0,0.008134929894098872,1.0386322051301158,1.304965047478646,0.016473871094931525,0.0,-0.09013932522925593,-1.1529024980561913,0.32127298687767014,-1.0922094899689727,1.0068905151150636,-0.0617248421109508,17.54
0.19747489730825374,0.019698368728839642,0.0,0.008134929894098872,1.0386322051301158,1.304965047478646,0.016473871094931525,0.0,-0.3534013917293178,-0.8534600907022823,0.18796178569569802,-1.1572348644197317,0.9619483743448454,-0.08022582103598308,30.57
0.0012111487343425865,0.019698368728839642,0.0,0.0018776646291887675,1.0386322051301158,2.1450533176887863,0.19318344839207505,0.0,0.0807182644083332,-1.2929697030864769,-0.24124460475083245,-1.2936961153780109,0.9914751539990284,-0.10977571569900497,14.2
0.0012111487343425865,0.019698368728839642,0.0,0.0018776646291887675,1.0386322051301158,2.1450533176887863,0.19318344839207505,0.0,-0.18254380209172869,-0.9935272957325679,-0.37455580593280463,-1.3587214898287698,0.9465330132288102,-0.12827669462403726,24.5
0.04193892669153258,0.019698368728839642,0.0,0.008134929894098872,1.0386322051301158,1.68228778829409,0.07712560383632013,0.0,-0.018770780406751824,-1.2298610965032515,0.04365871153244931,-1.1790828810104363,0.9974267662797025,-0.0773608218867361,15.58
0.04193892669153258,0.019698368728839642,0.0,0.008134929894098872,1.0386322051301158,1.68228778829409,0.07712560383632013,0.0,-0.2820328469068137,-0.9304186891493426,-0.08965248964952283,-1.2441082554611953,0.9524846255094843,-0.09586180081176839,26.85
0.8529714165202895,0.019698368728839642,0.0,0.03382564059831787,1.0386322051301158,0.6725661112863217,0.033425065923110946,0.0,-0.2849959980229103,-1.0273199017374794,0.8836529238835119,-0.873055842420326,1.025748626353414,0.0015625265947890536,26.06
0.8529714165202895,0.019698368728839642,0.0,0.03382564059831787,1.0386322051301158,0.6725661112863217,0.033425065923110946,0.0,-0.5482580645229722,-0.7278774943835705,0.7503417227015398,-0.9380812168710848,0.9808064855831957,-0.016938452330243225,38.21
1.3529319651156042,0.019698368728839642,0.0,0.05325908603762677,1.0386322051301158,0.4257974892701535,0.11877442437769191,0.0,-0.6477471093380573,-0.6647688878003452,1.0352450389848216,-0.8234679825035103,0.9867580978638697,0.015476441482025717,43.7
1.3529319651156042,0.019698368728839642,0.0,0.05325908603762677,1.0386322051301158,0.4257974892701535,0.11877442437769191,0.0,-0.38448504283799545,-0.9642112951542541,1.1685562401667937,-0.7584426080527514,1.0317002386340879,0.03397742040705799,30.14
0.07529156343668375,0.019698368728839642,0.0,1.2459422411594593e-05,1.0386322051301158,2.622066938832781,0.3467923517536187,0.0,0.17608589238690256,-1.3554436928219633,-0.5187212254733924,-1.3982365285590832,0.9785686550413522,-0.14064819059247594,12.73
0.07529156343668375,0.019698368728839642,0.0,1.2459422411594593e-05,1.0386322051301158,2.622066938832781,0.3467923517536187,0.0,-0.08717617411315934,-1.0560012854680543,-0.6520324266553645,-1.4632619030098422,0.933626514271134,-0.1591491695175082,20.87
0.46781906058450606,0.019698368728839642,0.0,0.03382564059831787,1.0386322051301158,0.9501979717732141,0.0011196280443445134,0.0,-0.2136274532004063,-1.1042785001845397,0.606038648538291,-0.9599292334617893,1.016284877518053,-0.014073453180996183,20.28
0.46781906058450606,0.019698368728839642,0.0,0.03382564059831787,1.0386322051301158,0.9501979717732141,0.0011196280443445134,0.0,-0.47688951970046817,-0.8048360928306307,0.4727274473563189,-1.0249546079125482,0.971342736747835,-0.032574432106028464,34.29
0.5184479656188593,4.008425484764543,0.0,1.0080146066791653,1.0386322051301158,0.020019671325073506,3.1543372324852497,0.0,-1.1801508522540622,-2.0612332598031973,0.41925068060504284,0.8804331179021008,-1.232808674720492,-1.036792053936013,19.54
0.07424336121059207,1.0612614342874735,0.0,1.0080146066791653,1.0386322051301158,0.0017261335715327785,0.9568568677599717,0.8177099032017076,-1.9426993150972858,-0.5258680151688894,-0.14013170353438512,0.23492813332930423,-0.40161797180941516,-0.5109620503785898,47.71
1.358794791125949,2.297617728531856,0.0,0.21630721410616524,1.0386322051301158,0.25241600956988053,0.011224538047397769,0.8177099032017076,-1.191634105755198,-0.2764345095188399,-1.310181568616016,0.8340665885653191,-0.1930142850882575,-1.0850440384735416,43.38
1.7322166285445204,1.8154016620498614,0.0,1.0080146066791653,1.0386322051301158,0.0011032424670611768,0.09064437440907883,0.0,-0.8330305033520815,-1.5704834068716937,-0.8905838019043814,0.7719502684427791,-0.331491285000081,-0.7194762960249979,29.89
1.1486559069959452,2.609641859033548,0.0,1.0080146066791653,1.0386322051301158,0.0002485923846797513,0.9937321680163874,0.0,-0.8058422003196151,-2.0505730159505773,-0.21629726515600528,0.7790617685044996,-0.7340250126956653,-0.8307782398378306,6.9
2.23607600852879,1.3229035395506312,0.0,1.0080146066791653,1.0386322051301158,0.043480073331901264,0.11641391500104999,0.8177099032017076,-1.348074353635029,-0.5291042926206747,-1.7099651069105382,0.7624598614943321,-0.03030333673504823,-0.6816898754732585,33.19
0.8242334933655341,0.5184,0.0,1.0080146066791653,1.0386322051301158,0.038270621399057556,0.115566091649754,0.0,-0.29662410941650386,-1.5625366978334538,-0.687885384243231,0.833888061591379,0.527825276186268,-0.3121445222777607,4.9
2.865486790358252,0.8711111111111112,0.0,0.21630721410616524,1.0386322051301158,1.2685179293706481,4.4412559114264685,0.0,0.7145246405415537,-1.000106998702412,-2.052005836111954,1.7422459515257227,1.3536902751712951,-0.740210678136355,4.57
2.865486790358252,0.8711111111111112,0.0,0.21630721410616524,1.0386322051301158,1.2685179293706481,4.4412559114264685,0.8177099032017076,-0.3761324921015601,0.2404401174780682,-2.604295098151553,1.4728551145154356,1.1675014062661055,-0.8168575908257745,25.46
2.23607600852879,1.3229035395506312,0.0,1.0080146066791653,1.0386322051301158,0.043480073331901264,0.11641391500104999,0.0,-0.5708244430157986,-1.4131723524274538,-1.3163796558018583,0.9544395384441918,0.10238298363416741,-0.6270679376945918,24.29
1.1486559069959452,2.609641859033548,0.0,1.0080146066791653,1.0386322051301158,0.0002485923846797513,0.9937321680163874,0.0,-1.1192494223434983,-1.694093959576876,-0.37500107608692457,0.7016506084440723,-0.7875275612316394,-0.8528032147485833,33.95
0.5678769708199596,0.6288211757463835,0.0,0.21630721410616524,1.0386322051301158,0.013389020911870993,0.1739905397515184,0.0,-0.01180100594495335,-1.3621612672145371,-0.6123923442473869,0.5639091422951651,0.5664094116285181,-0.5497309667148509,11.41
2.6647226291742916,0.9985969836872884,0.0,1.0080146066791653,1.0386322051301158,0.21745272821876133,0.9022239946562897,0.0,-0.3237764078054774,-1.233667054051748,-1.6844939539370154,1.2103697951311767,0.5225035590157763,-0.5615106666600302,20.59
0.0653228537458122,1.6582209910741768,0.0,1.0080146066791653,1.0386322051301158,0.013389020911870993,3.1102791717360505,0.0,-1.2401242868101103,-1.7151903391480805,1.191963468912464,0.5491170242825311,-0.6060408025259121,-0.5517705318159734,25.89
2.6647226291742916,0.9985969836872884,0.0,1.0080146066791653,1.0386322051301158,0.21745272821876133,0.9022239946562897,0.8177099032017076,-1.101026318424708,-0.34959899424496904,-2.0780794050456954,1.018390118181317,0.3898172386465606,-0.616132604438697,29.23
2.4292452684844092,1.152797783933518,0.0,0.21630721410616524,1.0386322051301158,0.6928790589321271,2.201758640429416,0.8177099032017076,-0.6290886062248742,0.04816729510864563,-2.235123723198463,1.182460727467357,0.7367380291571201,-0.8751543859086849,31.02
1.7322166285445204,1.8154016620498614,0.0,1.0080146066791653,1.0386322051301158,0.0011032424670611768,0.09064437440907883,0.0,-0.5697684368520196,-1.8699258142256026,-0.7572726007224092,0.836975642893538,-0.28654914422986283,-0.7009753170999655,10.39
1.358794791125949,2.297617728531856,0.0,0.21630721410616524,1.0386322051301158,0.25241600956988053,0.011224538047397769,0.0,-0.4143841951359675,-1.160502569325619,-0.9165961175073364,1.0260462655151787,-0.060327964719041845,-1.0304221006948748,33.66
1.9479265545200013,1.595567867036011,0.0,0.21630721410616524,1.0386322051301158,0.3666665859118157,0.6853750362792523,0.0,-0.11885436710972122,-1.0139583060716637,-1.427633829825314,1.146840162705998,0.41813765052838575,-0.9081762732028926,27.87
0.07424336121059207,1.0612614342874735,0.0,1.0080146066791653,1.0386322051301158,0.0017261335715327785,0.9568568677599717,0.0,-0.9021873379779933,-1.7093784823295772,0.38676494875626677,0.49193318472992287,-0.22398951066998132,-0.4378391336748907,19.35
1.0248220768382608,0.45385041551246535,0.0,0.21630721410616524,1.0386322051301158,0.12635499677172707,1.0960866642065166,0.0,0.2022309511596633,-1.1638916008335736,-1.1144652804305695,0.8185235460417933,0.9322201256975226,-0.5107594404695724,11.39
0.6893074371165017,3.5370390889504466,0.0,0.21630721410616524,1.0386322051301158,0.3301583372898759,0.4961172260169106,0.0,-0.4368199918853427,-1.616900797216595,-0.1039698501203117,1.138402765990717,-0.5241881499492599,-1.1961382394486058,12.79
0.6893074371165017,3.5370390889504466,0.0,0.21630721410616524,1.0386322051301158,0.3301583372898759,0.4961172260169106,0.0,-0.750227213909226,-1.260421740842894,-0.26267366105123097,1.0609916059302895,-0.5776906984852339,-1.2181632143593586,39.32
1.4496356940280808,0.3311295783317944,0.0,0.21630721410616524,1.0386322051301158,1.2396485085064948,4.499152089939757,0.0,0.6871884280169557,-0.8250681449603936,-1.6684676987948135,1.5769040250726074,1.6725706930014432,-0.4978508279046058,4.78
0.008061530828171896,1.45689135118498,0.0,0.21630721410616524,1.0386322051301158,0.2983738955679717,0.4667566913439094,0.0,-0.49007929032436337,-1.2895370631194125,0.6197386059936776,0.823259239892365,0.0726614847596127,-0.7396994987423594,16.11
0.0653228537458122,1.6582209910741768,0.0,1.0080146066791653,1.0386322051301158,0.013389020911870993,3.1102791717360505,0.0,-1.5033863533101723,-1.4157479317941717,1.058652267730492,0.4840916498317721,-0.6509829432961303,-0.5702715107410057,43.38
0.16692481422367803,0.9242967066789781,0.0,0.21630721410616524,1.0386322051301158,0.0005245526126139937,0.0862032045282876,0.0,-0.36059427294758595,-1.405150346676547,-0.03883393963956343,0.4039883205782683,0.16086706581070323,-0.6186365812323693,20.42
1.0248220768382608,0.45385041551246535,0.0,0.21630721410616524,1.0386322051301158,0.12635499677172707,1.0960866642065166,0.0,0.25237610668348465,-1.2209282498533658,-1.0890726706816225,0.8309093316514617,0.9407805334632784,-0.507235444483852,6.94
0.4077744443657764,0.7245892274546015,0.0,1.0080146066791653,1.0386322051301158,0.0001585366362011265,0.07975060334099657,0.0,-0.6078621024615273,-1.6280751116341123,-0.22574452431885253,0.6053666372918635,0.15504968145363768,-0.3650773859696576,15.03
0.16692481422367803,0.9242967066789781,0.0,0.21630721410616524,1.0386322051301158,0.0005245526126139937,0.0862032045282876,0.0,-0.3104491174237646,-1.4621869956963391,-0.013441329890616317,0.41637410618793663,0.16942747357645907,-0.6151125852466489,13.57
0.8242334933655341,0.5184,0.0,1.0080146066791653,1.0386322051301158,0.038270621399057556,0.115566091649754,0.8177099032017076,-1.3872812420596177,-0.3219895816529736,-1.24017464628283,0.564497224581092,0.34163640728107825,-0.3887914349671801,32.53
1.1486559069959452,2.609641859033548,0.0,1.0080146066791653,1.0386322051301158,0.0002485923846797513,0.9937321680163874,0.0,-0.8559873558434364,-1.9935363669307848,-0.2416898749049524,0.7666759828948312,-0.7425854204614212,-0.834302235823551,15.75
2.865486790358252,0.8711111111111112,0.0,0.21630721410616524,1.0386322051301158,1.2685179293706481,4.4412559114264685,0.0,0.6643794850177324,-0.9430703496826197,-2.077398445860901,1.7298601659160542,1.3451298674055394,-0.7437346741220754,7.68
0.008061530828171896,1.45689135118498,0.0,0.21630721410616524,1.0386322051301158,0.2983738955679717,0.4667566913439094,0.0,-0.8034865123482466,-0.9330580067457113,0.46103479506275835,0.7458480798319378,0.01915893622363865,-0.7617244736531121,38.8
0.4077744443657764,0.7245892274546015,0.0,1.0080146066791653,1.0386322051301158,0.0001585366362011265,0.07975060334099657,0.0,-0.8711241689615892,-1.3286327042802035,-0.3590557255008247,0.5403412628411045,0.11010754068341949,-0.3835783648946899,33.0
2.865486790358252,0.8711111111111112,0.0,0.21630721410616524,1.0386322051301158,1.2685179293706481,4.4412559114264685,0.0,0.40111741851767047,-0.6436279423287108,-2.2107096470428735,1.6648347914652952,1.3001877266353212,-0.7622356530471077,17.28
1.0248220768382608,0.45385041551246535,0.0,0.21630721410616524,1.0386322051301158,0.12635499677172707,1.0960866642065166,0.0,-0.06103111534039859,-0.8644491934796646,-1.2477764816125416,0.7534981715910345,0.8872779849273044,-0.5292604193946048,24.28
0.8242334933655341,0.5184,0.0,1.0080146066791653,1.0386322051301158,0.038270621399057556,0.115566091649754,0.0,-0.6100313314403871,-1.2060576414597526,-0.8465891951741502,0.7564769015309517,0.4743227276502939,-0.33416949718851335,24.05
1.9479265545200013,1.595567867036011,0.0,0.21630721410616524,1.0386322051301158,0.3666665859118157,0.6853750362792523,0.8177099032017076,-0.8961042777289517,-0.1298902462648847,-1.8212192809339938,0.9548604857561385,0.2854513301591701,-0.9627982109815594,36.59
0.6893074371165017,3.5370390889504466,0.0,0.21630721410616524,1.0386322051301158,0.3301583372898759,0.4961172260169106,0.8177099032017076,-1.5274771245284564,-0.37635368103611483,-0.6562591121599107,0.8690119289804299,-0.7103770188544496,-1.2727851521380253,50.73
1.9479265545200013,1.595567867036011,0.0,0.21630721410616524,1.0386322051301158,0.3666665859118157,0.6853750362792523,0.0,0.14440769939034068,-1.3134007134255727,-1.2943226286433418,1.211865537156757,0.46307979129860394,-0.8896752942778603,13.66
0.0653228537458122,1.6582209910741768,0.0,1.0080146066791653,1.0386322051301158,0.013389020911870993,3.1102791717360505,0.0,-1.189979131286289,-1.7722269881678727,1.217356078661411,0.5615028098921995,-0.5974803947601562,-0.548246535830253,14.14
0.16692481422367803,0.9242967066789781,0.0,0.21630721410616524,1.0386322051301158,0.0005245526126139937,0.0862032045282876,0.8177099032017076,-1.4011062500668783,-0.2216398795158589,-0.5657305919302154,0.14698326917764964,-0.01676139532873061,-0.6917594979360684,47.78
2.6647226291742916,0.9985969836872884,0.0,1.0080146066791653,1.0386322051301158,0.21745272821876133,0.9022239946562897,0.0,-0.010369185781594162,-1.5901461104254493,-1.5257901430060963,1.2877809551916042,0.5760061075517503,-0.5394856917492775,2.33
1.358794791125949,2.297617728531856,0.0,0.21630721410616524,1.0386322051301158,0.25241600956988053,0.011224538047397769,0.0,-0.15112212863590566,-1.4599449766795278,-0.7832849163253642,1.0910716399659377,-0.015385823948823655,-1.0119211217698425,16.89
0.008061530828171896,1.45689135118498,0.0,0.21630721410616524,1.0386322051301158,0.2983738955679717,0.4667566913439094,0.0,-0.5402244458481847,-1.2325004140996203,0.5943459962447305,0.8108734542826966,0.06410107699385684,-0.7432234947280798,23.52
0.4077744443657764,0.7245892274546015,0.0,1.0080146066791653,1.0386322051301158,0.0001585366362011265,0.07975060334099657,0.0,-0.5577169469377059,-1.6851117606539046,-0.20035191456990542,0.6177524229015319,0.16361008921939355,-0.3615533899839372,6.81
0.4077744443657764,0.7245892274546015,0.0,1.0080146066791653,1.0386322051301158,0.0001585366362011265,0.07975060334099657,0.8177099032017076,-1.6483740795808197,-0.4445646444734244,-0.7526411766095045,0.34836158589124483,-0.02257877968579615,-0.43820030267335663,39.7
1.4496356940280808,0.3311295783317944,0.0,0.21630721410616524,1.0386322051301158,1.2396485085064948,4.499152089939757,0.0,0.3737812059930724,-0.4685890885866924,-1.8271715097257326,1.49949286501218,1.6190681444654693,-0.5198758028153585,17.96
0.16692481422367803,0.9242967066789781,0.0,0.21630721410616524,1.0386322051301158,0.0005245526126139937,0.0862032045282876,0.0,-0.6238563394476478,-1.105707939322638,-0.17214514082153556,0.3389629461275093,0.11592492504048503,-0.6371375601574016,32.88
2.4292452684844092,1.152797783933518,0.0,0.21630721410616524,1.0386322051301158,0.6928790589321271,2.201758640429416,0.0,0.14816130439435632,-0.8359007646981333,-1.8415382720897833,1.3744404044172167,0.8694243495263357,-0.8205324481300181,22.35
0.8242334933655341,0.5184,0.0,1.0080146066791653,1.0386322051301158,0.038270621399057556,0.115566091649754,0.0,-0.34676926494032523,-1.5055000488136616,-0.7132779939921781,0.8215022759817106,0.5192648684205121,-0.3156685182634811,10.79
2.6647226291742916,0.9985969836872884,0.0,1.0080146066791653,1.0386322051301158,0.21745272821876133,0.9022239946562897,0.0,-0.06051434130541554,-1.533109461405657,-1.5511827527550432,1.2753951695819357,0.5674456997859945,-0.5430096877349979,7.72
0.5184479656188593,4.008425484764543,0.0,1.0080146066791653,1.0386322051301158,0.020019671325073506,3.1543372324852497,0.0,-1.4434129187541243,-1.7617908524492885,0.2859394794230707,0.8154077434513419,-1.2777508154907102,-1.0552930328610453,41.68
0.5184479656188593,4.008425484764543,0.0,1.0080146066791653,1.0386322051301158,0.020019671325073506,3.1543372324852497,0.0,-1.130005696730241,-2.1182699088229895,0.44464329035399,0.8928189035117692,-1.2242482669547363,-1.0332680579502924,9.56
1.9479265545200013,1.595567867036011,0.0,0.21630721410616524,1.0386322051301158,0.3666665859118157,0.6853750362792523,0.0,0.19455285491416205,-1.370437362445365,-1.2689300188943948,1.2242513227664256,0.47164019906435983,-0.8861512982921399,6.88
0.008061530828171896,1.45689135118498,0.0,0.21630721410616524,1.0386322051301158,0.2983738955679717,0.4667566913439094,0.8177099032017076,-1.5807364229674772,-0.048989946938932286,0.06744934395407863,0.5538684028820781,-0.11352738414557699,-0.8163464114317789,50.53
0.5678769708199596,0.6288211757463835,0.0,0.21630721410616524,1.0386322051301158,0.013389020911870993,0.1739905397515184,0.0,-0.06194616146877473,-1.305124618194745,-0.637784953996334,0.5515233566854967,0.5578490038627623,-0.5532549627005713,17.17
0.5678769708199596,0.6288211757463835,0.0,0.21630721410616524,1.0386322051301158,0.013389020911870993,0.1739905397515184,0.0,-0.3252082279688366,-1.0056822108408359,-0.7710961551783061,0.4864979822347377,0.5129068630925441,-0.5717559416256036,30.44
0.07424336121059207,1.0612614342874735,0.0,1.0080146066791653,1.0386322051301158,0.0017261335715327785,0.9568568677599717,0.0,-0.852042182454172,-1.7664151313493694,0.4121575585052139,0.5043189703395913,-0.21542910290422548,-0.4343151376891703,9.73
2.23607600852879,1.3229035395506312,0.0,1.0080146066791653,1.0386322051301158,0.043480073331901264,0.11641391500104999,0.0,-0.25741722099191533,-1.7696514088011548,-1.1576758448709392,1.0318506985046192,0.15588553217014145,-0.6050429627838391,3.32
1.4496356940280808,0.3311295783317944,0.0,0.21630721410616524,1.0386322051301158,1.2396485085064948,4.499152089939757,0.8177099032017076,-0.4034687046261581,0.41547897122008665,-2.2207569608344127,1.3075131880623203,1.4863818240962536,-0.5744977405940253,26.32
0.5678769708199596,0.6288211757463835,0.0,0.21630721410616524,1.0386322051301158,0.013389020911870993,0.1739905397515184,0.8177099032017076,-1.1024581385880672,-0.12161415103405689,-1.1646816062869858,0.29451830528487805,0.3802205427233284,-0.6263778794042704,43.25
2.4292452684844092,1.152797783933518,0.0,0.21630721410616524,1.0386322051301158,0.6928790589321271,2.201758640429416,0.0,0.4615685264182396,-1.1923798210718346,-1.6828344611588641,1.4518515644776442,0.9229268980623098,-0.7985074732192654,6.28
1.0248220768382608,0.45385041551246535,0.0,0.21630721410616524,1.0386322051301158,0.12635499677172707,1.0960866642065166,0.8177099032017076,-0.8382810259596291,0.019618866327114334,-1.6413619327212214,0.5615184946411748,0.7545916645580887,-0.5838823571732715,32.1
0.07424336121059207,1.0612614342874735,0.0,1.0080146066791653,1.0386322051301158,0.0017261335715327785,0.9568568677599717,0.0,-1.1654494044780552,-1.4099360749756684,0.2534537475742946,0.4269078102791639,-0.26893165144019954,-0.45634011259992296,36.96
0.0653228537458122,1.6582209910741768,0.0,1.0080146066791653,1.0386322051301158,0.013389020911870993,3.1102791717360505,0.8177099032017076,-2.2806362639294027,-0.5316798719873926,0.6650668166218121,0.29211197288191243,-0.783669263665346,-0.6248934485196724,54.6
0.6893074371165017,3.5370390889504466,0.0,0.21630721410616524,1.0386322051301158,0.3301583372898759,0.4961172260169106,0.0,-0.4869651474091641,-1.5598641481968027,-0.1293624598692588,1.1260169803810485,-0.5327485577150157,-1.1996622354343263,21.48
1.358794791125949,2.297617728531856,0.0,0.21630721410616524,1.0386322051301158,0.25241600956988053,0.011224538047397769,0.0,-0.1009769731120843,-1.51698162569932,-0.7578923065764172,1.1034574255756062,-0.006825416183067798,-1.008397125784122,9.69
1.4496356940280808,0.3311295783317944,0.0,0.21630721410616524,1.0386322051301158,1.2396485085064948,4.499152089939757,0.0,0.6370432724931343,-0.7680314959406013,-1.6938603085437605,1.5645182394629389,1.6640102852356875,-0.5013748238903262,8.37
1.7322166285445204,1.8154016620498614,0.0,1.0080146066791653,1.0386322051301158,0.0011032424670611768,0.09064437440907883,0.8177099032017076,-1.610280413971312,-0.6864153470649147,-1.284169253013061,0.5799705914929194,-0.46417760536929664,-0.7740982338036646,39.66
2.4292452684844092,1.152797783933518,0.0,0.21630721410616524,1.0386322051301158,0.6928790589321271,2.201758640429416,0.0,0.4114233708944182,-1.1353431720520424,-1.7082270709078111,1.4394657788679757,0.9143664902965539,-0.8020314692049858,10.09
1.7322166285445204,1.8154016620498614,0.0,1.0080146066791653,1.0386322051301158,0.0011032424670611768,0.09064437440907883,0.0,-0.5196232813281982,-1.9269624632453948,-0.7318799909734621,0.8493614285032064,-0.27798873646410693,-0.6974513211142451,4.83
2.23607600852879,1.3229035395506312,0.0,1.0080146066791653,1.0386322051301158,0.043480073331901264,0.11641391500104999,0.0,-0.3075623765157367,-1.7126147597813626,-1.1830684546198862,1.0194649128949507,0.1473251244043856,-0.6085669587695595,10.35
1.1486559069959452,2.609641859033548,0.0,1.0080146066791653,1.0386322051301158,0.0002485923846797513,0.9937321680163874,0.8177099032017076,-1.8964993329627289,-0.810025899770097,-0.7685865271956043,0.5096709314942126,-0.920213881600855,-0.9074251525272501,43.57
0.5184479656188593,4.008425484764543,0.0,1.0080146066791653,1.0386322051301158,0.020019671325073506,3.1543372324852497,0.8177099032017076,-2.220662829373355,-0.8777227926425094,-0.10764597168560903,0.6234280665014822,-1.410437135859926,-1.109914970639712,51.86
0.09037633181907731,0.019698368728839642,0.0,0.21630721410616524,1.0386322051301158,0.23518806317240262,0.5088840671156286,0.0,0.014103089503180863,-1.0617209972437962,0.025511822218738142,-0.30298053539514275,1.4306620579762397,0.041283454890723034,11.85
0.09037633181907731,0.019698368728839642,0.0,0.21630721410616524,1.0386322051301158,0.23518806317240262,0.5088840671156286,0.0,-0.036042066020640515,-1.004684348224004,0.00011921246979103571,-0.3153663210048111,1.422101650210484,0.03775945890500259,17.24
0.09037633181907731,0.019698368728839642,0.0,0.21630721410616524,1.0386322051301158,0.23518806317240262,0.5088840671156286,0.0,-0.29930413252070237,-0.705241940870095,-0.1331919887121811,-0.38039169545557006,1.3771595094402658,0.01925847997997031,27.83
0.09037633181907731,0.019698368728839642,0.0,0.21630721410616524,1.0386322051301158,0.23518806317240262,0.5088840671156286,0.8177099032017076,-1.076554043139933,0.17882611893668404,-0.5267774398208609,-0.5723713724054297,1.24447318907105,-0.03536345779869643,35.76
0.09037633181907731,0.019698368728839642,0.0,0.21630721410616524,1.0386322051301158,0.23518806317240262,0.5088840671156286,1.0569395922675417,-1.4526427095685928,0.6066009865851254,-0.717222012937964,-0.6652647644779425,1.1802701308278813,-0.061793427691599685,38.7
0.25188698932400505,0.019698368728839642,0.0,0.21630721410616524,1.0386322051301158,0.4257974892701535,0.36160716573051743,0.0,-0.05020353106986495,-1.0730837570798084,0.21878731654661476,-0.48524925638631744,1.4199601941926216,0.041895044858059505,14.31
0.25188698932400505,0.019698368728839642,0.0,0.21630721410616524,1.0386322051301158,0.4257974892701535,0.36160716573051743,0.0,-0.10034868659368633,-1.0160471080600162,0.19339470679766765,-0.4976350419959858,1.411399786426866,0.03837104887233907,17.44
0.25188698932400505,0.019698368728839642,0.0,0.21630721410616524,1.0386322051301158,0.4257974892701535,0.36160716573051743,0.0,-0.3636107530937482,-0.7166047007061073,0.060083505615695504,-0.5626604164467447,1.3664576456566477,0.019870069947306786,31.74
0.25188698932400505,0.019698368728839642,0.0,0.21630721410616524,1.0386322051301158,0.4257974892701535,0.36160716573051743,0.8177099032017076,-1.1408606637129788,0.16746335910067173,-0.33350194549298423,-0.7546400933966044,1.233771325287432,-0.03475186783135996,37.91
0.25188698932400505,0.019698368728839642,0.0,0.21630721410616524,1.0386322051301158,0.4257974892701535,0.36160716573051743,1.0569395922675417,-1.5169493301416386,0.5952382267491131,-0.5239465186100873,-0.8475334854691171,1.1695682670442633,-0.061181837724263215,39.38
0.45480097675439296,0.019698368728839642,0.0,0.21630721410616524,1.0386322051301158,1.1069582604757995,0.20427997554416755,0.0,-0.1326528186191208,-1.1627626918825833,0.3812739451732552,-0.8664757388833172,1.3522695064871364,0.037115328485744024,15.87
0.45480097675439296,0.019698368728839642,0.0,0.21630721410616524,1.0386322051301158,1.1069582604757995,0.20427997554416755,0.0,-0.18279797414294216,-1.105726042862791,0.3558813354243081,-0.8788615244929856,1.3437090987213807,0.03359133250002359,9.01
0.45480097675439296,0.019698368728839642,0.0,0.21630721410616524,1.0386322051301158,1.1069582604757995,0.20427997554416755,0.0,-0.44606004064300403,-0.8062836355088822,0.22257013424233596,-0.9438868989437444,1.2987669579511625,0.01509035357499131,33.61
0.45480097675439296,0.019698368728839642,0.0,0.21630721410616524,1.0386322051301158,1.1069582604757995,0.20427997554416755,0.8177099032017076,-1.2233099512622345,0.07778442429789682,-0.1710153168663438,-1.1358665758936042,1.1660806375819468,-0.03953158420367543,40.66
0.45480097675439296,0.019698368728839642,0.0,0.21630721410616524,1.0386322051301158,1.1069582604757995,0.20427997554416755,1.0569395922675417,-1.5993986176908943,0.5055592919463382,-0.36145988998344686,-1.228759967966117,1.101877579338778,-0.06596155409657868,40.86
0.151630032526473,0.019698368728839642,0.0,0.03382564059831787,1.0386322051301158,3.4752017198333007,0.04122230722841652,0.0,-0.05717539687282912,-1.5981814585453833,-0.45202060767335794,-1.5543628576678694,0.6726747618055774,-0.055182753259147725,12.05
0.151630032526473,0.019698368728839642,0.0,0.03382564059831787,1.0386322051301158,3.4752017198333007,0.04122230722841652,0.0,-0.320437463372891,-1.2987390511914745,-0.5853318088553301,-1.6193882321186284,0.6277326210353592,-0.07368373218418,17.54
0.02770737167166169,0.019698368728839642,0.0,0.03382564059831787,1.0386322051301158,2.2212325585351667,0.0021075330728722074,0.0,-0.18683516931956332,-1.3937991168243016,0.1468690811955305,-1.3318205311328863,0.759859889458055,-0.026558417888692704,18.91
0.02770737167166169,0.019698368728839642,0.0,0.03382564059831787,1.0386322051301158,2.2212325585351667,0.0021075330728722074,0.0,-0.4500972358196252,-1.0943567094703928,0.013557880013558355,-1.3968459055836453,0.7149177486878369,-0.045059396813724985,25.18
0.030989720764246536,0.019698368728839642,0.0,0.03382564059831787,1.0386322051301158,0.7155150586898521,0.23189426737366706,0.0,-0.32595564773700114,-1.317457483618845,0.43609295507217977,-0.8140201790982303,0.5379939493325926,0.034713700069256954,30.96
3.724316775292661,0.019698368728839642,0.0,0.21630721410616524,1.0386322051301158,0.2447045579150606,0.41391908327320925,0.0,-0.9107493182926305,-0.27751886430601613,1.9102270433643038,0.11979708025966809,1.2117050709461343,0.1515601899123406,43.89
3.724316775292661,0.019698368728839642,0.0,0.21630721410616524,1.0386322051301158,0.2447045579150606,0.41391908327320925,0.8177099032017076,-1.687999228911861,0.6065491955007629,1.516641592255624,-0.0721825966901916,1.0790187505769187,0.09693825213367387,54.28
1.2868748267117434,0.019698368728839642,0.0,0.03382564059831787,1.0386322051301158,0.7155150586898521,0.23189426737366706,0.0,-0.6768638853743233,-0.7406422911681646,1.0567574683564456,-1.0150474063352408,0.8647413643999232,0.004720532145066348,36.94
0.0005153082735189437,0.019698368728839642,0.0,0.03382564059831787,1.0386322051301158,2.7917051731158247,0.0002665802842389063,0.0,-0.15668450300958722,-1.4693919082376876,-0.016410617042048808,-1.4617513365684247,0.7281779706606905,-0.03698811074681719,14.5
0.0005153082735189437,0.019698368728839642,0.0,0.01878425521714191,1.0386322051301158,2.7917051731158247,0.0002665802842389063,0.0,-0.39594748635358384,-1.155464892172205,-0.1495841636013601,-1.5444437331587926,0.679793079768157,-0.0707255847895352,22.44
4.500856086092175,0.019698368728839642,0.0,0.7055713420387391,1.0386322051301158,3.769535423389288,3.950732422237921,0.0,-1.345814773251835,-1.6712349888428375,2.6027586979264625,-1.893508627065066,0.26704365377225486,0.3149548509254923,12.64
4.500856086092175,0.019698368728839642,0.0,0.7055713420387391,1.0386322051301158,3.769535423389288,3.950732422237921,0.0,-1.3708873510137458,-1.6427166643329414,2.590062393051989,-1.8997015198699,0.26276344988937694,0.31319285293263205,26.06
4.500856086092175,0.019698368728839642,0.0,0.7055713420387391,1.0386322051301158,3.769535423389288,3.950732422237921,0.0,-1.421032506537567,-1.5856800153131492,2.564669783303042,-1.9120873054795686,0.25420304212362105,0.30966885694691165,33.21
4.500856086092175,0.019698368728839642,0.0,0.7055713420387391,1.0386322051301158,3.769535423389288,3.950732422237921,0.0,-1.5087865287042543,-1.485865879528513,2.5202327162423845,-1.9337624302964882,0.23922232853354836,0.3035018639719009,36.94
4.500856086092175,0.019698368728839642,0.0,0.7055713420387391,1.0386322051301158,3.769535423389288,3.950732422237921,0.0,-1.684294573037629,-1.2862376079592404,2.4313585821210695,-1.9771126799303276,0.2092609013534029,0.2911678780218794,44.09
6.274366437597501,0.019698368728839642,0.0,0.18086831517739893,1.0386322051301158,3.769535423389288,3.950732422237921,0.0,-0.8081157297787079,-1.0836464660619503,2.869976743901381,-2.4434976443635117,0.30992461115612496,-0.10631338683026624,52.61
6.274366437597501,0.019698368728839642,0.0,0.18086831517739893,1.0386322051301158,3.769535423389288,3.950732422237921,0.0,-0.8958697519453952,-0.983832330277314,2.8255396768407235,-2.4651727691804317,0.29494389756605227,-0.112480379805277,59.76
6.274366437597501,0.019698368728839642,0.0,0.18086831517739893,1.0386322051301158,3.769535423389288,3.950732422237921,0.0,-1.0713777962787698,-0.7842040587080413,2.7366655427194084,-2.508523018814271,0.2649824703859068,-0.12481436575529853,67.31
6.274366437597501,0.019698368728839642,0.0,0.18086831517739893,1.0386322051301158,3.769535423389288,3.950732422237921,0.8177099032017076,-1.8486277068980004,0.09986400109873765,2.343080091610729,-2.7005026957641305,0.13229615001669115,-0.17943630353396528,69.66
6.274366437597501,0.019698368728839642,0.0,0.18086831517739893,1.0386322051301158,3.769535423389288,3.950732422237921,1.411484609948449,-2.9768937061839797,1.383188604044062,1.7717463722594196,-2.979182871981669,-0.06031302471281542,-0.258726213212675,71.62
6.274366437597501,0.019698368728839642,0.0,0.18086831517739893,1.0386322051301158,3.769535423389288,3.950732422237921,1.781502969060866,-4.105159705469959,2.666513206989386,1.2004126529081103,-3.257863048199207,-0.25292219944232197,-0.33801612289138483,74.17
0.46781906058450606,0.019698368728839642,0.0,0.9615143809726476,1.0386322051301158,2.3591886351425098e-05,0.0008279614327137964,0.0,-0.5685746907822135,-1.0763658278284074,0.68401381152576,0.18974883376773963,1.205912332243115,0.2772077087517503,18.13
0.46781906058450606,0.019698368728839642,0.0,0.9615143809726476,1.0386322051301158,2.3591886351425098e-05,0.0008279614327137964,0.0,-0.6563287129489007,-0.976551692043771,0.6395767444651027,0.16807370895082,1.190931618653042,0.27104071577673955,22.53
0.46781906058450606,0.019698368728839642,0.0,0.9615143809726476,1.0386322051301158,2.3591886351425098e-05,0.0008279614327137964,0.0,-0.8318367572822754,-0.7769234204744984,0.5507026103437879,0.12472345931698071,1.1609701914728967,0.25870672982671805,27.34
0.46781906058450606,0.019698368728839642,0.0,0.9615143809726476,1.0386322051301158,2.3591886351425098e-05,0.0008279614327137964,0.4519851237430572,-1.1828528459490246,-0.37766687733595306,0.37295434210115835,0.03802296004930215,1.1010473371126057,0.234038757926675,29.98
0.46781906058450606,0.019698368728839642,0.0,0.9615143809726476,1.0386322051301158,2.3591886351425098e-05,0.0008279614327137964,0.8177099032017076,-1.609086667901506,0.10714463933228062,0.15711715923510813,-0.06725621763287898,1.028283871103681,0.2040847920480513,31.35
0.46781906058450606,0.019698368728839642,0.0,0.9615143809726476,1.0386322051301158,2.3591886351425098e-05,0.0008279614327137964,1.411484609948449,-2.7373526671874853,1.3904692422776048,-0.4142165601162011,-0.3459363938504172,0.8356746963741745,0.12479488236934154,32.72
1.0391786528392715,0.019698368728839642,0.0,0.03382564059831787,1.0386322051301158,0.011659022076764409,0.014541965187449222,0.0,-0.1671071917987973,-0.8246815938202388,1.0716547622978,-0.06316842617092358,1.2021020434285057,0.035986079221539284,6.27
1.0391786528392715,0.019698368728839642,0.0,0.03382564059831787,1.0386322051301158,0.011659022076764409,0.014541965187449222,0.0,-0.1921797695607079,-0.7961632693103428,1.0589584574233266,-0.06936131897575776,1.1978218395456277,0.034224081228679065,14.7
1.0391786528392715,0.019698368728839642,0.0,0.03382564059831787,1.0386322051301158,0.011659022076764409,0.014541965187449222,0.0,-0.24232492508452927,-0.7391266202905504,1.0335658476743796,-0.08174710458542614,1.189261431779872,0.030700085242958627,23.22
1.0391786528392715,0.019698368728839642,0.0,0.03382564059831787,1.0386322051301158,0.011659022076764409,0.014541965187449222,0.0,-0.33007894725121656,-0.6393124845059142,0.9891287806137222,-0.10342222940234577,1.1742807181897992,0.024533092267947868,27.92
1.0391786528392715,0.019698368728839642,0.0,0.03382564059831787,1.0386322051301158,0.011659022076764409,0.014541965187449222,0.0,-0.5055869915845912,-0.43968421293664156,0.9002546464924074,-0.14677247903618504,1.1443192910096538,0.012199106317926348,31.35
0.25188698932400505,0.019698368728839642,0.0,0.21630721410616524,1.0386322051301158,0.0021811472174290383,0.4239649939921171,1.411484609948449,-2.232222048908143,1.6228609679793684,-0.8605932219243171,-0.5071320156413485,1.1296315705041458,-0.09504336903921173,39.0
0.25188698932400505,0.019698368728839642,0.0,0.21630721410616524,1.0386322051301158,0.0021811472174290383,0.4239649939921171,2.0509790770160743,-4.488754047480103,4.189510173870017,-2.003260660626936,-1.064492368076425,0.7444132210451326,-0.25362318839663134,41.24
0.45480097675439296,0.019698368728839642,0.0,0.21630721410616524,1.0386322051301158,0.8763039170367062,0.17191996579409172,0.0,-0.14261484009987366,-1.1403163150659161,0.41225394069811033,-0.7696126237098337,1.3385401256606253,0.044703536318143576,14.99
0.25188698932400505,0.019698368728839642,0.0,0.21630721410616524,1.0386322051301158,0.0021811472174290383,0.4239649939921171,0.0,-0.013298916979049483,-0.901010751146436,0.2630297594665912,0.04093899758647673,1.508429614138842,0.0608934533289175,13.52
0.981387704306897,0.019698368728839642,0.0,0.03382564059831787,1.0386322051301158,0.8763039170367062,0.17582829838994332,0.0,-0.3806485520306917,-1.0917112092831007,1.0369388649506432,-1.0022007437703806,0.8863260787780216,0.01624626113398094,24.0
0.981387704306897,0.019698368728839642,0.0,0.03382564059831787,1.0386322051301158,0.8763039170367062,0.17582829838994332,0.0,-0.6439106185307536,-0.7922688019291918,0.903627663768671,-1.0672261182211396,0.8413839380078034,-0.0022547177910513393,37.42
0.981387704306897,0.019698368728839642,0.0,0.03382564059831787,1.0386322051301158,3.101365746086649,0.01982396736201106,0.0,-0.20279185297866528,-1.1853203006306126,0.6751878533829787,-1.6665190939405723,1.1767009284288845,-0.06253893528594319,11.47
0.0005153082735189437,0.019698368728839642,0.0,0.03382564059831787,1.0386322051301158,2.7917051731158247,0.0002665802842389063,0.0,-0.4199465695096491,-1.1699495008837788,-0.14972181822402095,-1.5267767110191837,0.6832358298904723,-0.05548908967184947,22.44
0.33472325940730085,0.019698368728839642,0.0,0.01878425521714191,1.0386322051301158,1.4876449650666552,0.054108976748849624,0.0,-0.2599429632714617,-1.2299824315315817,0.5913166352921904,-1.190231380559074,0.8190556273953483,-0.020639319418042062,21.16
0.33472325940730085,0.019698368728839642,0.0,0.01878425521714191,1.0386322051301158,1.4876449650666552,0.054108976748849624,0.0,-0.5232050297715236,-0.9305400241776727,0.45800543411021816,-1.255256755009833,0.7741134866251301,-0.039140298343074344,31.84
0.02460871568733209,0.019698368728839642,0.0,0.01878425521714191,1.0386322051301158,1.4876449650666552,0.0021075330728722074,0.0,-0.15355182285134492,-1.3101893940066194,0.1699166596229434,-1.114871254095714,0.7776737209930985,-0.03131666235036636,14.8
0.02460871568733209,0.019698368728839642,0.0,0.01878425521714191,1.0386322051301158,1.4876449650666552,0.0021075330728722074,0.0,-0.4168138893514068,-1.0107469866527103,0.03660545844097125,-1.179896628546473,0.7327315802228803,-0.049817641275398644,25.18
0.151630032526473,0.019698368728839642,0.0,0.01878425521714191,1.0386322051301158,3.4273091628444696,0.04122230722841652,0.0,-0.2960380087120265,-1.2808306881009925,-0.5837441694255542,-1.6259478123225746,0.625479084113793,-0.08842673545586474,17.54
0.02770737167166169,0.019698368728839642,0.0,0.21630721410616524,1.0386322051301158,2.033276728427429,0.00915772554098815,0.0,-0.3469149640972191,-1.4747445473238798,0.17719992050956734,-1.1744196716135609,0.753886056684688,0.07152372033861423,14.2
0.02770737167166169,0.019698368728839642,0.0,0.21630721410616524,1.0386322051301158,2.033276728427429,0.00915772554098815,0.0,-0.610177030597281,-1.1753021399699708,0.04388871932759521,-1.2394450460643198,0.7089439159144698,0.053022741413581945,21.65
0.02770737167166169,0.019698368728839642,0.0,0.21630721410616524,1.0386322051301158,2.033276728427429,0.00915772554098815,0.8177099032017076,-1.3874269412165114,-0.2912340801631918,-0.34969673178108457,-1.4314247230141794,0.5762575955452541,-0.0015991963650847933,29.39
0.25188698932400505,0.019698368728839642,0.0,0.21630721410616524,1.0386322051301158,1.5114362019233,0.4239649939921171,0.0,0.026337861996058275,-0.5620590676345047,0.4065782553709733,1.1405757492170945,1.626161721013018,0.1097491460830138,13.52
0.25188698932400505,0.019698368728839642,0.0,0.21630721410616524,1.0386322051301158,0.0021811472174290383,0.4239649939921171,0.0,-0.06344407250287086,-0.8439741021266437,0.2376371497176441,0.028553211976808355,1.4998692063730863,0.05736945734319706,16.26
0.25188698932400505,0.019698368728839642,0.0,0.21630721410616524,1.0386322051301158,0.0021811472174290383,0.4239649939921171,0.0,-0.3267061390029327,-0.5445316947727348,0.10432594853567195,-0.036472162473950555,1.454927065602868,0.03886847841816478,31.45
0.25188698932400505,0.019698368728839642,0.0,0.21630721410616524,1.0386322051301158,0.0021811472174290383,0.4239649939921171,0.8177099032017076,-1.1039560496221632,0.3395363650340442,-0.2892595025730078,-0.22845183942381025,1.3222407452336524,-0.01575345936050196,37.23
0.45480097675439296,0.019698368728839642,0.0,0.21630721410616524,1.0386322051301158,0.8763039170367062,0.17191996579409172,0.0,-0.19275999562369503,-1.083279666046124,0.38686133094916325,-0.7819984093195022,1.3299797178948696,0.04117954033242314,18.13
0.45480097675439296,0.019698368728839642,0.0,0.21630721410616524,1.0386322051301158,0.8763039170367062,0.17191996579409172,0.0,-0.4560220621237569,-0.783837258692215,0.2535501297671911,-0.847023783770261,1.2850375771246514,0.02267856140739086,32.72
0.45480097675439296,0.019698368728839642,0.0,0.21630721410616524,1.0386322051301158,0.8763039170367062,0.17191996579409172,0.8177099032017076,-1.2332719727429875,0.10023080111456399,-0.14003532134148866,-1.0390034607201206,1.1523512567554357,-0.03194337637127588,39.49
0.45480097675439296,0.019698368728839642,0.0,0.21630721410616524,1.0386322051301158,0.8763039170367062,0.17191996579409172,1.411484609948449,-2.361537972028967,1.3835554040598883,-0.7113690406927979,-1.317683636937659,0.9597420820259291,-0.11123328604998566,41.05
0.45480097675439296,0.019698368728839642,0.0,0.21630721410616524,1.0386322051301158,0.8763039170367062,0.17191996579409172,2.0509790770160743,-4.618069970600927,3.950204609950537,-1.8540364793954167,-1.8750439893727355,0.5745237325669159,-0.2698131054074052,42.13
0.05015686285099953,0.019698368728839642,0.0,0.9615143809726476,1.0386322051301158,2.3591886351425098e-05,0.3042070532353259,0.0,-0.4243434404677934,-0.9925468525811041,0.026646549869822386,0.27680866975296675,1.3545728267165795,0.23250202943886453,18.13
0.05015686285099953,0.019698368728839642,0.0,0.9615143809726476,1.0386322051301158,2.3591886351425098e-05,0.3042070532353259,1.411484609948449,-2.505367394706378,1.3744740817402719,-1.0271467547114814,-0.23720143304827046,0.9993159044377119,0.08625619603146649,26.74
5.574857597985146,0.019698368728839642,0.0,0.10530215709064336,1.0386322051301158,3.769535423389288,3.950732422237921,1.411484609948449,-3.3477321110104357,1.1098289468943667,1.65644754112691,-2.6761102398299874,-0.060982456131401415,-0.013218462979829638,61.92
4.500856086092175,0.019698368728839642,0.0,0.7055713420387391,1.0386322051301158,3.769535423389288,3.950732422237921,0.8177099032017076,-2.4615444836568594,-0.40216954815246125,2.03777313101239,-2.169092356880187,0.07657458098418723,0.2365459402432126,47.22
4.500856086092175,0.019698368728839642,0.0,0.7055713420387391,1.0386322051301158,3.769535423389288,3.950732422237921,1.411484609948449,-3.589810482942839,0.8811550547928629,1.4664394116610806,-2.4477725330977256,-0.11603459374531933,0.15725603056450282,51.04
4.500856086092175,0.019698368728839642,0.0,0.7055713420387391,1.0386322051301158,3.769535423389288,3.950732422237921,1.781502969060866,-4.718076482228819,2.164479657738187,0.8951056923097713,-2.7264527093152635,-0.3086437684748259,0.07796612088579306,55.16
6.274366437597501,0.019698368728839642,0.0,0.18086831517739893,1.0386322051301158,3.769535423389288,3.950732422237921,0.0,-0.7579705742548866,-1.1406831150817425,2.8953693536503278,-2.4311118587538436,0.31848501892188086,-0.1027893908445458,41.64
0.06514018877062572,0.019698368728839642,0.0,0.01878425521714191,1.0386322051301158,3.101365746086649,0.01982396736201106,0.0,-0.06485274734416178,-1.5314203125448418,-0.3048429208004698,-1.5073837074580543,0.6900617557177557,-0.06283558470472314,13.71
0.06514018877062572,0.019698368728839642,0.0,0.01878425521714191,1.0386322051301158,3.101365746086649,0.01982396736201106,0.0,-0.32811481384422364,-1.231977905190933,-0.43815412198244197,-1.5724090819088132,0.6451196149475376,-0.08133656362975543,19.69
0.33472325940730085,0.019698368728839642,0.0,0.01878425521714191,1.0386322051301158,1.2181111782994265,0.054108976748849624,0.0,-0.519601686228332,-0.899726234767497,0.4710552973742529,-1.1552897775888678,0.7848164054318735,-0.034698871729065585,31.65
1.2013703456888352,0.019698368728839642,0.0,0.21630721410616524,1.0386322051301158,0.19635206721300558,0.033425065923110946,0.0,-0.355385244769879,-0.7858091725762723,1.1860337455976837,0.3093810522204259,1.2384125485772473,0.14279910017487069,19.11
1.2013703456888352,0.019698368728839642,0.0,0.21630721410616524,1.0386322051301158,0.19635206721300558,0.033425065923110946,0.0,-0.6687924667937623,-0.42933011620257105,1.0273299346667646,0.2319698921599986,1.1849100000412733,0.12077412526411796,39.58
1.2013703456888352,0.019698368728839642,0.0,0.21630721410616524,1.0386322051301158,0.19635206721300558,0.033425065923110946,0.8177099032017076,-1.4460423774129927,0.45473794360420794,0.6337444835580848,0.039990215210138916,1.0522236796720577,0.06615218748545122,48.79
0.981387704306897,0.019698368728839642,0.0,0.01878425521714191,1.0386322051301158,0.8763039170367062,0.17582829838994332,0.0,-0.35664946887462645,-1.077226600571527,1.037076519573304,-1.0198677659099895,0.8828833286557063,0.001009766016295225,24.0
0.981387704306897,0.019698368728839642,0.0,0.01878425521714191,1.0386322051301158,0.8763039170367062,0.17582829838994332,0.0,-0.6199115353746883,-0.777784193217618,0.9037653183913319,-1.0848931403607485,0.8379411878854881,-0.017491212908737053,37.42
0.06514018877062572,0.019698368728839642,0.0,0.03382564059831787,1.0386322051301158,3.101365746086649,0.01982396736201106,0.0,-0.08885183050022703,-1.5459049212564155,-0.30498057542313073,-1.4897166853184454,0.6935045058400711,-0.04759908958703744,11.47
0.09037633181907731,0.019698368728839642,0.0,0.21630721410616524,1.0386322051301158,0.003182883506129882,0.9260246684598034,0.0,0.07120930400721666,-0.8051039136864621,-0.05851564070351632,0.17183865527623912,1.6349306021969814,0.03750757498110483,14.99
0.09037633181907731,0.019698368728839642,0.0,0.21630721410616524,1.0386322051301158,0.003182883506129882,0.9260246684598034,0.0,-0.19205276249284522,-0.5056615063325531,-0.19182684188548846,0.10681328082548021,1.5899884614267632,0.019006596056072553,27.92
0.09037633181907731,0.019698368728839642,0.0,0.21630721410616524,1.0386322051301158,0.003182883506129882,0.9260246684598034,0.8177099032017076,-0.9693026731120757,0.37840655347422586,-0.5854122929941682,-0.08516639612437948,1.4573021410575475,-0.03561534172259419,34.68
0.09037633181907731,0.019698368728839642,0.0,0.21630721410616524,1.0386322051301158,0.003182883506129882,0.9260246684598034,1.411484609948449,-2.0975686723980553,1.66173115641955,-1.1567460123454776,-0.3638465723419177,1.2646929663280408,-0.11490525140130396,37.33
0.09037633181907731,0.019698368728839642,0.0,0.21630721410616524,1.0386322051301158,0.003182883506129882,0.9260246684598034,2.0509790770160743,-4.354100670970015,4.228380362310199,-2.299413451048096,-0.9212069247769943,0.8794746168690277,-0.2734850707587235,38.11
5.574857597985146,0.019698368728839642,0.0,0.10530215709064336,1.0386322051301158,3.769535423389288,3.950732422237921,0.0,-1.1288089790813425,-1.4140427722314377,2.780070522517818,-2.128039226602162,0.31781558750329486,0.1427183593882996,33.8
5.574857597985146,0.019698368728839642,0.0,0.10530215709064336,1.0386322051301158,3.769535423389288,3.950732422237921,0.0,-1.1789541346051637,-1.3570061232116455,2.754677912768871,-2.1404250122118302,0.30925517973753897,0.13919436340257915,42.42
5.574857597985146,0.019698368728839642,0.0,0.10530215709064336,1.0386322051301158,3.769535423389288,3.950732422237921,0.0,-1.266708156771851,-1.2571919874270092,2.710240845708214,-2.1621001370287503,0.2942744661474663,0.1330273704275684,48.4
5.574857597985146,0.019698368728839642,0.0,0.10530215709064336,1.0386322051301158,3.769535423389288,3.950732422237921,0.0,-1.4422162011052257,-1.0575637158577365,2.621366711586899,-2.2054503866625894,0.2643130389673208,0.12069338447754688,55.94
5.574857597985146,0.019698368728839642,0.0,0.10530215709064336,1.0386322051301158,3.769535423389288,3.950732422237921,0.8177099032017076,-2.219466111724456,-0.17349565605095746,2.2277812604782192,-2.397430063612449,0.13162671859810515,0.06607144669888014,58.78
5.574857597985146,0.019698368728839642,0.0,0.10530215709064336,1.0386322051301158,3.769535423389288,3.950732422237921,1.781502969060866,-4.475998110296415,2.393153549839691,1.0851138217756007,-2.9547904160475253,-0.25359163086090797,-0.09250837265853941,67.11
0.17274870826182398,0.019698368728839642,0.0,0.9615143809726476,1.0386322051301158,2.3591886351425098e-05,0.115566091649754,0.0,-0.5187430764975973,-0.9844876335916305,0.27904577557438576,0.23201974645998588,1.2904610399623146,0.24803535187658063,20.77
0.17274870826182398,0.019698368728839642,0.0,0.9615143809726476,1.0386322051301158,2.3591886351425098e-05,0.115566091649754,0.0,-0.694251120830972,-0.7848593620223578,0.190171641453071,0.18866949682614662,1.2604996127821693,0.2357013659265591,25.18
0.17274870826182398,0.019698368728839642,0.0,0.9615143809726476,1.0386322051301158,2.3591886351425098e-05,0.115566091649754,1.411484609948449,-2.599767030736182,1.3825333007297453,-0.774747529006918,-0.2819903563412513,0.935204117683447,0.10178951846918259,29.59
0.05015686285099953,0.019698368728839642,0.0,0.9615143809726476,1.0386322051301158,2.3591886351425098e-05,0.3042070532353259,0.0,-0.599851484801168,-0.7929185810118314,-0.062227584251492385,0.23345842011912746,1.3246113995364341,0.220168043488843,21.75
1.2868748267117434,0.019698368728839642,0.0,0.01878425521714191,1.0386322051301158,0.7155150586898521,0.23189426737366706,0.0,-0.6528648022182579,-0.7261576824565908,1.0568951229791066,-1.0327144284748497,0.8612986142776077,-0.010515962972619374,39.09
3.724316775292661,0.019698368728839642,0.0,0.21630721410616524,1.0386322051301158,0.2447045579150606,0.41391908327320925,0.0,-0.5973420962687472,-0.6339979206797174,2.068930854295223,0.19720824032009537,1.2652076194821082,0.17358516482309333,24.39
5.439915543985565,0.019698368728839642,0.0,2.8579770706949654,1.0386322051301158,1.020656047232695,2.35581133488939,0.0,1.226987001430842,0.8308765419241009,1.3786151676679033,-0.05962503335219093,2.7271763261780877,-0.6994668898552409,50.51
5.439915543985565,0.019698368728839642,0.0,2.8579770706949654,1.0386322051301158,1.020656047232695,2.35581133488939,0.0,0.9637249349307799,1.1303189492780097,1.2453039664859311,-0.12465040780294984,2.6822341854078693,-0.7179678687802732,74.99
0.0029126404206591327,0.355801785164666,0.48046108258085624,1.7124369071864203,0.25114706397443937,0.8229309737623195,1.331009308390907,0.0,-0.5860622305498302,-0.4819290960454275,0.7659530091717213,1.3410872300927104,-0.9268815744874153,0.613661085994611,37.17
1.2493767574340269,1.423207140658664,1.5651427056589942,0.02076920415087766,4.797608750273958,3.0901906463890745,0.15557091144425744,0.0,1.3663179553310125,0.7754062346613865,-0.16170218361900748,2.0302064591568993,-2.005374252910454,0.2638713517807637,33.76
1.426649928640165,0.757205293936596,0.896327159413186,3.158508478147395,0.4489879347714838,0.43856962695108936,2.037837566489058,0.0,-0.7276564125985787,-1.0251781794382318,-0.0414877113465128,1.5262056295143076,-1.770666865576832,0.7800712168027899,16.5
1.5914078416289368,0.4444444444444444,0.565992301475753,0.8718079746032119,0.25114706397443937,2.17360280191676,0.4912805380201252,0.0,0.4135795714156545,-0.15406410657741154,-1.0188282199745933,2.0308665980732807,-0.1951479392504454,0.3591689101627569,19.99
1.4728051525242523,1.2293751923668819,1.3805753385700066,0.435065892631489,4.0861572838111,0.15331642346180654,0.9350663334203555,0.0,1.305755529637665,0.34544796037111564,-0.1285979181271766,0.5896212889659858,-2.454387071384857,0.08387669677625903,36.35
0.09037633181907731,0.7450415512465375,0.8803927719331843,0.435065892631489,7.274370213439747,0.6056818960229157,2.294187976186168,0.0,1.256209194375162,1.0828310430186414,1.5085551022467345,0.6619048871097157,-2.3675338603035754,0.23763478521655557,33.69
1.6647737723908103,0.019698368728839642,2.1882987290360982,1.2728655518996388,4.0861572838111,0.16357687999796358,0.7878684841697292,0.0,2.314537584133019,1.0153442208797325,-1.0919907425963824,0.2889112924232885,-0.9535022644849431,0.8363856547376075,15.42
0.059109571443487476,0.709141274238227,0.0,2.238160814873215,3.151536051643274e-05,1.0468670446214203,0.3980580309454567,0.0,-0.8478269625729489,-0.5791341689057421,0.7696370220112146,1.5281396498143736,-0.12139558436550173,-0.03157973381147746,33.42
0.8353610049837953,0.019698368728839642,0.0,0.13791178270435103,0.026668854268955745,0.24785650911181242,0.2823244727978553,0.0,-0.23402556450940307,-0.25001042568206894,1.1270023735672605,-0.5149559060559665,0.23500118858211666,0.2353489325909341,39.05
1.3144764983244144,0.8195013850415513,0.9614938023807262,0.10993370460269344,2.294209948199731,0.07592594668567637,0.4300899928363623,0.0,0.9954637940811826,0.08781711829576735,-0.28738047273137857,0.5368755210760082,-1.8561233766822263,0.11717002179988179,27.68
1.4496356940280808,2.361883656509695,0.0,0.7055713420387391,3.151536051643274e-05,0.1267802651718722,1.218607655886615,0.0,-0.6189889285305282,-1.3333842267222058,-0.30862846995683,0.4253159996229368,-1.4035158510927097,-0.7255200871887644,26.86
0.09037633181907731,0.7450415512465375,0.0,0.435065892631489,0.4489879347714838,0.6056818960229157,0.15189591213771042,0.0,0.9138440012059718,0.5689369844257075,0.4066701560551751,0.6446566956878266,0.06200763479503612,-0.7577949746707632,45.3
0.0638614654021143,0.019698368728839642,0.7145465237668892,0.4258027976073887,0.4489879347714838,0.039285927550872256,0.7098365045317194,0.0,-0.06413258548838033,-0.1583311167544924,0.8003858676126931,0.3027333635446139,-0.5842675036213892,0.9729329199993202,30.12
1.4961583041286783,0.019698368728839642,2.4191687108651805,0.49908158829670574,1.0158732082541777,0.045912676297781015,7.338969349067644e-05,0.0,1.3075555187679981,0.08647747649092122,-0.8449829987337447,-0.2570073976930338,-1.08051344600241,0.9433010196392986,15.57
1.714602858440002,1.0641551246537397,1.207583625166043,0.1432049798609797,0.7038966495313966,1.387318642171546,0.02348392086449112,0.0,1.0679661752166152,0.16446316570954186,-0.8239313529817563,1.358958477278577,-1.0631560420639905,-0.030397199494536,44.61
0.034455762965086636,0.6741274238227147,0.8180843150607114,0.7864936282919092,3.151536051643274e-05,1.5432963491973097,2.145842884375417,0.0,-0.6981935616269307,-0.5050302679512547,1.0330265632862778,1.421110278304317,-0.9262216703476391,0.4221748449107729,53.52
0.16487403146285787,1.0211634349030472,0.0,0.13791178270435103,0.03046202041494548,1.810140433028814,0.0002665802842389063,0.0,-0.1227614005643218,-0.04555906794083728,0.5973876569592657,1.4383473975457197,0.3348401258179235,-0.5803611152262503,57.21
0.7010906645890296,1.3734195136965222,0.0,0.17491346837619165,0.026668854268955745,3.7572141596201667,0.03813125777644484,0.0,-0.10015016432940635,0.3112851668171603,1.1534280048746923,1.9562084992494653,0.20767945768818438,-0.5997295894832386,65.91
0.00017204891301809286,0.5850907971683595,0.7145465237668892,0.22292371055195107,0.25114706397443937,3.7074096538870176,0.1617530103482008,0.0,0.9320988870413704,0.695950227072504,0.16814933410259567,1.7075176084354309,-0.013849236763509265,-0.08201411494294755,52.82
0.06514018877062572,0.29197907048322563,0.4127220721277552,0.31227088574051104,0.11037403714026339,3.227641257949095,0.36160716573051743,0.0,0.40123098787742967,0.24890528646441865,-0.15096815154446738,1.9711505456410097,0.28137803353597085,0.24500082246705926,33.4
1.1859302545179369,0.019698368728839642,1.6077296784755006,1.2459422411594593e-05,1.0158732082541777,0.39281762989947827,0.2957066672424037,0.0,0.6874445783794189,-0.3307051580069667,-0.49318565940805026,-0.41098008668892405,-1.2953451914680618,1.0223151048375134,18.03
1.381229477189099,2.4489504462911666,0.0,0.00945822918325604,0.7038966495313966,0.3768261546157834,0.8642438837820593,0.0,0.28833866567905053,-0.6881158249355068,-0.26708614793458035,-0.05989368286640715,-1.778773847872015,-0.9679476264906794,37.36
1.29259289158603,1.389916897506925,1.5231273700615011,0.9615143809726476,0.7038966495313966,3.511514660298707,0.6088412364149208,0.0,0.052544468809665214,-0.23958478380187456,-0.18629618159683634,2.4044487869469546,-1.52587148705785,0.4952291981947724,32.84
0.034455762965086636,0.019698368728839642,0.8180843150607114,0.03382564059831787,3.151536051643274e-05,1.5114362019233,0.27736614040013313,0.0,0.41923519891004657,0.24623432493660044,0.09626532178778173,1.0794859952850406,0.6505190280627232,0.6965201126891037,42.64
0.1423521597154911,0.019698368728839642,1.1344140611323135,1.7124369071864203,3.151536051643274e-05,2.135761201823037,0.19732511427723126,0.0,-0.4970735580430499,-0.196676282918651,0.7149686340114075,1.5955337990549796,0.15467575228693164,1.2496406827123516,40.06
0.006432419709884295,0.502357648507233,0.6313733084004234,0.0770845915350686,0.25114706397443937,0.8229309737623195,0.9111489929721898,0.0,0.012314613783326383,-0.08718977411760598,0.7633954346350867,0.9769143108047813,-0.8830277773936465,0.24423051713421176,41.94
0.20608434654024083,1.0497260695598647,0.0,0.1432049798609797,0.25114706397443937,1.4178495777078417,0.046431546907899156,0.0,0.6244288794485682,0.5057486808942211,0.6275021375778747,1.0940157478399406,0.09100617606688782,-0.7717835748943016,61.23
0.5497851188385448,0.019698368728839642,1.4408116105235556,0.2620930198942717,0.7038966495313966,4.994433401384861,0.004371248290541567,0.0,0.481810192606338,0.858441539020239,0.9574246024661949,2.025513782362064,0.2115788251683416,1.1630616235824633,40.87
1.974769875181277,1.722080640196984,1.8521760442561537,0.02076920415087766,0.03046202041494548,1.9156899628836985,0.208538308073976,0.0,0.3177481415134894,-0.4909763158912108,-0.7791300722573744,1.5676317414710093,-1.1441613127066157,-0.056308549119622645,33.3
0.17274870826182398,0.8195013850415513,0.0,0.03382564059831787,0.11037403714026339,0.09079770987270576,0.6284205755674794,0.0,-0.12481767996096035,-0.20587799451962518,0.9562217638957325,0.4179459816751442,-0.5041090180322749,-0.4756442874179333,52.42
1.2068953957150448,0.019698368728839642,2.858186095067557,0.0025393142737673525,1.3849176109398271,2.6117923966199927,0.8326811166581518,0.0,1.4458840519558485,0.692543645239457,-0.9771372415819787,1.6411002949772864,-0.3249339096478561,1.252338535307464,15.09
0.11489470090124221,0.019698368728839642,0.912404456197941,0.3202106814754541,0.4489879347714838,0.4050888994360636,0.016473871094931525,0.0,0.9337931532279113,0.5807304107498891,0.4405215517403575,0.28950824358998817,0.008680193494893735,0.5784790810786906,38.46
0.16487403146285787,0.019698368728839642,1.1707130245396715,1.2459422411594593e-05,0.7038966495313966,1.810140433028814,0.008282725706095999,0.0,0.7411743220838894,0.6862210724867908,0.5985711400800431,1.1144284356618563,0.006566840203978183,0.8903538918498481,37.26
1.765166716922215,1.0211634349030472,1.1707130245396715,6.624807932122559,3.151536051643274e-05,1.8449913067126804,2.10953125451123,0.0,-1.3972456793198407,-1.4433726792162034,-0.18315114781925032,2.4185499150794447,-1.4781305361134285,0.9694253142197169,35.23
0.008061530828171896,0.502357648507233,0.0,0.056567334260519686,0.026668854268955745,0.732043707453416,0.4912805380201252,0.0,0.6126899945649781,0.2548566038560948,0.024236188995620755,0.8451100473855228,0.5133436700012269,-0.597693859108559,42.13
0.034455762965086636,0.019698368728839642,0.8180843150607114,1.7124369071864203,0.7038966495313966,1.4799083575837186,0.1275087602912325,0.0,-0.1025093142427462,0.07649492733746219,0.6452534504158619,1.4920579660194089,-0.2445287987897062,1.2429757746733598,31.87
0.01706633149613531,0.4078054786088027,0.5284786089779914,0.36684081164488347,3.151536051643274e-05,3.320936513661252,0.046431546907899156,0.0,0.08462274473641135,0.032531922025135135,0.07030959916386423,1.9556416333512376,0.1884744211488593,0.23306441186039628,41.54
1.29259289158603,2.6051092643890423,0.0,0.435065892631489,1.0158732082541777,0.9252343172599495,1.1111637191487318,0.0,0.5901746135456235,-0.5523272741671528,-0.18974424704442408,-0.5611538547028837,-2.015102984883256,-1.1670160071179545,39.45
1.1651488064290842,2.836565096952908,0.0,0.0018776646291887675,1.3849176109398271,2.211776704944911,0.4570030515353202,0.0,1.0021571345797726,0.3544643461381774,-0.6773365228541022,1.9814084330393262,-0.6866638986387491,-1.018829394744429,37.91
0.0006359425535671879,0.45385041551246535,0.5787826842511803,0.00945822918325604,0.25114706397443937,1.810140433028814,0.0034052953368004174,0.0,0.5496065347295693,0.3176400000189073,0.3056614072711246,1.294250259650973,-0.3045256849664276,0.06850419070615871,44.28
0.17274870826182398,0.019698368728839642,0.9614938023807262,0.4258027976073887,0.4489879347714838,4.06301955564206,0.25176465650654256,0.0,0.4848815318726135,0.6771526609266856,0.4697805954560197,1.9575065447827928,0.4933420009504304,1.0106829143713794,31.18
1.543415686662297,0.6973714989227455,0.8489527248874412,0.2620930198942717,3.151536051643274e-05,1.1274938543941668,0.008282725706095999,0.0,0.18589723724475143,-0.502515707246824,-0.8591785538138581,1.4596139159823185,-0.5150867006259707,0.18000840355600067,23.69
1.3144764983244144,1.3734195136965222,0.0,0.08105448940254009,0.7038966495313966,0.0405548949157983,0.04122230722841652,0.0,0.8200438754558711,-0.2212232091044655,-0.7336728381286323,0.22050266868384105,-0.8687601901801197,-0.8345339387161561,32.76
0.028551811631999397,0.3151738996614343,0.4347301050597754,0.7864936282919092,0.25114706397443937,2.0242302191484396,0.02116563377551236,0.0,0.019203559364478602,-0.01974367699433258,0.2557263913459861,1.7180724136835783,-0.2751069496366287,0.4163337937596973,32.4
0.15918557682094786,0.2552908587257618,0.3602029026308889,9.256735718779423,3.151536051643274e-05,2.4477984847368184,0.9350663334203555,0.0,-1.5895153349265547,-1.1232150697758494,0.41008225042743884,2.559921126924226,-0.4579979279346009,1.1332537506597908,28.63
0.10848956896831809,0.019698368728839642,0.912404456197941,0.03647223917663221,0.11037403714026339,0.1267802651718722,1.085077378052762,0.0,0.13652790920527014,-0.21546569412777244,0.8302843939564063,-0.5495745220363394,-0.6653080959445278,0.7183664570761177,36.8
1.4038478563605046,1.3084148968913512,0.0,0.2620930198942717,0.25114706397443937,0.8763039170367062,0.8875415097594243,0.0,-0.17252960826766758,-1.079387088872233,-0.3501701282703001,-0.2380247714924519,-1.473308661408579,-0.5298038540388907,18.28
1.615679458774639,2.1717451523545703,0.0,0.8718079746032119,0.2625265624124087,3.608797551224005,1.5280333726934343,0.0,0.03615787562507939,-0.47987247531612093,-1.3079521250699837,2.549425318870863,0.5769564850850366,-0.8250651452648358,33.06
0.02770737167166169,0.019698368728839642,0.8180843150607114,3.3272719655632232,0.7038966495313966,4.01122123230234,0.004371248290541567,0.0,-0.18658284013927248,0.2152964689813898,0.5139006428886493,2.401846310157725,0.13534906252826562,1.4052465468788498,31.42
1.9479265545200013,1.7777777777777777,0.0,0.4258027976073887,0.2625265624124087,0.10699868479744919,0.07712560383632013,0.0,-0.2004610651026054,-1.0481772871038626,-1.1190756784292677,0.9925996650511371,-0.21653290891219493,-0.7964412311264821,31.03
0.10848956896831809,0.7694675284702984,0.0,0.03647223917663221,0.11037403714026339,1.9156899628836985,0.4079107510736165,0.0,0.6297031231352025,0.496043032853502,0.3244939297530655,1.3341104704565705,0.48089560578293794,-0.6560777454807937,44.39
1.4728051525242523,0.019698368728839642,0.896327159413186,0.008134929894098872,0.11037403714026339,0.051602760614192236,0.2906316682000292,0.0,0.7107203024813609,-0.36075765661930803,-1.1278758367052664,0.0178615268888287,-0.19482774062570288,0.694796192280811,12.18
1.4496356940280808,0.7694675284702984,0.912404456197941,0.03647223917663221,0.11037403714026339,0.1267802651718722,1.085077378052762,0.0,0.24039879935253783,-0.755742410741559,-0.39607790582563485,-0.08742870951993709,-1.605593148319742,0.026344433085111377,25.56
1.765166716922215,0.6288211757463835,0.7580624070642927,0.7055713420387391,0.026668854268955745,0.566219715688177,0.06005459754378559,0.0,-0.036430216604275055,-0.7081201233515093,-0.768067599244424,1.3055147191363827,-0.8259147553348877,0.32365449905386917,36.44
1.543415686662297,2.297617728531856,0.0,0.08105448940254009,1.3849176109398271,2.695783170168151,2.242578586699779,0.0,1.4943117550956986,0.6498405098155503,-1.1783013677366097,2.0419578080986147,-0.16496948355817978,-1.0692534480333593,32.96
0.04193892669153258,0.019698368728839642,1.0289469942243203,1.9665147409135515,0.4489879347714838,1.5432963491973097,0.3093987189223526,0.0,-0.2834188294200228,-0.05703649820810641,0.7182887299331514,1.5157113124046004,-0.30515187303645286,1.3373957682813085,23.84
1.4496356940280808,0.7694675284702984,0.912404456197941,0.03647223917663221,0.11037403714026339,1.9156899628836985,0.4079107510736165,0.0,0.9048903785779123,0.08299799711895137,-1.007185908602033,1.551749752931225,-0.34559588272214825,-0.048639322532342974,26.23
1.567319917591489,0.019698368728839642,1.3411323704580742,1.2728655518996388,2.8344578827739855,0.1267802651718722,0.5088840671156286,0.0,2.0284498980814147,0.6233110206353474,-1.073322441365887,-0.41561634132278674,-0.8855677752219189,0.5806872275629663,17.95
0.20608434654024083,0.019698368728839642,1.360782399861664,0.6290411158437021,0.7038966495313966,4.994433401384861,0.05777959797306599,0.0,0.42263747093561677,0.7262814308025524,0.6511680698472654,2.186799875930332,0.24295074944533054,1.2223919119497062,40.68
1.4496356940280808,0.7694675284702984,0.0,0.03647223917663221,0.11037403714026339,0.10908634078490818,0.37673183694281653,0.0,0.707644010133913,-0.4086910307584881,-1.0627617712319928,0.07235441597309883,-0.28826123901229356,-0.7012268044546759,19.01
0.025404901935650502,0.4078054786088027,0.5284786089779914,0.36684081164488347,0.03046202041494548,1.0468670446214203,0.24403703287661338,0.0,-0.2704490041481427,-0.42291161841086194,0.2725847104697424,1.1974611153196122,-0.28097047195117364,0.24124163646029229,33.72
1.3365437981710537,0.019698368728839642,2.7170631566235968,3.158508478147395,0.7038966495313966,0.96923096125853,0.5519623623696479,0.0,-0.2620811930922516,-0.5808158923774835,-0.3501041093925913,1.627151866307557,-1.1848472336914038,1.8937935969058872,8.54
1.4961583041286783,0.019698368728839642,2.4455354775921783,0.49908158829670574,2.8344578827739855,1.649016560420113,1.3890692780554554,0.0,1.1510155185643016,-0.15612594396805193,-0.30111365318871974,-1.217675943767912,-2.2654175733882114,1.0915927403387686,13.46
0.0029126404206591327,0.019698368728839642,0.5787826842511803,0.6290411158437021,0.7038966495313966,0.31262198731727076,0.017698870863780528,0.0,0.22406266552806353,0.03744910924106484,0.29559695895224614,0.7838593566739446,-0.25450672350842435,0.9455803240894991,32.24
1.543415686662297,0.47295783317943985,0.6047921777162951,0.0018776646291887675,0.026668854268955745,0.07592594668567637,0.008282725706095999,0.0,0.46156521430225556,-0.48130320777773966,-0.8986220343782613,0.584593513231887,-0.6167863485458817,0.033168956383213696,23.52
1.6895964688612786,1.0933087103724222,1.4611761864509116,0.17491346837619165,0.11037403714026339,0.009041533032463021,2.605751307106896,0.0,-0.22700429493650623,-0.9880535783155293,-0.1841678107782275,0.5374963764214044,-2.049748914796121,0.3298911235619995,29.72
0.03188241443660354,0.3231024930747922,0.4347301050597754,0.2693711659846362,0.4489879347714838,0.2447045579150606,0.014541965187449222,0.0,0.795154730163352,0.24629218129034622,0.1617050784249698,0.4080674834561375,-0.5334755271199791,-0.061814891215169865,49.77
0.10848956896831809,0.9790581717451523,0.0,0.03647223917663221,0.4489879347714838,0.5469870799224503,0.029028731305177566,0.0,0.4620281690783109,0.28465276890448027,0.6900320085504178,0.7677236451883623,-0.3053661164741769,-0.6482423152192208,52.44
0.0026472450045529955,0.49245921822099104,0.0,0.435065892631489,0.026668854268955745,0.003182883506129882,0.07036707797983488,0.0,0.6493527437692358,0.06489596687974922,0.11473980936731236,-0.035012706391626465,0.11109994500282287,-0.7233472984678653,40.93
0.30228195981415057,0.019698368728839642,0.0,1.2459422411594593e-05,0.2625265624124087,0.02244679873215247,0.3042070532353259,0.0,0.09493360103050155,-0.2079138653404394,0.25725230458131093,-0.27320160528204873,1.1254654223834482,-0.04554793109195226,44.86
1.6401347690285968,0.019698368728839642,1.2830397380758265,0.0025393142737673525,0.7038966495313966,0.0035512933862697034,0.23942870041284803,0.0,1.0276530656213805,-0.06977442809216805,-1.0842456408599281,0.15852329580220895,-0.5323699089948067,0.839264411856266,13.2
1.51969514884136,2.318941212680825,0.0,0.1432049798609797,1.0158732082541777,1.4876449650666552,1.478483161817783,0.0,0.39141418276050804,-0.7630561260436681,-0.21547699542574264,-0.6990749762441849,-2.130289809610895,-1.0069897139127177,37.43
1.6647737723908103,1.1080332409972298,1.2639613458912502,0.21630721410616524,0.11037403714026339,4.273535878345225,0.1617530103482008,0.0,0.5297131553907862,-0.027476504899274893,-0.9121929638447154,2.4225338459702086,-0.5231665616941492,0.19356298734201846,29.87
0.25188698932400505,1.1080332409972298,0.0,0.36684081164488347,0.11037403714026339,4.434912301184099,0.13311128742293118,0.0,0.12261437949369888,0.4134664779419734,0.6671077402674622,2.2513871652540507,0.43416915725221983,-0.47089838462406325,56.61
1.4038478563605046,0.019698368728839642,1.4611761864509116,0.2620930198942717,0.25114706397443937,0.8763039170367062,0.8875415097594243,0.0,0.04414469794626844,-0.9187068320247956,-0.4835164344701146,-0.546608750798181,-1.3304855324420155,1.1122180827210617,12.46
1.4038478563605046,1.3084148968913512,0.0,0.2620930198942717,0.25114706397443937,1.575488799405748,1.4074223841765376,0.0,0.6687593539130077,-0.020406326627828073,-1.1256902499275192,1.8271605056766909,0.12149866181429048,-0.6252767696670005,23.79
1.8947909925222146,0.019698368728839642,1.9690044008920398,0.00945822918325604,0.4489879347714838,0.029731011314698914,0.1617530103482008,0.0,0.9990516561534848,-0.10808386105753864,-1.1529364081143876,0.33253256238514584,-0.5945729072249991,0.9868534687643434,13.29
0.014654194232807416,0.41681748230224686,0.5408402638391585,0.03647223917663221,0.4489879347714838,0.6885938919055352,0.11877442437769191,0.0,0.5589097750299329,0.1954854617080233,0.3397619733434594,0.8123012630983947,-0.6474267120473028,0.06888494213410716,39.42
0.11489470090124221,0.7694675284702984,0.912404456197941,0.02076920415087766,0.11037403714026339,1.8449913067126804,1.059300894192193,0.0,0.13306057914507452,0.13449163447865556,1.0045566084350315,1.1895997278261206,-0.8374207577215712,0.08766399235948463,46.23
0.10848956896831809,0.7694675284702984,0.0,6.661198662574381,0.11037403714026339,0.10908634078490818,0.37673183694281653,0.0,1.7913633772736273,0.7738204696866057,0.15061975766969254,-1.0462666776049616,0.13086179408969947,-1.4966755578553013,44.52
1.615679458774639,1.152797783933518,0.0,1.2459422411594593e-05,0.2625265624124087,0.02244679873215247,0.3042070532353259,0.0,0.21807652498221797,-0.8500330884684345,-1.199165001856531,0.2769668302815064,0.006940473153632329,-0.8713048276170764,23.74
1.6647737723908103,0.6626531240381656,0.8028644741044767,0.03647223917663221,0.026668854268955745,0.18509470187356306,0.0002665802842389063,0.0,0.5758225290785208,-0.40656552553931957,-0.9003815770102536,0.6605016166906785,-0.758795544893728,-0.04543245389154643,26.14
1.567319917591489,0.019698368728839642,2.366863905325444,0.0025393142737673525,2.294209948199731,3.0450383817379247,1.9196126328425747,0.0,1.7645144430455173,0.9352278054755915,-1.238668102079986,1.8424963958809517,-0.18541570730029097,1.1681416346883646,15.52
0.00024442948104703944,0.46335487842413053,0.591715976331361,0.17491346837619165,0.026668854268955745,0.1337924191927781,1.7634571038163926,0.0,-0.356239318893994,-0.5357450658047042,0.7581075167313512,0.5099658231289056,-1.0291500642485651,0.26306958066583497,43.57
0.034455762965086636,0.019698368728839642,0.8180843150607114,0.7174810356411537,1.3849176109398271,0.07592594668567637,0.01982396736201106,0.0,1.3033652552708888,0.7561558518845467,0.3584263863437859,-0.06083190193563636,-0.32324528306761086,0.5068347911247552,35.86
0.10848956896831809,0.7694675284702984,0.0,0.03647223917663221,0.11037403714026339,0.1267802651718722,1.085077378052762,0.0,-0.03478845609017197,-0.3426973750070085,0.9356019325294637,-0.3050679919945915,-0.779101659814656,-0.5810939898633393,41.05
1.4038478563605046,1.3245183133271776,1.4611761864509116,0.31227088574051104,0.25114706397443937,1.4799083575837186,0.841256115040095,0.0,0.049907860390055465,-0.47827630801320553,-0.2788408258878934,1.638386757769545,-1.5506873187181418,0.3062846698670583,28.99
0.009874335054714746,0.6400000000000001,0.0,0.36684081164488347,3.151536051643274e-05,0.4216631117263623,0.024942253922644705,0.0,-0.21697559841988703,-0.3348418853145805,0.3908191686961418,0.9199472650112064,0.046727277489843566,-0.34412354873354445,46.24
1.567319917591489,1.183133271775931,0.0,0.2693711659846362,0.4641605993554427,0.10908634078490818,0.47398686616002256,0.0,0.4488102633018014,-0.7796064937283826,-1.2947698425043819,-0.0754665952695883,0.12432418681568842,-1.0887418431919593,26.92
1.6401347690285968,0.019698368728839642,2.2894785168014895,0.8718079746032119,0.11037403714026339,3.7572141596201667,1.4371103454526606,0.0,0.6718058393507954,0.10035145950523619,-1.3306041473956345,2.266294733684981,0.3351166628162097,1.346431333225007,10.54
0.10848956896831809,0.019698368728839642,0.0,0.03647223917663221,0.11037403714026339,0.10908634078490818,0.37673183694281653,0.0,0.6037731199866454,0.13158568585529848,0.16360052855004864,-0.3897913965433036,0.6520238133629208,-0.009204780463669567,25.1
1.8684987511857043,0.9929947676208064,1.1344140611323135,0.22292371055195107,0.4489879347714838,0.43856962695108936,0.011694916746518428,0.0,0.9315913163060093,-0.0923624337206436,-0.822136370174041,0.8427002425101616,-1.211165331543951,-0.07560723326783349,29.07
1.4038478563605046,0.019698368728839642,1.4611761864509116,0.2620930198942717,0.25114706397443937,1.575488799405748,1.4074223841765376,0.0,0.8854336601269436,0.14027393021960907,-1.2590365561273336,1.5185765263709616,0.26432179078085394,1.016745167092952,9.74
0.05129082508345303,0.30734379809172047,0.4236546339413886,0.10530215709064336,3.151536051643274e-05,0.5095187171942827,0.0869356530775346,0.0,0.009817440331477583,-0.31155987447487493,0.12772080609125083,0.8453393072193923,-0.25847058836360337,0.1552373237677985,33.8
1.2493767574340269,1.722080640196984,2.1139144359119655,2.5273751290654096,0.4489879347714838,3.85782007988975,2.8105487490828684,0.0,-0.6328124451558077,-0.6806243020207056,0.21013258707030188,2.6520855483797234,-2.0706968636985668,0.7931367886298821,39.84
1.8684987511857043,1.5254416743613421,0.6862504814257204,0.6290411158437021,3.151536051643274e-05,2.695783170168151,0.016473871094931525,0.0,0.05744735417664105,-0.5039656861142875,-0.9063654989938653,2.1823621404752984,-0.5780888781782901,-0.044623963881658846,26.97
1.2068953957150448,1.0070298553401047,1.1707130245396715,0.48915684362802686,0.11037403714026339,0.029731011314698914,2.6867407121910833,0.0,-0.4124553279812964,-1.001838454822302,0.011457350969079098,0.6693896949115228,-1.9151222478433036,0.37515919599130815,27.23
1.2493767574340269,1.8534195136965221,1.921844330323425,0.8718079746032119,0.4489879347714838,3.959755211897048,1.331009308390907,0.0,-0.11741910371808487,-0.3606832544492042,-0.028155583313879382,2.4822191393770687,-1.774738217658075,0.4607595512694229,30.65
1.358794791125949,1.8534195136965221,1.6508882885110208,0.7055713420387391,0.25114706397443937,4.01122123230234,0.7309651298612808,0.0,-0.045582834980666086,-0.35435400483478974,-0.22014102522370552,2.4749938799701883,-1.499295204356897,0.32226644275705496,33.05
1.543415686662297,0.8711111111111112,2.6892672968490645,0.21630721410616524,0.11037403714026339,0.2576234379266456,3.4714196603208607,0.0,-0.26896539648227397,-0.9075933730550895,-0.027485934546948507,0.8547813672626416,-2.215311179470029,0.72545322482091,24.58
1.8947909925222146,0.355801785164666,2.661614346379286,0.4258027976073887,3.151536051643274e-05,0.014608814055494301,2.605751307106896,0.0,-0.4136958502193074,-1.1713652141334736,-0.34065496915419635,0.5217548537028432,-1.8506190019801052,0.9394622454910124,21.91
1.3144764983244144,1.7591135734072019,1.8521760442561537,0.7864936282919092,0.026668854268955745,2.6536216319268577,1.6656770746982512,0.0,-0.3794781422670284,-0.7061612069437968,-0.09911343289656582,2.0939321214786846,-1.65519232604879,0.3883669388378573,30.88
1.6647737723908103,0.0012311480455524776,2.7170631566235968,0.08105448940254009,3.151536051643274e-05,0.36116698226651706,0.6284205755674794,0.0,0.35937356698126305,-0.8039280848819715,-0.7355096403237209,-0.5493421080321085,-1.2047107123821634,0.9882028399224485,15.34
1.426649928640165,1.1679162819329025,2.4455354775921783,4.631594059101745,0.026668854268955745,2.7811031554540238,4.00036791322433,0.0,-1.2421719628200756,-1.230004243686077,0.18270507929570823,2.4930708845392346,-2.0072816683736114,1.1581825568118602,24.34
1.1445510514484862,1.3734195136965222,2.7170631566235968,0.01878425521714191,0.026668854268955745,0.96923096125853,2.8946367265210604,0.0,-0.12561951135574337,-0.6915558781069167,0.05346746092189264,1.1737729122525724,-2.026065606510548,0.4386264760720943,23.89
0.8224942623413798,0.21451523545706372,2.57951295079847,2.100141747864317,3.151536051643274e-05,0.43856962695108936,3.4714196603208607,0.0,-0.9370650797377804,-1.1818501326080784,0.2128344655399223,1.1692289587227735,-1.6714626140894029,1.3120063136927311,22.93
1.381229477189099,1.2293751923668819,2.4986977389604346,3.3272719655632232,0.026668854268955745,2.407630764102096,3.9014067884869124,0.0,-1.0691056323749297,-1.1504172928496232,0.17097510512357697,2.2755306089819687,-2.0319975831819916,1.035586142281939,29.41
0.15995123437134937,0.25316786703601113,0.3652940466127279,9.228242371184082,3.151536051643274e-05,2.4518335334616848,0.9254622143728416,0.0,-1.5845066553367442,-1.1202502686754983,0.4065832285569674,2.5593092290353505,-0.4556479459811176,1.1354476045081558,28.63
0.1103918207718286,0.019698368728839642,0.912404456197941,0.028071714156488313,0.11037403714026339,0.12586400017375307,1.092870745371835,0.0,0.12294892976191134,-0.22237024594972882,0.834415505495268,-0.5403486585560753,-0.6647959608591075,0.7263142553744023,36.8
1.408393575367776,1.3148444444444445,0.0,0.2766852133420401,0.2683630980758147,0.88598366014234,0.8945912197135356,0.0,-0.17365742112900448,-1.079172737898047,-0.34797362516984914,-0.23506884409365322,-1.4848565302339984,-0.5249164011830302,18.29
1.6181167236101632,2.1820991074176668,0.0,0.9161121702806632,0.19785194394479816,3.608797551224005,1.5218850775181358,0.0,0.05327069905752469,-0.45793517207089973,-1.2972969265808623,2.5648814752046083,0.543625407341609,-0.8111313522174902,32.72
0.02770737167166169,0.019698368728839642,0.813503357296842,3.3960071373458325,0.5693088116560816,4.000901443986525,0.0050543894583242495,0.0,-0.23238019831326892,0.17191751563722005,0.49855806818997717,2.399792487055605,0.1801866793152701,1.3985790788424237,31.42
1.9452523255748277,1.7815224376731298,0.0,0.40765303551253246,0.24550189013606297,0.10365215287348357,0.07921358375416848,0.0,-0.18468913773937765,-1.036633493807417,-1.1180930940617282,0.9848308455772282,-0.22366823471610278,-0.8003796329430954,28.94
0.1103918207718286,0.7694675284702984,0.0,0.028071714156488313,0.11037403714026339,1.908560282738398,0.4079107510736165,0.0,0.6173605687427982,0.4889480959772236,0.3263970326237107,1.3403144875808832,0.48349420687145844,-0.6485926728581486,40.93
1.4821243699930322,0.019698368728839642,0.8947272897464719,0.011867612816340193,0.0994354658748036,0.051602760614192236,0.28929117184444625,0.0,0.6933860307713858,-0.37555399325524275,-1.1328261360541094,0.02390626985086719,-0.1875816159824184,0.6983843788139307,12.18
1.4473288512994178,0.7694675284702984,0.912404456197941,0.028071714156488313,0.11037403714026339,0.12586400017375307,1.092870745371835,0.0,0.22699511225145358,-0.763201708133709,-0.39345474571570593,-0.07793084233410047,-1.605824392345997,0.03431521576139425,25.56
1.7677141976226924,0.6243772237611572,0.7624847354998859,0.729386861608587,0.05330278614193463,0.566219715688177,0.05763916635756328,0.0,-0.011220518943818059,-0.6809319319101507,-0.761179455673335,1.3165404877508537,-0.8535182998232439,0.3398849272751192,36.44
1.5315324561132968,2.297617728531856,0.0,0.08647896763791983,1.2304517085900228,2.704255354168543,2.231408691212343,0.0,1.4673424125633165,0.6236248066541341,-1.1827725769220794,2.033805180208361,-0.13414469110527838,-1.0804887874178304,32.96
0.041157545559402084,0.019698368728839642,1.0255200290963342,1.9013482599599687,0.4266357947134503,1.5368977355077522,0.31496229962024397,0.0,-0.2808852572065155,-0.059790647214953224,0.7165841889384796,1.5030518249836993,-0.3027367946949059,1.326942820582665,23.84
1.4473288512994178,0.7694675284702984,0.912404456197941,0.028071714156488313,0.11037403714026339,1.908560282738398,0.4079107510736165,0.0,0.8927231165277826,0.07534831467247946,-1.0067907571603203,1.5582257737611103,-0.34374066074530285,-0.04113126553169946,26.23
1.5649212283086984,0.019698368728839642,1.3333123733019694,1.262313485578182,2.891621407649369,0.12495105820497825,0.5106614621731264,0.0,2.0335305021709895,0.6305816172040388,-1.0698583920094251,-0.4101982399687175,-0.8909441393306787,0.5822440435224543,17.96
0.2104579560718301,0.019698368728839642,1.3588109660025913,0.6290411158437021,0.6483494790623847,4.98867370043031,0.06081027151148303,0.0,0.4092734362755231,0.7135195251865175,0.6467396816273477,2.182601242527184,0.26489758915414086,1.2169673763297366,38.63
1.456567243800566,0.765778516466605,0.0,0.03470429297144088,0.11037403714026339,0.1065468966392418,0.3797939540535252,0.0,0.7066067432107435,-0.40918704183304533,-1.0657564288428598,0.07756232975582811,-0.2863314519806922,-0.6982606034234491,19.01
0.025711326715413978,0.4033364112034472,0.529708343545394,0.3898985588229099,0.03046202041494548,1.0415982609089196,0.24898089910370375,0.0,-0.28160496350669934,-0.43042333636914154,0.2738344282516877,1.201185370281081,-0.2824740050976361,0.25063957117880414,33.72
1.3276948350594073,0.019698368728839642,2.7142771397274292,3.10873588363398,0.7038966495313966,0.9768599869063745,0.5538133955386909,0.0,-0.25568354798402043,-0.5746400197094583,-0.34590334213024776,1.6245364906204738,-1.1846458242321527,1.888908335875178,8.54
1.5032000697661163,0.019698368728839642,2.453473374924705,0.5191427487076075,2.611510567668739,1.665610636490298,1.3890692780554554,0.0,1.1285818134797034,-0.184590414405801,-0.31474360971927073,-1.23397198576054,-2.23691515857188,1.079829418541942,13.46
0.003341111449884937,0.019698368728839642,0.5736493820244389,0.6069384996965261,0.5950850223518871,0.3083126679843667,0.017042701149682083,0.0,0.20186504418439027,0.009759348875507525,0.28108399201922596,0.770127504092204,-0.22307347953120724,0.9300684194329064,32.25
1.543415686662297,0.46910483225607874,0.6008543118238158,0.001493501405895089,0.03247131957775742,0.07311109945679634,0.008976348064642235,0.0,0.4724171554100076,-0.47261612128390706,-0.898005488742395,0.5794821021789315,-0.6215594534785115,0.03366511940411719,23.52
1.6895964688612786,1.099186703601108,1.4550518081957053,0.16335179636853508,0.15983510659838965,0.008087582236382498,2.585697616607975,0.0,-0.1881079533076143,-0.9536834236242042,-0.17706570592519863,0.5347954242812702,-2.07938361929663,0.3296186682397858,29.73
0.03222557783801808,0.3199192366882117,0.43920030811246114,0.28917992497398765,0.5441032793999049,0.24854533011042051,0.0148437121794894,0.0,0.8351424310851853,0.2832793700242839,0.1720020295506738,0.4095412909188378,-0.5674094049727533,-0.05505621448561478,49.77
0.10785915889597958,0.9721268082486918,0.0,0.04398323000321136,0.36300344517712174,0.5546402578766091,0.026946760459486074,0.0,0.44420741477684755,0.262918502228822,0.676642073866862,0.7590595577731631,-0.2695152275865682,-0.6607467557602381,52.45
0.0026472450045529955,0.4895088950446291,0.0,0.41671763564325914,0.03884446332618782,0.0026276962313635435,0.07169399457230019,0.0,0.6579996947013186,0.07511227357575459,0.11814037304525038,-0.03152944491390428,0.09807076047519979,-0.7134417413188107,40.93
0.30757403488701607,0.019698368728839642,0.0,6.75022049311841e-05,0.19785194394479816,0.021680961155429987,0.3014671876494338,0.0,0.1261254612295924,-0.17460411872860485,0.27287291659789065,-0.2677834361618543,1.0937283357936518,-0.038276601857979466,44.87
1.6450478742523786,0.019698368728839642,1.2753912320854253,0.003571732451014392,0.7325262524253454,0.004360980071100725,0.23337691882927594,0.0,1.037203000113038,-0.063060677849233,-1.0804311851728827,0.1506533142682935,-0.5456130759749489,0.8365686677989235,13.2
1.51969514884136,2.31466863650354,0.0,0.15038628211961252,0.9821074994035707,1.497092987219089,1.4845432417172677,0.0,0.3877260695849475,-0.7691979565113486,-0.217249437207826,-0.7079474169729137,-2.1245222085650575,-1.0111313888434263,37.43
1.6722012935555841,1.1109899661434284,1.256370003622751,0.19922266860719962,0.17362707006199288,4.26820817120543,0.16477056197225057,0.0,0.5779324422266916,0.01567202830169997,-0.9029822865600622,2.422724752075617,-0.5628159495941817,0.1947537722284647,29.87
0.24710007029884148,1.1021316097260694,0.0,0.36118617635183053,0.1218832868453519,4.434912301184099,0.13584996753512052,0.0,0.13442298337310046,0.4222178432010543,0.6642016967532881,2.2513988366588045,0.42739792292026396,-0.46858351191830394,56.62
1.408393575367776,0.019698368728839642,1.4570918385210605,0.2766852133420401,0.2683630980758147,0.88598366014234,0.8945912197135356,0.0,0.042878341221331974,-0.9182807559007437,-0.48104295276478004,-0.5443274886392191,-1.3406698276656668,1.118022717993576,12.46
1.408393575367776,1.3148444444444445,0.0,0.2766852133420401,0.2683630980758147,1.5690237251293049,1.398576417954605,0.0,0.6677116153526306,-0.01950722477786024,-1.123203749865645,1.8323379214626225,0.11018863562902095,-0.6202906184419398,23.79
1.9027144850792777,0.019698368728839642,1.9618939484340352,0.007723081396707762,0.4489879347714838,0.029731011314698914,0.1607533569515585,0.0,0.9937043158875086,-0.11217345584742938,-1.1542954906064027,0.3363704138769969,-0.5951984689553861,0.9884762850606978,13.29
0.014193809953132491,0.4195402893197907,0.5470746822590246,0.03828410598240488,0.5441032793999049,0.6950266269894371,0.12310286018003712,0.0,0.5895699794879384,0.22740517804307167,0.35446278071912324,0.8194339071650745,-0.6843437841996994,0.07769138243072922,39.42
0.11489470090124221,0.77316540473992,0.9156370646714623,0.022141864950837052,0.11037403714026339,1.841491265712244,1.054182780288326,0.0,0.13648842976183784,0.13601036037895123,1.0029668485621095,1.187435220568222,-0.8373803754297263,0.08545396343630969,46.23
0.10660384954455056,0.765778516466605,0.0,6.588828066871118,0.11037403714026339,0.1065468966392418,0.3797939540535252,0.0,1.7855262937192447,0.7704275368697339,0.14759756913429306,-1.0375253593943108,0.13348013114576404,-1.4906620578005374,44.52
1.6229967640744598,1.1467779624499845,0.0,6.75022049311841e-05,0.19785194394479816,0.021680961155429987,0.3014671876494338,0.0,0.2500698662295029,-0.8186761716947286,-1.1895210199511679,0.28279841326382965,-0.02681680088138817,-0.8619818104534837,23.74
1.6697236162362432,0.6660850723299478,0.8058970095513435,0.03470429297144088,0.06138796520925103,0.1795906328042525,0.0004024596190642965,0.0,0.6124859682716498,-0.37165468189292156,-0.8917449481475496,0.6651158983179067,-0.79829661950831,-0.03419454397514427,26.15
1.5649212283086984,0.019698368728839642,2.369465569218479,0.0010015251262490805,2.294209948199731,3.0495386545709917,1.9299738009456158,0.0,1.7563431650361758,0.9309176651196901,-1.2397281044601396,1.8508483654421617,-0.18130988871227305,1.1744806956096874,15.53
0.00024442948104703944,0.4614461064943059,0.591715976331361,0.15958574690047925,0.026668854268955745,0.12911910745953878,1.7767051439522166,0.0,-0.34859843088094494,-0.5326456783006739,0.7598558582805574,0.4965941445254857,-1.0339027463482282,0.2581276827336922,43.58
0.03481247030612477,0.019698368728839642,0.8257478265281114,0.7495875627932775,1.306543302885668,0.07451187701254737,0.01982396736201106,0.0,1.2983670738647202,0.7465046362876168,0.3532151050100494,-0.07318119851260349,-0.3095840066909035,0.49896444456842554,35.87
0.1103918207718286,0.7694675284702984,0.0,0.028071714156488313,0.11037403714026339,0.12586400017375307,1.092870745371835,0.0,-0.04836743553353081,-0.3496019268289648,0.9397330440683253,-0.2958421285143274,-0.7785895247292357,-0.5731461915650548,41.05
1.3993094850775634,1.3229035395506312,1.4652662507529532,0.30188394776661315,0.2861498106168187,1.492479618967419,0.852711267256652,0.0,0.06772280562596272,-0.4595549930884555,-0.26876918889910245,1.6412635882557634,-1.5703309076501046,0.3097407302991903,28.99
0.009874335054714746,0.6366360110803323,0.0,0.36118617635183053,0.00811328739237241,0.41999073686528265,0.024550648332338356,0.0,-0.2516563972943993,-0.3711916448532701,0.37719211021842325,0.9093544345074922,0.08761884042310934,-0.35501157220769447,46.25
1.5721228069503177,1.1846603878116344,0.0,0.259730310093449,0.4192683644498065,0.10908634078490818,0.48259496993564877,0.0,0.46144878831698344,-0.7665563811631447,-1.2941316597008592,-0.06805006834108084,0.11217293440630732,-1.0824139829777404,26.92
1.630330601754023,0.019698368728839642,2.2869211547929282,0.8457525044037161,0.0890675730489724,3.7572141596201667,1.4281714220601083,0.0,0.6621517822860872,0.08976862913053249,-1.3308188478596237,2.257215043086975,0.3492626293503622,1.3373358321015687,10.54
0.10660384954455056,0.019698368728839642,0.0,0.03470429297144088,0.11037403714026339,0.1065468966392418,0.3797939540535252,0.0,0.6026606193041537,0.13089006044875726,0.16056448923579641,-0.3840775320404535,0.6532386036434151,-0.007708392245662753,25.1
1.858033288721411,0.9874083102493073,1.130815604838623,0.2409756455180494,0.5441032793999049,0.44542527786261965,0.010642857396058312,0.0,0.9727251510652064,-0.05241471873608408,-0.8102474883709871,0.8451219024380507,-1.23781905655771,-0.07250883583799202,29.07
1.408393575367776,0.019698368728839642,1.4570918385210605,0.2766852133420401,0.2683630980758147,1.5690237251293049,1.398576417954605,0.0,0.8842473777029669,0.14138475721944296,-1.2562730774605761,1.5230792769170567,0.2543753381973526,1.0226485007346664,9.74
0.049996816803322054,0.30578959679901513,0.4236546339413886,0.09348808366143735,0.0062167043193775435,0.5095187171942827,0.08474760314685648,0.0,0.0581289100555269,-0.26602972209722453,0.14121190574718612,0.8451504740008395,-0.2956380778076434,0.1604533911244226,33.8
0.0031232020731069305,0.3566394582948599,0.47812022816899596,1.6758404928474053,0.25114706397443937,0.8229309737623195,1.3396392902455603,0.0,-0.5803076832255999,-0.47909616566494007,0.7664873764549106,1.3359173268920168,-0.9309290962491868,0.6078952943537629,37.17
1.2493767574340269,1.4248819944598334,1.5672584779158676,0.023558446351377774,4.650753029464359,3.085660466291909,0.15166816552811274,0.0,1.3579535669466083,0.7638633622911836,-0.16951084531286179,2.0232196830345606,-1.987437397843731,0.2561145011860991,33.76
1.4358221916223408,0.7596498614958448,0.9011353429716132,3.175187184186361,0.47191075326914594,0.4351617396713889,2.041392814452805,0.0,-0.7224162453636135,-1.0211643567494175,-0.04198209063805852,1.5279913646671546,-1.78191870332239,0.7843669951780253,16.5
1.603520688563256,0.44070963373345634,0.5698144108313821,0.8630788972694661,0.21842703109057487,2.17360280191676,0.5000435704134518,0.0,0.4041099666975074,-0.16743389670716194,-1.0310260317924227,2.026697552776791,-0.177010508991275,0.35642988252518343,19.99
1.4774610873964769,1.2309318559556783,1.3746224514805043,0.4665247329568307,4.293600600133857,0.15331642346180654,0.9447200296255337,0.0,1.338279136567484,0.37363230892864535,-0.11956372569153051,0.5852022243932058,-2.4836276423747345,0.08105518174889995,36.35
0.08980102967921538,0.7426206217297632,0.8835682166848043,0.44751766695988093,7.3657744446928515,0.607689896847768,2.286652975846177,0.0,1.2698436799051178,1.0941251730454973,1.5091720058061362,0.6609504957677704,-2.3747450091931426,0.23859697433858915,38.22
1.6746808078060071,0.019698368728839642,2.1857985307494383,1.230920810217297,4.0181508685827705,0.16671981603102373,0.7989554458285597,0.0,2.300036496879272,1.0032484930761718,-1.1000920729552548,0.2989090404155217,-0.9410129159547826,0.8394925325808494,15.42
0.05726024793034831,0.707959864573715,0.0,2.168602273861499,0.0007935556251748283,1.0337200080602542,0.39024370124485563,0.0,-0.8183638169190983,-0.5580783767807275,0.7681662070203666,1.5175702435028156,-0.1368180830718152,-0.03516130651582735,33.42
0.840624840668377,0.019698368728839642,0.0,0.14496075503406813,0.01268552898032278,0.25043007465182643,0.2770583550459484,0.0,-0.25990052819831716,-0.2744049487666415,1.1187923668708832,-0.5180258845444615,0.2637198161010567,0.23143551891892156,39.06
1.3232813750900796,0.8182313327177595,0.9614938023807262,0.10684814038006232,2.294209948199731,0.07380982672000011,0.4350016878662105,0.0,0.9919629004160653,0.08346183682186123,-0.289038329366434,0.5353749616556274,-1.8598275215665256,0.11939620824009227,27.68
1.4588814342535592,2.3554171745152357,0.0,0.7055713420387391,0.002030593416947046,0.12495105820497825,1.2213572750383201,0.0,-0.5963943650399735,-1.31112764257371,-0.30295160142214783,0.43185981989676725,-1.428759391428592,-0.7173927476128351,26.86
0.09037633181907731,0.7426206217297632,0.0,0.44126981949539423,0.4489879347714838,0.5996778317244266,0.15189591213771042,0.0,0.9161739539096866,0.5694913952045151,0.40627651387756336,0.639220460413087,0.06178326032331798,-0.7584867965275187,45.3
0.06289639116172857,0.019698368728839642,0.7088415843211342,0.4258027976073887,0.40485433309504554,0.03726860736462057,0.7056479623340544,0.0,-0.07871802821839077,-0.1749801403783965,0.7923703716760147,0.2958440278860099,-0.5671071178265533,0.9661916082689237,30.12
1.498503722410075,0.019698368728839642,2.4165398942042415,0.52591764337907,0.884234443489521,0.04702410892630924,3.693445019339952e-05,0.0,1.2878931876910429,0.0614923117288709,-0.8574079790809438,-0.27180311743401553,-1.0488058539502751,0.9278441900899997,15.57
1.717113600518828,1.0583716835949524,1.202016593199375,0.1614876400119227,0.6758377250770763,1.399491140033932,0.024642329076138062,0.0,1.073798459908533,0.16623197718321112,-0.8280295478005189,1.3528770545907007,-1.0527964250301083,-0.039861326808395714,44.61
0.033747859076258234,0.6764341028008617,0.8165559000463742,0.8116267658791968,3.151536051643274e-05,1.5305124139355752,2.1349168604064452,0.0,-0.7041911899418972,-0.5106234464948454,1.0291876220195477,1.4228870664424984,-0.9242362219401862,0.42475554375453795,53.52
0.167217146726181,1.0240019698368727,0.0,0.15586361803300475,0.058613218746320264,1.810140433028814,0.0002665802842389063,0.0,-0.16512850260178843,-0.08244982860830216,0.5892015401192395,1.4412598871764604,0.3690601870672076,-0.5823011753501957,57.22
0.7010906645890296,1.3734195136965222,0.0,0.18687042578908025,0.009165777430035806,3.7422379160921095,0.038618919109725376,0.0,-0.13797664566827159,0.275286245691253,1.1431977552512826,1.9522225948749483,0.23940139079823078,-0.6037457517014306,65.91
0.00012544021390855514,0.5840177285318561,0.7202743287014047,0.20557450519515402,0.3429340188776031,3.702447479975095,0.1607533569515585,0.0,0.9602532017748652,0.7270901145799499,0.1795487174069335,1.720786588498657,-0.05455635661101329,-0.06258597050512066,52.83
0.06465190781368964,0.2927379501385041,0.4083890620076327,0.30188394776661315,0.14661382157441513,3.204525133355074,0.36761985134718866,0.0,0.42958974849632153,0.2740685899528578,-0.14510878785847872,1.9668975256434131,0.26041115185227226,0.2451086078262841,33.4
1.1942942678237896,0.019698368728839642,1.6163156695050842,0.0004961541559779578,0.9162881170212418,0.3976798715567995,0.2970619288348059,0.0,0.6747593675463588,-0.3499786149781894,-0.5041911524367431,-0.42532619150047535,-1.2763055013729085,1.0119004897716284,18.03
1.3902547856846705,2.45994459833795,0.0,0.0069213884043053875,0.6214319114873214,0.3768261546157834,0.8712006365655508,0.0,0.2574667497356597,-0.7175007543362579,-0.27618302511118187,-0.05790444110851518,-1.7589674607578274,-0.9718736860298043,37.36
1.2882382134113441,1.389916897506925,1.5314847062034784,0.9799827094535096,0.7914974935321297,3.52602235668922,0.6146825031509705,0.0,0.06935149545047045,-0.21886709649988118,-0.17526763677258164,2.4151198998551937,-1.55124172464141,0.5072093414481295,35.31
0.03481247030612477,0.019698368728839642,0.8180843150607114,0.04107197156706559,0.00012719627303128648,1.5114362019233,0.279994457381281,0.0,0.41796589367136466,0.24886255635471308,0.09835680071992159,1.0880863055281267,0.6459315671376998,0.704529422109364,42.64
0.14162990308902493,0.019698368728839642,1.1434352109948702,1.6758404928474053,0.0031685432607439653,2.1546404640030947,0.20177320892768083,0.0,-0.5133384272323355,-0.2146366065155752,0.7090534022354358,1.5911219903626497,0.17347780435895732,1.2419459961903638,40.06
0.006901865269003792,0.49739612188365645,0.6300306754822653,0.06702734212911578,0.2861498106168187,0.8136029890186413,0.9135267834414137,0.0,0.03607217597704896,-0.06673300165262641,0.7710857862208103,0.9669749323817515,-0.8991132615018194,0.24420932046405475,43.8
0.2026185236744556,1.0554858725761775,0.0,0.1432049798609797,0.2345017083126928,1.430154996743999,0.046431546907899156,0.0,0.6173256845293221,0.49815566445134046,0.6224231458208832,1.0982147538953153,0.0970068446276991,-0.7756359487942757,61.24
0.5483648284007087,0.019698368728839642,1.432705794757944,0.2766852133420401,0.7038966495313966,4.97141453574273,0.0050543894583242495,0.0,0.4758689694798701,0.853456082297016,0.9541022581413819,2.026920633822782,0.21584240452058348,1.1649419607373028,40.87
1.974769875181277,1.7128839642967069,1.8498759189961484,0.022141864950837052,0.00811328739237241,1.9192597875003654,0.2131103456185858,0.0,0.3559534161036647,-0.45206128463065604,-0.7634612169198305,1.5730315472618939,-1.186072875324571,-0.044754929712403746,33.31
0.17675493157690272,0.8144270852570021,0.0,0.030465998717432233,0.17362707006199288,0.09079770987270576,0.6185921738367752,0.0,-0.08052680570258777,-0.16199911458653954,0.9700255297076031,0.42088817284869245,-0.5377390938638881,-0.4666338156215162,52.43
1.202687672026963,0.019698368728839642,2.8610449957091477,0.0016825784988456097,1.2304517085900228,2.5993084251001486,0.8326811166581518,0.0,1.4108537931957952,0.6588540579544074,-0.9865543468897361,1.6351791788979892,-0.29220358475073677,1.2471921304927118,15.09
0.11359897906599704,0.019698368728839642,0.9059563883674684,0.32553619632773295,0.47191075326914594,0.4001814348211883,0.016155903616170527,0.0,0.9428319690414478,0.5877961060099164,0.44222155462511725,0.2860403009568309,-0.0007232158817666753,0.5769861140731981,38.46
0.1680018590094535,0.019698368728839642,1.1688844999853518,0.00039605451853356484,0.8527514483974286,1.8066736223218205,0.007616990498735802,0.0,0.7648762770301784,0.7168163019848168,0.61621666795943,1.1286096722133454,-0.03240740802145758,0.9083501604731684,37.27
1.7728146698168952,1.019745644813789,1.1652317381558555,6.552635831312665,0.0015521888543727751,1.8590247010078664,2.1240187235886556,0.0,-1.4067920210417215,-1.4547944202702563,-0.18723041638479757,2.414593037630575,-1.4662765443269536,0.9601599174683859,35.23
0.008764609345798367,0.502357648507233,0.0,0.048002249019988626,0.026668854268955745,0.7342510900389256,0.5000435704134518,0.0,0.6050407079391401,0.25190919571532794,0.02435367310832932,0.8532609033983685,0.5203984995324539,-0.5921203441692797,42.14
0.035171014578245244,0.019698368728839642,0.8180843150607114,1.6758404928474053,0.7325262524253454,1.492479618967419,0.12573710452969195,0.0,-0.08690675884139962,0.09090925939033659,0.6487752572211762,1.492598335686247,-0.2506788099642134,1.240505442060641,31.88
0.01834128504339498,0.4078054786088027,0.5346415727454806,0.3957727971188695,0.0005065128876302584,3.3397550702122074,0.048602002805604234,0.0,0.06811382028263133,0.018937104128432105,0.06151778818322122,1.9685495603678949,0.1990101326668371,0.24098837729920491,41.54
1.2969549174850463,2.6051092643890423,0.0,0.4106893911816791,1.0851166612742775,0.9326885218058127,1.1059216623507044,0.0,0.5965617518955321,-0.5439714128065914,-0.18776178348035796,-0.5540151923919409,-2.0291273489413553,-1.1569842797077525,39.46
1.1651488064290842,2.82947811634349,0.0,0.0027777528775200983,1.2682121665180308,2.219451361902675,0.453643471478627,0.0,0.9740674187607229,0.32913333826316044,-0.6836010546154832,1.9820627137138387,-0.6627561176825658,-1.0204117660541454,37.92
0.0004572941515685079,0.45385041551246535,0.5826476663982354,0.013455571963328796,0.2345017083126928,1.8066736223218205,0.0029834316479049623,0.0,0.553016749446786,0.31753246679314123,0.30387374855324584,1.2843766027444832,-0.2947420145438536,0.061427459621363825,44.28
0.17434568679460768,0.019698368728839642,0.9548742433845496,0.4258027976073887,0.5441032793999049,4.068217664637426,0.25678579896993226,0.0,0.5161317470384273,0.7094040808073248,0.47983809593479915,1.9646093213718858,0.46642214851251307,1.0167485282538937,31.18
1.5553448404883612,0.7020675900277008,0.8427333119445741,0.24789611185173524,0.00012719627303128648,1.116570815565232,0.008282725706095999,0.0,0.20031063820746886,-0.49371482272719147,-0.8605107923085507,1.4526878933211085,-0.5265515690283828,0.17338862178446168,23.7
1.3122798714607045,1.3684895044629117,0.0,0.09207912827562564,0.7914974935321297,0.03850482718464531,0.04071842540841517,0.0,0.8518799156541257,-0.19110116667007454,-0.7238810322111315,0.22152115922502816,-0.8932845401455908,-0.8324599597630964,32.77
0.028876605722588402,0.3191258848876577,0.4380806137097183,0.7535976665836647,0.18798971196522474,2.0059324871036313,0.019393520165221383,0.0,0.001129974824999408,-0.045143062778452925,0.24056082682418858,1.701098227346199,-0.24332504203382296,0.4000496865146721,32.4
